{
	"hints_1": "We work hard to make P3DHack better!",
	"buy_premium": "Look on Premium",
	"premium_buy_title": "Buy Premium",
	"premium_buy_desc": "Settings below will only work if you have Premium",

	"Free_Crime_Spree_title":"Free Crime Spree",
	"Free_Crime_Spree_desc":"Do you want enabled Free Crime Spree?",

	"unlock_all_tiers":"Unlock all tiers",
	"set_killzone":"Slap Player",

	"reduce_damage_all":"Receive 50% Damage",

	"killall_func":"Kill all settings",

	"IgnoreCivilians_title":"Ignore civilians",
	"IgnoreCivilians_desc":"Do you want ignore civilians?",

	"IgnoreCameras_title":"Ignore cameras",
	"IgnoreCameras_desc":"Do you want ignore cameras?",

	"IgnoreEnemies_title":"Ignore enemies",
	"IgnoreEnemies_desc":"Do you want ignore enemies?",

	"NoBagBodies_title":"No Bag Bodies",
	"NoBagBodies_desc":"Do you want no bag bodies?",

	"hide_text_title":"Off all text",
	"hide_text_desc":"You can turn off the mention of P3DHack",

	"reboard":"Reboard",
	"reboard_help":"You can endlessly use the boards on the window",

	"mod_list_lite_title":"Mod list lite",
	"mod_list_lite_desc":"Corrects a problem with freezing game when you viewing list of BLT mods",

	"Delay_func_title" : "Cook Faster",
	"Delay_func_desc" : "Do you want to enable fast cook?",

	"change_aim_function" : "Aim settings",
	"AimMode_title" : "AimMode",
	"AimMode_desc" : "Select type",
	"aim_type_1" : "Only auto shoot",
	"aim_type_2" : "Only aim",
	"aim_type_3" : "Auto aim and shoot",
	"RightClick_title" : "RightClick",
	"RightClick_desc" : "Only let the AimBot shoot if the right mouse button is held",
	"AimbotInfAmmo_title" : "Infinite Ammo",
	"AimbotInfAmmo_desc" : "By popular demand",
	"AimbotDamageMul_title" : "Damage Multiplier",
	"AimbotDamageMul_desc" : "We need more settings",
	"MaxAimDist_title" : "Max Aim Distance",
	"MaxAimDist_desc" : "Max Aim Distance",

	"SafeSimulatorMenu_function" : "Safe Simulator",
	"ScamDetectionLevel_title" : "Scam Detection Level",
	"ScamDetectionLevel_desc" : "Your detection level risk is 3",

	"vrmenu" : "VR Menu",
	"I_Use_VR_title" : "VR compatibility",
	"I_Use_VR_desc" : "Activate this option if you are using VR",

	"ride_player" : "Piggyback (Facesitting)",
	"increase_ladder" : "Increase Ladder Height And Width",
	"WORLD" : "WORLD",
	"RIVALS" : "RIVALS",
	"only_for_you" : "Only For You",

	"menu_f11_text_bu16" : "Spawn Menu",

	"menu_f11_keybind_menu" : "Keyboard buttons",
	"menu_f11_text_keybind1" : "Keyboard",
	"menu_f11_text_keybind2" : "CustomAPI",
	"menu_f11_text_keybind3" : "Ammo And Health Refill",
	"menu_f11_text_keybind4" : "XRay Vision Toggle",
	"menu_f11_text_keybind5" : "Ammo Refill",
	"menu_f11_text_keybind6" : "Drive",
	"menu_f11_text_keybind7" : "Locator",
	"menu_f11_text_keybind8" : "Aimbot",
	"menu_f11_text_keybind9" : "Slow Motion",
	"menu_f11_text_keybind10" : "NoClip",

	"menu_f11_text_keybind_num" : "Numpad",
	"menu_f11_text_keybind11" : "Restart Job",
	"menu_f11_text_keybind12" : "Kill All",
	"menu_f11_text_keybind13" : "Public XRay",
	"menu_f11_text_keybind14" : "High Jump",
	"menu_f11_text_keybind15" : "Pager Answer",

	"menu_f11_text_keybind_mouse" : "Mouse",
	"menu_f11_text_keybind16" : "Teleport",

	"menu_f11_text_keybind_other" : "Other",
	"menu_f11_text_keybind17" : "Push Stack Up",
	"menu_f11_text_keybind18" : "Push Stack Down",
	"menu_f11_text_keybind19" : "Gage Pack",
	"menu_f11_text_keybind20" : "Revive Team",
	"menu_f11_text_keybind21" : "Push Stack",

	"troll_remove_body":"Remove Body",
	"troll_remove_right_leg":"Remove Right Leg",
	"troll_remove_left_leg":"Remove Left Leg",
	"troll_remove_legs":"Remove Legs",
	"troll_stop_it":"Stop It",
	"troll_cut_head":"Cut head",
	"troll_hide_doors":"Hide Doors",
	"troll_show_doors":"Show Doors",
	"troll_upgrade_cameras":"Upgrade Cameras",

	"jerry1":"Flying",
	"jerry2":"Descent With Parachute",
	"carry":"Carry",
	"mask_off":"Mask Off",
	"clean":"Clean",
	"civilian":"Civilian",
	"standard":"Standard",
	
	"teleport_all_to_me":"Teleport All To Me",

	"troll_activate_triggers":"Activate Triggers",
	"troll_enable_units":"Enable Units",
	"troll_disable_units":"Disable Units",
	"troll_end_mission":"End Mission",

	"troll_world":"Troll World",

	"turret_spawn":"Turret Spawn",
	"turret_friendly":"Friendly Turret",
	"turret_enemy":"Enemy Turret",

	"add_items_all_menu":"Full list",
	"del_items_all_menu":"Full list",
	"del_items_menu":"Dell Inventory Items Menu",

	"right_engine_menu":"Right Engine Menu",
	"right_engine":"Show Right Engine",
	"spawn_right_engine":"Spawn Right Engine",

	"save_and_reload_title":"Save and reload",
	"save_and_reload_desc":"This function will help you instantly apply changes to P3DHack Config",

	"P3DHack_Menu_title":"P3DHack Menu",
	"P3DHack_Menu_desc":"Fast and convenient functionality in one place",

	"hud_function":"HUD Functions",

	"hide_p3dhack_menu_title":"Hide P3DHack menu",
	"hide_p3dhack_menu_desc":"Hide P3DHack in main menu",

	"Hide_Functions":"Hide Functions",

	"hide_func_title":"Hider enable",
	"hide_func_desc":"Do you want to enable features below?",

	"hide_smoke_title":"Hide smoke",
	"hide_smoke_desc":"Do you want hide smoke in main menu?",

	"hide_logo_title":"Hide Payday logo",
	"hide_logo_desc":"Do you want hide Payday logo in main menu?",

	"hide_pattern_title":"Hide Pattern",
	"hide_pattern_desc":"Do you want hide pattern in main menu?",

	"hide_particles_title":"Hide Particles",
	"hide_particles_desc":"Do you want hide particles in main menu?",

	"Skip_Functions":"Skip Functions",
	"Skip_Press_title":"Skip Press enter",
	"Skip_Press_desc":"Skip press enter to skip",

	"global_unavailable":"Unavailable",

	"helicopter":"Helicopter Mod",
	"autoshoot":"Autoshoot",
	"troll_activate_elements":"Activate Elements",
	"troll_open_doors":"Open All Doors",
	"troll_close_doors":"Close All Doors",
	"troll_open_vault":"Open Vault",
	"troll_close_vault":"Close Vault",
	"troll_remove_head":"Remove Head of Enemies",
	"troll_invisible_spooks":"Make Spooks Invisible",
	"troll_launch_cars":"Launch Players' Cars to Air",
	"troll_close_van_doors":"Close Van Doors",
	"troll_open_van_doors":"Open Van Doors",
	"rofl_drills":"Rofl Drill",

	"main_menu_f6_text3_25":"Secure Loot Menu x25",
	"main_menu_f6_text3_50":"Secure Loot Menu x50",

	"Speed_hack":"Speed hack",
	"Speed_hack_title":"Speed hack",
	"Speed_hack_desc":"Do you want enabled speed hack?",

	"melee_info":"Melee weapon",

	"melee_range":"Long Melee Range",
	"melee_range_title":"Long Melee Range",
	"melee_range_desc":"Do you want enabled Long Melee Range?",

	"melee_charge":"Very Fast Melee Charge Time",
	"melee_charge_title":"Very Fast Melee Charge Time",
	"melee_charge_desc":"Do you want enabled Very Fast Melee Charge Time?",

	"melee_no_delay":"Very Fast Meleeing",
	"melee_no_delay_title":"Very Fast Meleeing",
	"melee_no_delay_desc":"Do you want enabled Very Fast Meleeing?",

	"keyboard_aim":"Aim",

	"thank_for_support":"Thank for support",
	"open_pm":"Write pm",
	"open_PD2Stats":"Open PD2Stats",
	"open_site":"Open site",
	"open_crashlog":"Open Crashlog",

	"hider_text":"Hide mods",

	"hider_title":"Hide mods",
	"hider_desc":"Do you want hide your mods?",

	"hider_type_title":"What to hide?",
	"hider_type_desc":"Choose what you want to hide",

	"Only_P3D":"Only P3DHack",
	"All":"All mods",

	"Crosshair_title":"Crosshair",
	"Crosshair_desc":"Do you want enabled crosshair?",

	"specific_weapons_unlocker_title":"Specific weapons unlocker",
	"specific_weapons_unlocker_desc":"Opens access to special weapons",

	"NewMenu_function":"Auto Cheats",

	"Auto_Cheats_title":"Auto On Cheats",
	"Auto_Cheats_desc":"It must be enabled",

	"Dodge_Chance_Buff_title":"Dodge Chance",
	"Dodge_Chance_Buff_desc":"Do you want enable Dodge Chance?",

	"Dodge_Chance_Buff_Amount_title":"Dodge Chance Amount",
	"Dodge_Chance_Buff_Amount_desc":"0.1 = 10%, 1 = 100%",

	"Melee_Buff_title":"Melee Damage Buff",
	"Melee_Buff_desc":"Do you want enable Melee Damage Buff?",

	"Melee_Buff_Amount_title":"Multiplier Amount",
	"Melee_Buff_Amount_desc":"Select the desired value",

	"Unlimited_BodyBags_title":"Unlimited BodyBags",
	"Unlimited_BodyBags_desc":"Do you want enable Unlimited BodyBags?",

	"Jump_Mask_Off_title":"Jump With Mask Off",
	"Jump_Mask_Off_desc":"Do you want enable Jump With Mask Off?",

	"Fast_Mask_title":"Fast Mask",
	"Fast_Mask_desc":"Do you want enable Fast Mask?",

	"Infinite_Hostage_Follow_title":"Infinite Amount Of Following Hostages",
	"Infinite_Hostage_Follow_desc":"Do you want enabled Infinite Amount Of Following Hostages?",

	"Interaction_CoolDown_title":"No Interaction Cooldown",
	"Interaction_CoolDown_desc":"Do you want enabled No Interaction Cooldown?",

	"Sixth_Sense_Reset_title":"6th Sense",
	"Sixth_Sense_Reset_desc":"Only Resets When Moving",

	"Bag_CoolDown_title":"No Bag CoolDown",
	"Bag_CoolDown_desc":"Do you want enabled No Bag CoolDown?",

	"Camera_Bag_Explosion_Multiplier_title":"Explosive Bag Camera Effect Multiplier",
	"Camera_Bag_Explosion_Multiplier_desc":"Do you want enabled Explosive Bag Camera Effect Multiplier?",

	"Camera_Bag_Explosion_Multiplier_Amount_title":"Multiplier Amount",
	"Camera_Bag_Explosion_Multiplier_Amount_desc":"Default 4",

	"Explosion_Buff_title":"All Explosions Damage Buff",
	"Explosion_Buff_desc":"Do you want enabled All Explosions Damage Buff?",

	"Explosion_Buff_Amount_title":"All Explosions Damage Buff Amount",
	"Explosion_Buff_Amount_desc":"Select the desired value",

	"Lowered_Headbob_title":"Lowered Head-bob",
	"Lowered_Headbob_desc":"Do you want enabled Lowered Head-bob?",

	"grenade_buff_func":"Grenade Buff",

	"Grenade_Buff_title":"Grenade Buff",
	"Grenade_Buff_desc":"Do you want enabled Grenade Buff?",

	"Grenade_Buff_Damage_Amount_title":"Grenade Damage Buff",
	"Grenade_Buff_Damage_Amount_desc":"Default 30",

	"Grenade_Buff_Player_Damage_Amount_title":"Grenade Player Damage Buff",
	"Grenade_Buff_Player_Damage_Amount_desc":"Default 10",

	"Grenade_Buff_Range_Amount_title":"Grenade Range Damage Buff",
	"Grenade_Buff_Range_Amount_desc":"Default 1000",

	"molotov_func":"Molotov Buff",

	"Molotov_Buff_title":"Molotov Buff",
	"Molotov_Buff_desc":"Do you want enabled Molotov Buff?",

	"Molotov_Buff_Damage_Amount_title":"Molotov Damage Buff",
	"Molotov_Buff_Damage_Amount_desc":"Default 3",

	"Molotov_Buff_Player_Damage_Amount_title":"Molotov Player Damage Buff",
	"Molotov_Buff_Player_Damage_Amount_desc":"Default 2",

	"Molotov_Buff_Range_Amount_title":"Molotov Range Damage Buff",
	"Molotov_Buff_Range_Amount_desc":"Default 75",

	"Molotov_Buff_Burn_Duration_Amount_title":"Molotov Burn Duration Buff ",
	"Molotov_Buff_Burn_Duration_Amount_desc":"Default 20",

	"Incendiary_Grenade_Buff_func":"Incendiary Grenade Buff",

	"Incendiary_Grenade_Buff_title":"Incendiary Grenade Buff",
	"Incendiary_Grenade_Buff_desc":"Do you want enabled Incendiary Grenade Buff?",

	"Incendiary_Grenade_Buff_Damage_Amount_title":"Incendiary Grenade Damage Buff",
	"Incendiary_Grenade_Buff_Damage_Amount_desc":"Default 3",

	"Incendiary_Grenade_Buff_Player_Damage_Amount_title":"Incendiary Grenade Player Damage Buff",
	"Incendiary_Grenade_Buff_Player_Damage_Amount_desc":"Default 2",

	"Incendiary_Grenade_Buff_Range_Amount_title":"Incendiary Grenade Range Damage Buff",
	"Incendiary_Grenade_Buff_Range_Amount_desc":"Default 75",

	"Incendiary_Grenade_Buff_Burn_Duration_Amount_title":"Incendiary Grenade Burn Duration Buff",
	"Incendiary_Grenade_Buff_Burn_Duration_Amount_desc":"Incendiary Grenade Burn Duration Buff Default 6",

	"Incendiary_Grenade_Buff_Time_Amount_title":"Incendiary Grenade Launcher Explosion Timer",
	"Incendiary_Grenade_Buff_Time_Amount_desc":"Incendiary Grenade Launcher Explosion Timer Before Impact Buff Amount Default 2.5",

	"RPG7_Buff_func":"RPG7 Buff",

	"RPG7_Buff_title":"RPG7 Buff",
	"RPG7_Buff_desc":"Do you want enabled RPG7 Buff?",

	"RPG7_Buff_Damage_Amount_title":"RPG7 Damage Buff",
	"RPG7_Buff_Damage_Amount_desc":"Default 1000",

	"RPG7_Buff_Player_Damage_Amount_title":"RPG7 Player Damage Buff",
	"RPG7_Buff_Player_Damage_Amount_desc":"Default 40",

	"RPG7_Buff_Range_Amount_title":"RPG7 Range Damage Buff",
	"RPG7_Buff_Range_Amount_desc":"Default 500",

	"RPG7_Buff_Time_Amount_title":"RPG7 Launcher Explosion Timer",
	"RPG7_Buff_Time_Amount_desc":"RPG7 Launcher Explosion Timer Before Impact Buff Amount Default 2.5",

	"GL40_Buff_func":"GL40 Buff",

	"GL40_Buff_title":"GL40 Buff",
	"GL40_Buff_desc":"Do you want enabled GL40 Buff?",

	"GL40_Buff_Damage_Amount_title":"GL40 Damage Buff",
	"GL40_Buff_Damage_Amount_desc":"Default 34",

	"GL40_Buff_Player_Damage_Amount_title":"GL40 Player Damage Buff",
	"GL40_Buff_Player_Damage_Amount_desc":"Default 8",

	"GL40_Buff_Range_Amount_title":"GL40 Range Damage Buff",
	"GL40_Buff_Range_Amount_desc":"Default 350",

	"GL40_Buff_Time_Amount_title":"GL40 Launcher Explosion Timer",
	"GL40_Buff_Time_Amount_desc":"GL40 Launcher Explosion Timer Before Impact Buff Amount Default 2.5",

	"Dynamite_Buff_func":"Dynamite Buff",

	"Dynamite_Buff_title":"Dynamite Buff",
	"Dynamite_Buff_desc":"Do you want enabled Dynamite Buff?",

	"Dynamite_Buff_Damage_Amount_title":"Dynamite Damage Buff",
	"Dynamite_Buff_Damage_Amount_desc":"Default 30",

	"Dynamite_Buff_Player_Damage_Amount_title":"Dynamite Player Damage Buff",
	"Dynamite_Buff_Player_Damage_Amount_desc":"Default 10",

	"Dynamite_Buff_Range_Amount_title":"Dynamite Range Damage Buff",
	"Dynamite_Buff_Range_Amount_desc":"Default 1000",

	"Toggle_Interact_title":"Interact Toggle",
	"Toggle_Interact_desc":"Do you want enabled Interact Toggle?",

	"Grenade_Restrict_title":"Restrict Grenades In Stealth",
	"Grenade_Restrict_desc":"Do you want enabled Restrict Grenades Being Thrown While In Stealth?",

	"Pager_Mod_title":"Increase Pager Count",
	"Pager_Mod_desc":"Increase Pager Count On Available Maps (Host only)",

	"Zipline_Drop_title":"Drop Bags That u're Carrying While On Zip-line",
	"Zipline_Drop_desc":"Do you want enabled Drop Bags That You Are Carrying While On Zip-line?",

	"Classic_Open_Door_title":"Classic Option Of Open All Doors",
	"Classic_Open_Door_desc":"Classic Option Of Open All Doors May Not Work Everywhere But Is More Limited To Specific Doors",

	"New_Open_Door_title":"New Option Of Open All Doors",
	"New_Open_Door_desc":"New Option Of Open All Doors, Opens All Pick Locakable Doors, Safes, Deposit Boxes ETC. Which Classic Option Does Not Do",

	"Anti_Cheat_Disable_title":"Disable Anti-Cheat",
	"Anti_Cheat_Disable_desc":"Allows you to spawn bags and much more",

	"Secure_BodyBags_title":"Secure Body Bags For Cash",
	"Secure_BodyBags_desc":"Do you want enabled Secure Body Bags For Cash?",

	"Secure_BodyBags_Loot_Value_title":"Cash Value Amount",
	"Secure_BodyBags_Loot_Value_desc":"Secure Body Bags For Cash Value Amount",

	"No_Job_Heat_title":"Disable Repeated Job Penalties",
	"No_Job_Heat_desc":"Do you want Disable Repeated Job Penalties?",

	"Job_Heat_Amount_title":"Set Job Heat Bonus Amount",
	"Job_Heat_Amount_desc":"Default 1.15 = 15%",

	"XP_Multiplier_title":"XP Multiplier",
	"XP_Multiplier_desc":"Do you want enabled XP Multiplier?",

	"XP_Multiplier_Amount_title":"XP Multiplier Amount",
	"XP_Multiplier_Amount_desc":"Select the desired value",

	"othermenu_function":"Other",

	"Rats_Message_title":"Meth Helper",
	"Rats_Message_desc":"Display Correct Chemical In Chat Message",

	"Delay_title":"Delay between ingredients",
	"Delay_desc":"Time for next thing",

	"CookMeth_function":"Cook Meth functions",

	"troll_alarm":"Police Hotline",

	"alarm_crim":"Report a Criminal",
	"alarm_gun":"Report Shots Fired",
	"alarm_exp":"Report Explosion",
	"alarm_mon":"Report a MONSTER!",

	"delete_units":"Delete all synchronized units from map",
	"mute_ply":"Mute him",
	"kick_all":"Kick all",
	"crash_game":"Crash him game",

	"Bullet_Penetration_func":"Bullet Penetration On All Guns",

	"Bullet_Penetration_title":"Bullet penetration on all guns",
	"Bullet_Penetration_desc":"Do you want bullet penetration on all guns?",

	"Bullet_Penetration_Shield_title":"Shoot through shields",
	"Bullet_Penetration_Shield_desc":"Do you want shoot through shields?",

	"Bullet_Penetration_Enemy_title":"Shoot through enemies",
	"Bullet_Penetration_Enemy_desc":"Do you want shoot through enemies?",

	"Bullet_Penetration_Wall_title":"Shoot through walls",
	"Bullet_Penetration_Wall_desc":"Do you want shoot through walls?",

	"Skip_End_Screen_title":"Allows You To Skip End Screen",
	"Skip_End_Screen_desc":"Do you want allows skip end screen?",

	"other_menus":"Other Menus",

	"Bag_mod_toggle":"Bag mod",

	"Disable_Pagers_title":"Disable Pagers",
	"Disable_Pagers_desc":"Do you want disable pagers?",

	"change_statistic":"Statistic changer",

	"p3dtext_language_title" : "Language",
	"p3dtext_language_desc" : "Select language in which the information will be presented to you\n(Requires restart to take affect)",

	"p3d_menu_title":"P3DHack Config",
	"p3d_menu_desc":"Here you can customize the configuration file",

	"dlc_title":"DLC Unlocker [Cheater tag]",
	"dlc_desc":"Do you want unlock all DLC? Recommended restart!",

	"skin_title":"Skin Unlocker",
	"skin_desc":"Do you want unlock all Weapon Skins? Recommended restart!",

	"skin_armor_title":"Armor Skin Unlocker",
	"skin_armor_desc":"Do you want to unlock all the skins for armor?",

	"noclip_title":"NoClip MOD",

	"rave_title":"Rave hostage",
	"rave_desc":"Would you like run fast hostage? Recommended restart!",

	"antistop_title":"Anti-SlowMo",
	"antistop_desc":"Enable if you do not want to suffer having a tag",

	"antistop_info_title":"Who did this?",
	"antistop_info_desc":"Enable if you want to know who tried to slow you down. Spam is possible",

	"slow_attention":"Attention!",
	"slow_you":"tried to slow you down with speed",

	"change_statistic_total_kills_title":"Number of total kills",
	"change_statistic_total_kills_desc":"Select the required quantity",

	"change_statistic_specials_kills_title":"Number of specials kills",
	"change_statistic_specials_kills_desc":"Select the required quantity",

	"change_statistic_head_shots_Amount_title":"Number of head shots",
	"change_statistic_head_shots_Amount_desc":"Select the required quantity",

	"change_statistic_accuracy_Amount_title":"Percent of accuracy",
	"change_statistic_accuracy_Amount_desc":"Select the required quantity",

	"change_statistic_downs_Amount_title":"Number of downs",
	"change_statistic_downs_Amount_desc":"Select the required quantity",

	"Language_text":"Localization",
	"fast_function":"Fast choose",
	"antistopthecheater_function":"Anti Stop The Cheater",
	"Main_function":"Main functions",
	"Free_function":"Free purchase",
	"locator_function":"Locator",
	"Keyboard_Auto_Config":"Auto Run Key Binds",
	"Auto_func":"Automatic enabled",
	"Player_Menu_Config_func":"F1",
	"Weapon_Menu_Config_func":"F2",
	"Stealth_Menu_Config_func":"F3",
	"change_statistic_function":"Change statistic",

	"text_in_game_title":"Text on main menu",
	"text_in_game_desc":"Would you like to remove text from the main menu?",

	"Favors_title":"Planning points",
	"Favors_desc":"Do you want to turn the endless planning glasses?",

	"Free_Assets_title":"Free assets purchase",
	"Free_Assets_desc":"Do you want enabled free asset purchases?",

	"Free_Casino_title":"Free casino purchases",
	"Free_Casino_desc":"Do you want enabled free purchases at the casino?",

	"Free_Contracts_title":"Free contract purchases",
	"Free_Contracts_desc":"Do you want enabled free contract purchases?",

	"Free_Masks_title":"Free mask purchases",
	"Free_Masks_desc":"Do you want enabled free mask purchases?",

	"Free_PrePlanning_title":"Free PrePlanning purchases",
	"Free_PrePlanning_desc":"Do you want enabled free PrePlanning purchases?",

	"Free_Slots_title":"Free Weapon and Mask Slot",
	"Free_Slots_desc":"Do you want enabled free Weapon and Mask Slot purchases?",

	"Free_Weapons_title":"Free Weapon purchases",
	"Free_Weapons_desc":"Do you want enabled free Weapon purchases?",

	"Free_Weapon_Mods_title":"Free Weapon Mod purchases",
	"Free_Weapon_Mods_desc":"Do you want enabled free Weapon Mod purchases?",

	"Jumper_title":"High jump",
	"Jumper_desc":"Do you want jump high?",

	"Jumper_set_title":"Jump height",
	"Jumper_set_desc":"How much you want jump high?",

	"No_FlashBang_title":"No FlashBangs",
	"No_FlashBang_desc":"Do you want enabled No FlashBangs?",

	"No_Recoil_title":"No Recoil",
	"No_Recoil_desc":"Do you want enabled No Recoil?",

	"No_Spread_title":"No Spread",
	"No_Spread_desc":"Do you want enabled No Spread?",

	"Infinite_Stamina_title":"Infinite Stamina",
	"Infinite_Stamina_desc":"Do you want enabled Infinite Stamina?",

	"Dropin_Pause_Remove_title":"Drop in Pause Remove",
	"Dropin_Pause_Remove_desc":"Do you want enabled Drop in Pause Remove?",

	"Auto_Pick_Card_title":"Auto Pick Card",
	"Auto_Pick_Card_desc":"Do you want enabled Auto Pick Card?",

	"X_Ray_title":"X-Ray",
	"X_Ray_desc":"Default it X",

	"Full_Replenish_title":"Full Replenish",
	"Full_Replenish_desc":"Default it Z",

	"Ammo_Replenish_title":"Ammo Replenish",
	"Ammo_Replenish_desc":"Default it C",

	"Vehicle_Spawn_title":"Vehicle Spawn",
	"Vehicle_Spawn_desc":"Default it V",

	"Grenade_Spawn_title":"Grenade Spawn",
	"Grenade_Spawn_desc":"Default it B",

	"Grenade_Spawn_Type_title":"Grenade Spawn Type",
	"Grenade_Spawn_Type_desc":"Set Grenade Type",

	"Hud_Toggle_title":"Disable HUD",
	"Hud_Toggle_desc":"Default it F10",

	"Gage_Package_title":"Spawn Gage Packages",
	"Gage_Package_desc":"Default it \\",

	"Restart_Job_title":"Restart Job",
	"Restart_Job":"Default it Num /",

	"Ultimate_Kill_title":"Kill all",
	"Ultimate_Kill_desc":"Default it Num *",

	"Player_Menu_Config_title":"Activator functions",
	"Player_Menu_Config_desc":"It must be enabled",

	"God_Mode_title":"God Mode",
	"God_Mode_desc":"Activate God Mode?",

	"Friendly_Fire_title":"Friendly Fire",
	"Friendly_Fire_desc":"Activate Friendly Fire?",

	"Auto_Drill_Service_title":"Auto Drill Service",
	"Auto_Drill_Service_desc":"Automatically recovers drill in case of damage",

	"Carry_Mod_title":"Carry Mod",
	"Carry_Mod_desc":"Removes Weight Of All Bags And Explosive Property Of Ammo Bag",

	"Cloakers_Cuff_Self_title":"Cloakers Cuffs Player",
	"Cloakers_Cuff_Self_desc":"Cloakers Will Only Cuff You Instead Of Downing You",

	"Infinite_Ammo_Bag_title":"Infinite Ammo Bag Uses",
	"Infinite_Ammo_Bag_desc":"It allows infinite use a bag of ammunition",

	"Infinite_Specials_title":"Infinite Specials",
	"Infinite_Specials_desc":"Infinite Specials Such As Cable-Ties, Planks, Etc.",

	"Infinite_Converts_title":"Infinite Converts",
	"Infinite_Converts_desc":"It allows an unlimited number of enemies to converts",

	"Carry_Stacker_title":"Carry Stacker",
	"Carry_Stacker_desc":"Will Mark You As Cheater If Not Host",

	"Infinite_Doc_Bag_Use_title":"Infinite Doctor Bag Uses",
	"Infinite_Doc_Bag_Use_desc":"It allows infinite use doctor bag",

	"Infinite_ECM_Battery_title":"Infinite ECM Battery",
	"Infinite_ECM_Battery_desc":"It allows infinite use ECM",

	"Infinite_Messiah_Charge_title":"Infinite Messiah Charges",
	"Infinite_Messiah_Charge_desc":"Infinite Messiah Charges",

	"Infinite_Pager_Answers_title":"Infinite Pager Answers",
	"Infinite_Pager_Answers_desc":"Infinite Pager Answers",

	"Instant_Dominate_title":"Instant Dominate",
	"Instant_Dominate_desc":"Well, everything is clear, so I do not know what to write",

	"Instant_Drill_title":"Instant Drill/Computer",
	"Instant_Drill_desc":"Can Be Activated After Drill(s) Has Been Placed Or Computer Has Been Activated",

	"Interact_Distance_Increase_title":"Interact Distance Increase",
	"Interact_Distance_Increase_desc":"Interact Distance Increase",

	"Interact_Distance_Amount_title":"Interact Distance Amount",
	"Interact_Distance_Amount_desc":"You can increase or decrease",

	"Instant_Interact_title":"Instant Interact",
	"Instant_Interact_desc":"Includes Instant Pager Answers",

	"Instant_Interact_With_Anything_title":"Interact With Anything",
	"Instant_Interact_With_Anything_desc":"For example to board up windows, or add ingredients to Cook OFF",

	"Interact_Thru_Wall_title":"Interact Thru Wall",
	"Interact_Thru_Wall_desc":"Interact Thru Wall",

	"No_Hit_Disorientation_title":"No Hit Disorientation",
	"No_Hit_Disorientation_desc":"No Hit Disorientation",

	"Small_Loot_Multiplier_title":"Small Loot Multiplier",
	"Small_Loot_Multiplier_desc":"Muliplied by 3x, Loot Capped at $2,800,000",

	"Small_Loot_Multiplier_Amount_title":"Small Loot Multiplier",
	"Small_Loot_Multiplier_Amount_desc":"You can increase or decrease",

	"Zipline_Transport_title":"Zipline Transport",
	"Zipline_Transport_desc":"Allows You To Transport Bags On All Ziplines",

	"Weapon_Menu_Config_title":"Activator functions",
	"Weapon_Menu_Config_desc":"It must be enabled",

	"Sentry_Infinite_Ammo_title":"Sentry Gun Infinite Ammo",
	"Sentry_Infinite_Ammo_desc":"The turret shoots on a single charge and has infinite ammo",

	"Sentry_God_Mode_title":"Sentry Gun God Mode",
	"Sentry_God_Mode_desc":"Sentry Gun God Mode",

	"Bullet_Explode_title":"Bullet Explode",
	"Bullet_Explode_desc":"Explosive Bullets, Best Used With Bullet Penetration",

	"Bullet_Fire_title":"Bullet Fire",
	"Bullet_Fire_desc":"Allows All Guns To Have Fire Ammo",

	"Weapon_Damage_Multiplier_title":"Damage Buff",
	"Weapon_Damage_Multiplier_desc":"Damage Buff",

	"Weapon_Damage_Multiplier_Amount_title":"Weapon Damage Multiplier Amount",
	"Weapon_Damage_Multiplier_Amount_desc":"You can increase or decrease",

	"Weapon_Fire_Rate_Multiplier_title":"Fire Rate Buff",
	"Weapon_Fire_Rate_Multiplier_desc":"It's really fast",

	"Infinite_Ammo_title":"Infinite Ammo",
	"Infinite_Ammo_desc":"Shoot as much as necessary",

	"Stealth_Menu_Config_title":"Activator functions",
	"Stealth_Menu_Config_desc":"It must be enabled",

	"Cops_Dont_Shoot_title":"Cops Dont Shoot",
	"Disable_Cameras_title":"Disable Cameras",
	"Free_Civ_Kills_title":"Free Civilian Kills",
	"Free_Civ_Kills_desc":"Have fun, today is your day",
	"No_Pager_Dominate_title":"No Pager On Dominate",
	"No_Panic_title":"No Panic Button/Intel Burn",
	"Dont_Call_Police_title":"People Dont Call Police",
	"Lobotimize_AI_title":"Lobotimize AI",
	"Random_Pagers_title":"Random Pagers",

	"waypoints_showDistance" : "Show Distance",
	"waypoints_showDistance_desc" : "Shows the distance to the waypoint for each waypoint.",
	"waypoints_showGagePickups" : "Show Gage Pickups",
	"waypoints_showGagePickups_desc" : "Shows Gage pickups on the map.",
	"waypoints_showPlanks" : "Show Planks",
	"waypoints_showPlanks_desc" : "Show planks on the map.",
	"waypoints_showSmallLoot" : "Show Small Loot",
	"waypoints_showSmallLoot_desc" : "Shows grabbables, like loose money or jewelry.",
	"waypoints_showCrates" : "Show Crates",
	"waypoints_showCrates_desc" : "Shows openable crates, like the ones in Election Day.",
	"waypoints_showDoors" : "Show Doors",
	"waypoints_showDoors_desc" : "Shows a lock symbol on doors that require a keycard or ECM to open.",
	"waypoints_showCameraComputers" : "Show Camera Computers",
	"waypoints_showCameraComputers_desc" : "Shows where the computers to view cameras are on the map.",
	"waypoints_showDrills" : "Show Drill Locations",
	"waypoints_showDrills_desc" : "Shows where you can place a small drill.",
	"waypoints_showThermite" : "Show Thermite",
	"waypoints_showThermite_desc" : "Shows thermite pickup locations and where to use it.",
	"waypoints_showSewerManhole" : "Show Sewer Manhole Covers",
	"waypoints_showSewerManhole_desc" : "Shows where sewer manhole covers are.",
	"waypoints_showHUDMessages" : "Show HUD Messages",
	"waypoints_showHUDMessages_desc" : "Displays various information on your HUD about the waypoints.",
	"waypoints_makeNoise" : "Make Noise",
	"waypoints_makeNoise_desc" : "Makes a noise when the script is run.",
	"waypoints_iterativeToggle" : "Iterative Toggle",
	"waypoints_iterativeToggle_desc" : "On means that every time you run the script, it will find the next available waypoint to show.\nOff means it will show all waypoints at once.",
	"waypoints_sheaterNewb" : "Sheater Newb",
	"waypoints_sheaterNewb_desc" : "Enabling this will show a lot of things to other people, like the goats and voting machines.",

	"main_menu_p3dhack" : "Main Menu",
	"main_menu_help_p3dhack" : "Opens the Main Menu",
	"previous_menu_p3dhack" : "Previous Menu",
	"previous_menu_help_p3dhack" : "Opens the Previously Opened Menu",
	"next_menu_p3dhack" : "Next Page",
	"next_menu_help_p3dhack" : "Opens the Next Page of the Current Open Menu",
	"prew_menu_p3dhack" : "Previous Page",
	"prew_menu_help_p3dhack" : "Opens the Previous Page of the Current Open Menu",
	"close_menu_p3dhack" : "Close Menu",
	"close_menu_help_p3dhack" : "Closes the Menu",

	"global_host" : "HOST ONLY",
	"global_host_" : "Not Available (Host Only)",
	"global_on" : "Enabled",
	"global_off" : "Disabled",
	"global_p3dhack" : "P3DHack",
	"global_premium" : "ONLY Premium",

	"keyboard_health_and_ammo" : "HEALTH AND AMMO RESTORED",
	"keyboard_locator_1" : "[1/8] PACKAGE : ",
	"keyboard_locator_2" : "[2/8] KEYCARD/SECURITY DOOR",
	"keyboard_locator_3" : "[3/8] WEAPON/COKE",
	"keyboard_locator_4" : "[4/8] PLANK/DRILL",
	"keyboard_locator_5" : "[5/8] CRATE/CROWBAR",
	"keyboard_locator_6" : "[6/8] PAINTING",
	"keyboard_locator_6_1" : "[6/8] INTEL",
	"keyboard_locator_6_2" : "[6/8] CHEMICAL",
	"keyboard_locator_6_3" : "[6/8] SAFE",
	"keyboard_locator_6_4" : "[6/8] COMPUTER/TRUCK",
	"keyboard_locator_6_5" : "[6/8] KEYBOARD/SERVER",
	"keyboard_locator_6_6" : "[6/8] SECURITY BOX",
	"keyboard_locator_6_7" : "[6/8] INTEL",
	"keyboard_locator_6_8" : "[6/8] MANHOLE/ITEM",
	"keyboard_locator_6_9" : "[6/8] ENGINE/SERVER ROOM",
	"keyboard_locator_6_10" : "[6/8] TURRET",
	"keyboard_locator_6_11" : "[6/8] KEYBOARD",
	"keyboard_locator_6_12" : "[6/8] POWER/TIARA",
	"keyboard_locator_6_13" : "[6/8] BOX/PATH/SECURITY",
	"keyboard_locator_6_14" : "[6/8] WAYPOINTS",
	"keyboard_locator_7" : "[7/8] MONEY",
	"keyboard_locator_8" : "[8/8] ALL",
	"keyboard_ammo" : "AMMO REPLENISHED",
	"keyboard_reviveteam" : "TEAM-MATE(S) REVIVED",
	"keyboard_slowmo_on" : "Slow Motion Enabled",
	"keyboard_slowmo_off" : "Slow Motion Disabled",

	"mouse_teleport" : "Teleported",

	"num_jump" : "High jump",
	"num_kill" : "All dead",
	"num_pg_answer" : "PAGERS ANSWERED",
	"num_x_on" : "PUBLIC XRAY Enabled",
	"num_x_off" : "PUBLIC XRAY Disabled",

	"main_menu_f1" : "Player Menu - Select Toggle",
	"fast_f1" : "QUICK PLAYER TOGGLES",
	"godmode" : "God Mode",
	"godmode_help" : "Become Invincible",
	"friendfire" : "Friendly Fire",
	"friendfire_help" : "Enable Friendly Fire",
	"modif_f1" : "PLAYER TOGGLES",
	"drillservice" : "Auto Drill Service",
	"drillservice_help" : "Auto Restores Drill(s) When Jammed",
	"carrymod" : "Carry Mod",
	"carrymod_help" : "Removes Weight Of All Bags And Explosive Property Of Ammo Bag",
	"carrycross" : "Carry Crosshair Mod",
	"carrycross_help" : "Spawns Carrying Bag On Crosshair, Enable This First If You Want To Use With CarryStacker",
	"spooccuffselfon" : "Cloakers Cuffs Player",
	"spooccuffselfon_help" : "Cloakers Will Only Cuff You Instead Of Downing You",
	"infammobag" : "Infinite Ammo Bag Uses",
	"infammobag_full_" : "Infinite Ammo Bag Uses",
	"InfiniteSpecial_" : "Infinite Specials",
	"InfiniteSpecial_help" : "Infinite Specials Such As Cable-Ties, Planks, Etc.",
	"inf_converts" : "Infinite Converts",
	"carrystack" : "Carry Stacker",
	"carrystack_help" : "Will Mark You As Cheater If Not Host",
	"carrylimit" : "Carry Stacker Weight Limit",
	"carrylimit_help" : "Weight Modifier For CarryStacker, The More Bags You Carry The Heavier Your Weight",
	"infdocbag" : "Infinite Doctor Bag Uses",
	"infdocbag_full" : "Infinite Doctor Bag Uses",
	"inf_ecm" : "Infinite ECM Battery",
	"infmessiah" : "Infinite Messiah Charges",
	"inf_pager_answers" : "Infinite Pager Answers",
	"instantdom" : "Instant Dominate",
	"instantdrill" : "Instant Drill/Computer",
	"instantdrill_help" : "Can Be Activated After Drill(s) Has Been Placed Or Computer Has Been Activated",
	"intdist" : "Interact Distance Increase",
	"intdist_full" : "Interact Distance Increase",
	"instantinteract" : "Instant Interact",
	"instantinteract_help" : "Includes Instant Pager Answers",
	"interactanyhting" : "Interact With Anything",
	"interactwall" : "Interact Thru Wall",
	"nohitdis" : "No Hit Disorientation",
	"smlootmulti" : "Small Loot Multiplier",
	"smlootmulti_help" : "Muliplied by 3x, Loot Capped at $2,800,000",
	"ZiplineBag" : "Zipline Transport",
	"ZiplineBag_help" : "Allows You To Transport Bags On All Ziplines",

	"main_menu_f2" : "WEAPON MENUS",
	"br_f2" : "ARMOR",
	"fsentry" : "SENTRY",
	"mask_f2" : "MASK",
	"sl_f2" : "Slot ",
	"ec_f2" : "Equipped",
	"laser_menu_text_f2" : "Choose Your Laser Color",
	"flash_menu_text_f2" : "Choose Your Flash-Light Color",
	"armor_menu_text_f2" : "Choose Your Armor",
	"equipment_menu_text_f2" : "Choose Your Equipment",
	"grenade_menu_text_f2" : "Choose Your Grenade",
	"mask_menu_text_f2" : "Choose Your Mask",
	"melee_menu_text_f2" : "Choose Your Melee Weapon",
	"primary_wep_menu_text_f2" : "Choose Your Primary Weapon",
	"secondary_wep_menu_text_f2" : "Choose Your Secondary Weapon",
	"infsentry" : "Sentry Gun Infinite Ammo",
	"godsentry" : "Sentry Gun God Mode",
	"weapon_settings_f2" : "WEAPON OPTIONS",
	"BulletExplode" : "Bullet Explode",
	"BulletExplode_help" : "Explosive Bullets, Best Used With Bullet Penetration",
	"BulletFire" : "Bullet Fire",
	"BulletFire_help" : "Allows All Guns To Have Fire Ammo",
	"damagebuff" : "Damage Buff",
	"fireratebuff" : "Crazy Firerate",
	"infammo" : "Infinite Ammo",
	"freload" : "Reload Speed Buff",
	"swapspeed" : "Swap Speed Buff",
	"ch_f2" : "CHANGER MENUS",
	"armor_menu" : "Armor Menu",
	"mask_menu" : "Mask Menu",
	"primary_wep_menu" : "Primary Weapon Menu",
	"secondary_wep_menu" : "Secondary Weapon Menu",
	"flash_menu" : "Flash-Light Color Menu",
	"laser_menu" : "Laser Color Menu",
	"equipment_menu" : "EQUIPMENT",
	"equipment_menu_text" : "OPTIONS",
	"giveitem" : "Clear Equipment",
	"grenade_menu" : "Grenade Menu",
	"melee_menu" : "Melee Weapon Menu",

	"main_menu_f3" : "Stealth Menu - Select Menu or Toggle",
	"mind_enemies_menu" : "Enemy Mind Control",
	"mind_civs_menu" : "Civilian Mind Control",
	"mind_civs_f3" : "MIND CONTROL MENUS",
	"mind_ci_f3" : "Enemy Mind Control Menu",
	"mind_cis_f3" : "Civilian Mind Control Menu",
	"pigsfly" : "Flying Piggies",
	"copsquit" : "Quitter Cops",
	"drunkpigs" : "Drunk Pigs",
	"civdance" : "Dancing Puppets",
	"civsmoke" : "Smoking Kills",
	"civcower" : "Covering Sheep",
	"phonycivs" : "Phony Yuppies",
	"main_menu_f3_1" : "TOGGLES & OPTIONS",
	"cops_dont_shoot" : "Cops Dont Shoot",
	"cops_dont_shoot_help" : "Cops Will Not Shoot You",
	"disable_cams" : "Disable Cameras",
	"disable_pagers" : "Disable Pagers",
	"free_kill" : "Free Civilian Kills",
	"pagedom" : "No Pager On Dominate",
	"pagedom_full" : "No Pager On Dominate",
	"pagedom_help" : "If Using Instant Dominate This MUST Be Turned On First For Both To Work",
	"prevent_panic_buttons" : "No Panic Button/Intel Burn",
	"people_dont_call_police" : "People Dont Call Police",
	"lobai" : "Lobotimize AI",
	"lobai_full" : "LOBOTOMIZE AI",
	"randompage" : "Random Pagers",
	"randompage_help" : "Enables Randomized Pagers",
	"steal_pagers_on_melee" : "Steal Pagers",
	"steal_pagers_on_melee_help" : "Disables Pager When You Melee A Guard",
	"unlmessiah" : "Unlock Messiah Charges",
	"convertall" : "Convert All Enemies",
	"convertall_full" : "All Enemies Converted",
	"remote_camera" : "Remote Camera Access",

	"main_menu_f4" : "Mission Manipulator Menu - Select Option",
	"main_menu_f4_edit" : "MENUS",
	"bettyboom" : "Betty Boom Mod",
	"bettyboom_full" : "BOUNCING BETTY BOOM",
	"bettyboom_help" : "Blows Up AI Upon Death",
	"dirtymoney" : "Dirty Money Drop",
	"dirtymoney_help" : "Drops 2 Gold Bags Upon AI Death",
	"autocook" : "Rats Auto Cooker",
	"autocook_full" : "AUTO-COOKER",
	"autocook_help" : "Automates Cooking In Rats Day 1 And Cook Off, Must Have Chemicals To Continue The Cooking",
	"m_info" : "OPTIONS",
	"civil" : "Alert Civilians",
	"civil_help" : "Intimidate All Civilians, Press Multiple Times To Get Down On Floor",
	"instaboardst" : "Board Up All Windows",
	"instaboardst_help" : "Board Up All Available Windows",
	"cutglass" : "Cut All Glass",
	"heistintel" : "Drop Train Heist Intel",
	"heistintel_help" : "Can Only Drop In Transport Heists",
	"heistintel_only" : "Tranport Missions Only",
	"getpatht" : "Get Item/Continue Mission",
	"getpatht_help" : "Must Enable CarryStacker, Grabs All Necessary Items To Continue Mission",
	"grabcourier" : "Grab All Gage Packages",
	"grabcourier_help" : "Grab All Available Gage Packages",
	"grabgear" : "Grab Gear",
	"grabgear_help" : "Press Twice To Grab Gear",
	"grabgear_only" : "Golden Grin Casino Only",
	"anticheat_info" : "ANTI-CHEAT TOGGLE",
	"anticheat" : "Disable Anti-Cheat",
	"anticheat_help" : "Enable or Disable Anti-Cheats For Host And Client",
	"InstantHackAll" : "Hack All Electrics",
	"InstantHackAll_help" : "Hack Available Computers, Keypads, Phones Or Electrical Boxes",
	"GrabDiamond" : "Instant Grab Diamond",
	"GrabDiamond_help" : "Press Twice To Grab Diamond",
	"GrabDiamond_only" : "The Diamond Only",
	"instanthackmachines" : "Instant Hack & Open Voting Machines",
	"instanthackmachines_only" : "Election Day Warehouse Only",
	"opencrate" : "Open All Crates",
	"opencrate_help" : "You Can Close Available Crates Also",
	"bankbuster" : "Open All Deposit Boxes",
	"picklockst" : "Open All Doors & Windows",
	"picklockst_help" : "This Does Not Open Security Doors",
	"picklockst1" : "Open All Pick Locks",
	"picklockst1_help" : "Opens All Pick Locks Including Deposit Boxes, This Does Not Open Security Doors",
	"c4open" : "Open All Doors & Safes With C4",
	"jobwin_jobloss" : "WIN/LOSS OPTIONS",
	"jobloss" : "Instant Loss",
	"jobwin" : "Instant Win",
	"ecmopen" : "Open All ECM Doors",
	"usekeycardt" : "Open All Keycard Doors",
	"usekeycardt_help" : "Open Any Door That Uses KeyCard Including Security Rooms",
	"xmaspresent" : "Open All Presents",
	"xmasflare" : "Place/Ignite Flare",
	"DrillAll" : "Start/Restart Drill(s)",
	"DrillAll_help" : "Start or Restart Any Available Drill",
	"takeintel" : "Take All Intel",
	"takeintel_help" : "Hit Twice for Intel In Safes",
	"instanttie" : "Tie All Civilians",
	"instanttie_help" : "Must Alert All Civilians Before Activating",
	"heistintel_info" : "rain Heist Intel Has Been Dropped",
	"civilsdown_info" : "All Civilians Cowered",
	"c4open_info" : "All Doors Blown With C4",
	"grabgear_info" : "Gear Grabbed",
	"xmasflare_info" : "Flare Placed/Ignited",
	"xmaspresent_info" : "All Presents Opened",
	"ecmopen_info" : "All Security Doors Opened With ECM",
	"getpatht_info" : "Mission Items Acquired",
	"grabcourier_info" : "All Gage Packages Grabbed",
	"takeintel_info" : "All Intel Has Been Secured",
	"takeintel1_info" : "INTEL",
	"InstantHackAll_info" : "All Electrical/Circuit Boxes Hacked And Opened",
	"cutglass_info" : "All Glass Cut",
	"instanthackmachines_info" : "All Voting Machines Hacked And Opened",
	"instanttie_info" : "All Civs Tied Up",
	"usekeycardt_info" : "Doors Opened With Keycard",
	"opencrate_info" : "All Crates Opened",
	"GrabDiamond_info" : "Diamond Acquired",
	"picklockst_info" : "All Windows And Doors Opened",
	"picklockst1_info" : "All Pick Locks Opened",
	"bankbuster_info" : "All Deposits Boxes Opened",
	"DrillAll_info" : "Drill(s) Placed/Restarted",
	"instaboardst_info" : "All Windows Boarded Up",

	"main_menu_f5" : "Inventory Menu - Select Option",
	"main_menu_f5_text1" : "Add Items Menu - Select Item",
	"main_menu_f5_text2" : "Loot Bag Menu - Select Bag",
	"main_menu_f5_text3" : "Equipment Bag Menu - Select Bag",
	"main_menu_f5_text4" : "Big Oil Engine Menu - Select Engine",
	"add_items_menu" : "Add Inventory Items Menu",
	"fugas_f5" : "EXPLOSIVE SHELLS",
	"spawn_f5" : "SPAWN BAG MENUS",
	"engine_menu" : "Big Oil Engine Menu",
	"equipment_menu_f5" : "Equipment Bag Menu",
	"loot_menu_f5" : "Loot Bag Menu",
	"main_menu_f5_text5" : "SPAWN OPTIONS",
	"main_menu_f5_text6" : "Give Bag To Self",
	"main_menu_f5_text7" : "Rain Bags",
	"main_menu_f5_text7_help" : "Do Not Spam, Will Cause Crash",
	"main_menu_f5_text8" : "Spawn On Crosshair",
	"main_menu_f5_text12" : "BAG OPTIONS",
	"main_menu_f5_text9" : "Bag All Bodies",
	"main_menu_f5_text9_help" : "​Bags Bodies Only",
	"main_menu_f5_text10" : "Explosive Shells",
	"main_menu_f5_text10_help" : "Make Ammo Shell Bags Explosive Again",
	"main_menu_f5_text11" : "Pick Up All Bags",
	"main_menu_f5_text11_help" : "CarryStacker Must Be Enabled Or Bags Will Get Deleted",
	"main_f5_text" : "GENERAL ITEMS",
	"cable_tie" : "Cable-Tie",
	"organs" : "Organs",
	"add_items_menu_f5" : "RATS/HOTLINE MIAMI CHEMICALS",
	"add_items_menu_f5_" : "HOTLINE MIAMI BARCODES",
	"add_items_menu_f5__" : "HOXTON BREAKOUT ITEMS",
	"add_items_menu_f5___" : "GOLDEN GRIN CASINO ITEMS",

	"main_menu_f6" : "Money Menu - Select Option",
	"main_menu_f6_text1" : "Super Loot Giver 69000",
	"main_menu_f6_text2" : "SECURE OPTIONS/MENU",
	"takeloot" : "Bag All Loot",
	"takeloot_help" : "Must Enable CarryStacker, If White Xmas Press Twice",
	"InteractType" : "Grab All Small Loot",
	"OpenAtm" : "Open All ATMs & Take Content",
	"OpenAtm_help" : "Press Twice To Take ATM Contents",
	"OpenAllLoot" : "Open All ATMs, Safes, Money Drawers",
	"main_menu_f6_text3" : "Secure Loot Menu",
	"securesmloot" : "Secure Small Loot",
	"main_menu_f6_text4" : "All Loot Bagged",
	"main_menu_f6_text5" : "Small Loot Secured",

	"main_menu_f7" : "Interaction Timer Menu - Select Option",
	"main_menu_f7_text1" : "INTERACT TIMER OPTIONS (DECREASES TIMER TO 3 SEC.)",
	"InteractDrillJam" : "Drill Jam/Upgrade Timer",
	"InteractECMJam" : "ECM Open Timer",
	"InteractPager" : "Pager Answer Timer",
	"InteractPickLock" : "PickLock Timer",
	"InteractRevive" : "Revive Player Timer",
	"main_menu_f7_text2" : "PICK LOCK TIMER",
	"main_menu_f7_text3" : "ECM OPEN TIMER",
	"main_menu_f7_text4" : "DRILL JAM/UPGRADE TIMER",
	"main_menu_f7_text5" : "REVIVE PLAYER TIMER",
	"main_menu_f7_text6" : "PAGER TIMER",

	"main_menu_f8" : "Troll Menu - Select Menu Or Option",
	"main_menu_f8_text1" : "Troll Other Players - Select Option",
	"main_menu_f8_text2" : "Troll Self - Select Option",
	"main_menu_f8_player" : "Troll ",
	"main_menu_f8_text3" : "PLAYER TROLL MENUS",
	"main_menu_f8_text4" : "Mess With Other Players",
	"main_menu_f8_text5" : "TEAM TROLL OPTIONS",
	"syncbleedall" : "Bleed Out All Players",
	"synccuffall" : "Cuff All Players",
	"syncincaall" : "Incapacitate All Players",
	"synctaseall" : "Tase All Players",
	"main_menu_f8_text6" : "TROLL INDIVIDUAL PLAYERS",
	"main_menu_f8_text7" : "Other",
	"releaseteam" : "Release All Teammates From Jail",
	"sendalltojail_team" : "Throw All Teammates In Jail",
	"main_menu_f8_text8" : "Mess With Self",
	"main_menu_f8_text9" : "SELF STATE OPTIONS",
	"stateblood" : "Bleed Out",
	"statecuffs" : "Cuffed",
	"stateinca_me" : "Incapacitated",
	"stateinca" : "Incapacitate",
	"statetased" : "Tased",
	"releaseme" : "Release Me From Jail",
	"lockmeup" : "Throw Me In Jail",
	"main_menu_f8_text10" : "Give Ammo Bag",
	"giveammoto" : "Give Ammo Bag",
	"givemedikito" : "Give Medkit",
	"main_menu_f8_text11" : "PLAYER STATE OPTIONS",
	"main_menu_f8_text12" : "JAIL/TELEPORT OPTIONS",
	"syncreleaseply2" : "Release From Jail",
	"sendalltojail" : "Throw In Jail",
	"teleporttoply" : "Teleport To Player",
	"syncforceengine" : "Force Carry Engine",
	"main_menu_f8_text13" : "OPTIONS",
	"depositfill" : "Fill Deposit Boxes",
	"depositfill_help" : "FILL DEPOSIT BOXES WITH GOLD AND CASH, DOES NOT WORK WITH EVERY LEVEL",
	"openvault" : "Open Vault Door",
	"openvault_help" : "PEN VAULT DOOR, DOES NOT WORK WITH ALL VAULTS AND MAY HAVE SIDE EFFECTS",
	"overdrill" : "Activate Overdrill Vault Door",
	"overdrill_help" : "ACTIVATE OVERDRILL VAULT DOOR",
	"main_menu_f8_text14" : "Vault Door Opened",
	"main_menu_f8_text15" : "Deposit Boxes Filled",
	"main_menu_f8_text16" : "Remain",
	"I_am_best" : "Change statistics",
	"cops_to_bulld" : "Dead cops turn to bulldozers",
	"replace_cops" : "Replace all cops with bulldozers",
	"tm_gm" : "Enable god mode for your team",
	"invisible_player" : "Invisibility",

	"main_menu_f10" : "Pre-Game Menu - Select Menu",
	"infamy_level_menu" : "Infamy Menu",
	"infamy_points_menu" : "Infamy Menu",
	"inventory_menu" : "Inventory Menu",
	"clear_inventory_menu" : "Clear Inventory Menu",
	"add_inventory_menu" : "Add To Inventory Menu",
	"level_menu" : "Level Menu",
	"money_menu" : "Money Menu",
	"skill_menu" : "Skill And Perk Menu",
	"add_achieve_menu" : "Add Achievement Menu",
	"rem_achieve_menu" : "Remove Achievement Menu",
	"continental_coins_menu" : "Continental Coins",
	"main_menu_f10_text1" : "MENUS",
	"main_menu_f10_text2" : "INFAMY OPTION",
	"main_menu_f10_text3" : "Reset Infamy",
	"main_menu_f10_text4" : "INFAMY LEVEL OPTIONS",
	"set_infamy_level1" : "Set To 1",
	"set_infamy_level2" : "Set To 2",
	"set_infamy_level3" : "Set To 3",
	"set_infamy_level4" : "Set To 4",
	"set_infamy_level5" : "Set To 5",
	"set_infamy_level6" : "Set To 6",
	"set_infamy_level7" : "Set To 7",
	"set_infamy_level8" : "Set To 8",
	"set_infamy_level9" : "Set To 9",
	"set_infamy_level10" : "Set To 10",
	"set_infamy_level11" : "Set To 11",
	"set_infamy_level12" : "Set To 12",
	"set_infamy_level13" : "Set To 13",
	"set_infamy_level14" : "Set To 14",
	"set_infamy_level15" : "Set To 15",
	"set_infamy_level16" : "Set To 16",
	"set_infamy_level17" : "Set To 17",
	"set_infamy_level18" : "Set To 18",
	"set_infamy_level19" : "Set To 19",
	"set_infamy_level20" : "Set To 20",
	"set_infamy_level21" : "Set To 21",
	"set_infamy_level22" : "Set To 22",
	"set_infamy_level23" : "Set To 23",
	"set_infamy_level24" : "Set To 24",
	"set_infamy_level25" : "Set To 25",
	"main_menu_f10_text5" : "Infamy Points Menu",
	"main_menu_f10_text6" : "INFAMY OPTION",
	"main_menu_f10_text7" : "Reset Infamy",
	"main_menu_f10_text8" : "INFAMY POINTS OPTIONS",
	"main_menu_f10_text9" : "Inventory Menu",
	"un1" : "UNLOCK OPTIONS",
	"un2" : "Unlock All Items",
	"un3" : "Unlock All Slots",
	"un4" : "Unlock Colors",
	"un5" : "Unlock Masks",
	"un6" : "Unlock Materials",
	"un7" : "Unlock Textures",
	"un8" : "Unlock Weapons",
	"un9" : "Unlock Trophies",
	"un10" : "Other",
	"un11" : "Remove New Item Exclamation Mark",
	"un12" : "UNLOCK OPTIONS (Dlc)",
	"un13" : "Unlock Weapon Mods",
	"del1" : "DELETE INDIVIDUAL SLOTS",
	"del2" : "Delete All Masks Slots",
	"del3" : "Delete All Primary Weapons Slots",
	"del4" : "Delete All Secondary Weapons Slots",
	"del5" : "DELETE OR LOCK ALL SLOTS AND ITEMS",
	"del6" : "Delete All Items",
	"del7" : "Delete All Slots",
	"del8" : "Lock All Items",
	"del9" : "DELETE INDIVIDUAL ITEMS",
	"del10" : "Delete All Colors",
	"del11" : "Delete All Masks",
	"del12" : "Delete All Materials",
	"del13" : "Delete All Patterns",
	"del14" : "Delete All Weapon Mods",
	"add_item1" : "ADD 1 OF EACH ITEM",
	"add_item2" : "Add 1 Of All Colors",
	"add_item3" : "Add 1 Of Everything",
	"add_item4" : "Add 1 Of All Masks",
	"add_item5" : "Add 1 Of All Materials",
	"add_item6" : "Add 1 Of All Patterns",
	"add_item7" : "Add 1 Of All Weapon Mods",
	"add_item8" : "ADD 5 OF EACH ITEM",
	"add_item9" : "Add 5 Of All Colors",
	"add_item10" : "Add 5 Of Everything",
	"add_item11" : "Add 5 Of All Masks",
	"add_item12" : "Add 5 Of All Materials",
	"add_item13" : "Add 5 Of All Patterns",
	"add_item14" : "Add 5 Of All Weapon Mods",
	"add_exp" : "Level Menu",
	"add_exp1" : "XP OPTIONS",
	"add_exp2" : "Add 100 XP",
	"add_exp3" : "Add 1,000 XP",
	"add_exp4" : "Add 10,000 XP",
	"add_exp5" : "Add 50,000 XP",
	"add_exp6" : "Add 100,000 XP",
	"add_exp7" : "Add 200,000 XP",
	"add_exp8" : "Set Level To 10",
	"add_exp9" : "Set Level To 20",
	"add_exp10" : "Set Level To 30",
	"add_exp11" : "Set Level To 40",
	"add_exp12" : "Set Level To 50",
	"add_exp13" : "Set Level To 60",
	"add_exp14" : "Set Level To 70",
	"add_exp15" : "Set Level To 80",
	"add_exp16" : "Set Level To 90",
	"add_exp17" : "Set Level To 100",
	"add_money" : "Money",
	"add_money1" : "RESET MONEY OPTION",
	"add_money2" : "Reset Money",
	"add_money3" : "ADD MONEY",
	"add_money4" : "Add 1 Million Cash + 4 Million Offshore",
	"add_money5" : "Add 10 Million Cash + 40 Million Offshore",
	"add_money6" : "Add 100 Million Cash + 400 Million Offshore",
	"add_money7" : "Add 1 Billion Cash + 4 Billion Offshore",
	"add_skill" : "Skill And Perk Menu",
	"add_skill1" : "SKILLS",
	"add_skill2" : "Reset Skill Points",
	"add_skill3" : "Unlock All Skills",
	"add_skill4" : "SKILL POINTS OPTIONS",
	"add_skill5" : "Set Skill Points To 120",
	"add_skill6" : "Set Skill Points To 290",
	"add_skill7" : "Set Skill Points To 435",
	"add_skill8" : "Set Skill Points To 580",
	"add_skill9" : "Set Skill Points To 725",
	"add_skill10" : "Unlock One Full Tree",
	"add_skill11" : "Unlock Two Full Trees",
	"add_skill12" : "Unlock Three Full Trees",
	"add_skill13" : "Unlock Four Full Trees",
	"add_skill14" : "Unlock All Trees",
	"add_perk" : "PERK OPTIONS",
	"add_perk1" : "Reset Perk Points",
	"add_perk2" : "Unlock All Perks",
	"add_perk3" : "PERK POINTS OPTIONS",
	"add_perk4" : "No Visual Effect On Perk Decks, Go In Game To See Active Perks",
	"add_perk5" : "Add 500 To Perk Points",
	"add_perk6" : "Add 1,000 To Perk Points",
	"add_perk7" : "Add 2,500 To Perk Points",
	"add_perk8" : "Add 5,000 To Perk Points",
	"add_perk9" : "Add 10,000 To Perk Points",
	"add_continental" : "Add 1 coin",
	"add_continenta2" : "Add 5 coins",
	"add_continenta3" : "Add 10 coins",
	"add_continenta4" : "Add 15 coins",
	"add_continenta5" : "Add 20 coins",
	"add_continenta6" : "Add 25 coins",
	"add_continenta7" : "Add 30 coins",
	"add_continenta8" : "Add 35 coins",
	"add_continenta9" : "Add 40 coins",
	"add_continenta11" : "Add 50 coins",
	"add_continenta12" : "Add 60 coins",
	"add_continenta13" : "Add 70 coins",
	"add_continenta14" : "Add 80 coins",
	"add_continenta15" : "Add 90 coins",
	"add_continenta16" : "Add 100 coins",
	"add_continenta17" : "Add 150 coins",
	"add_continenta18" : "Add 200 coins",
	"add_continenta19" : "Add 250 coins",
	"add_continenta20" : "Add 300 coins",
	"add_continenta21" : "Add 400 coins",
	"add_continenta22" : "Add 500 coins",
	"add_continenta23" : "Add 600 coins",
	"add_continenta24" : "Add 700 coins",
	"add_continenta25" : "Add 800 coins",
	"add_continenta26" : "Add 900 coins",
	"add_continenta27" : "Add 1000 coins",
	"add_continenta28" : "Add 1500 coins",
	"add_continenta29" : "Add 2000 coins",
	"add_continenta30" : "Add 50000 coins",
	"add_achievement" : "ACHIEVMENT OPTIONS",
	"add_achievement2" : "Add Individual Achievements",
	"add_achievement3" : "Remove Individual Achievements",
	"add_achievement4" : "Lock All Achievements",
	"add_achievement5" : "Unlock All Achievements",
	"ai_menu3" : "Cloaker Only Cuffs AI",
	"text_f10_1" : "Job Menu - Select Menu Or Option",
	"text_f10_4" : "PREGAME OPTIONS",
	"dontwait" : "Force Start",
	"dontwait_help" : "Force Start The Game, Prevent Waiting",
	"getemall" : "Unlock All Assets",
	"text_f10_5" : "IN GAME OPTIONS",
	"text_f10_8" : "Secure Body Bags For Cash (Enabled)",
	"text_f10_9" : "Switch interaction (Enabled)",
	"text_f10_12" : "Secure Body Bags For Cash",
	"text_f10_13" : "Switch interaction",
	"text_f10_3с" : "Grenade Restriction (Enabled)",
	"text_f10_3с_1" : "Grenade Restriction",
	"text_f10_3с_1_help" : "Restricts Grenades Being Thrown While In Stealth",
	"text_f10_3с_2" : "No Escape Timer",
	"text_f10_3с_3" : "Pager Mod (Enabled)",
	"text_f10_3с_4" : "Modifier Value Loot",
	"text_f10_3с_4_help" : "User Defined Value",
	"text_f10_3с_5" : "Pager Mod (Enabled)",
	"text_f10_3с_6" : "Pager Mod",
	"text_f10_3с_6_help" : "Increases Pager Amount",
	"text_f10_3с_7" : "Upgrade Tweaks (Enabled)",
	"text_f10_3с_8" : "Upgrade Tweaks",
	"text_f10_3с_8_help" : "User Defined Upgrade Tweaks",
	"text_f10_3с_9" : "XP Multiplier (Enabled)",
	"text_f10_3с_10" : "XP Multiplier",
	"text_f10_3с_10_help" : "Multiply XP Earned By 2x, Enable For Each Map You Want To Multiply",
	"text_f10_3с_11" : "HUD ENABLED",

	"menu_f11_main_menu" : "Help Menu",
	"menu_f11_teg_menu" : "Why do I get tagged",
	"menu_f11_teg2_menu" : "Why do I get tagged",
	"menu_f11_teg_reset" : "How to remove CHEATER tag",
	"menu_f11_premium_menu" : "What does Premium version include",
	"menu_f11_ingame_menu" : "Ingame buttons",
	"menu_f11_inmain_menu" : "Main Menu buttons",
	"menu_f11_text1" : "Why do I have CHEATER tag",
	"menu_f11_text2" : "Hope someone will read it",
	"menu_f11_text3" : "Tag appears when using these options:",
	"menu_f11_text4" : "      Dlc Unocker and achievement items use",
	"menu_f11_text5" : "      Change the equipment",
	"menu_f11_text6" : "      Carry more bags, when not hosting",
	"menu_f11_text7" : "      Refill granades",
	"menu_f11_text8" : "      Use extra skills",
	"menu_f11_text9" : "      Skin Unocker, when the camoufage contains Dlcs you dont own",
	"menu_f11_text10" : "      Extra experience farm using F10 /constant/",
	"menu_f11_text11" : "Why do I have CHEATER tag /Part 2/",
	"menu_f11_text12" : "Hope someone will read it",
	"menu_f11_text13" : "Tage appears when using these options:",
	"menu_f11_text14" : "      Use extra skills",
	"menu_f11_text15" : "      Getting infamy level without having enough experience points /constant/",
	"menu_f11_text16" : "      Getting infamy level without a single heist completed /constant/",
	"menu_f11_text_del1" : "How to remove CHEATER tag",
	"menu_f11_text_del2" : "Hope someone will read it",
	"menu_f11_text_del3" : "Tag may be temporal and constant",
	"menu_f11_text_del4" : "Visit PD2Stats, enter link to your account, tag will be marked with red",
	"menu_f11_text_del5" : "If tag is temporal, it can be easily removed",
	"menu_f11_text_del6" : "Rectify piracy, and tag will be removed",
	"menu_f11_text_del7" : "Constant",
	"menu_f11_text_del8" : "Try to rectify piracy using F10 and wait for a while",
	"menu_f11_text_del9" : "If nothing happens, go to Settings/Clear progress",
	"menu_f11_text_prem1" : "What does Premium Menu include?",
	"menu_f11_text_prem2" : "Premium",
	"menu_f11_text_prem3" : "Settings right in the game",
	"menu_f11_text_prem4" : "Automatically activated options",
	"menu_f11_text_prem5" : "F8 - Troll Menu",
	"menu_f11_text_prem6" : "Fast and professional Premium support",
	"menu_f11_text_prem7" : "Working NoClip, Aim",
	"menu_f11_text_prem8" : "And much more",
	"menu_f11_text_prem9" : "Press here to see more",
	"menu_f11_text_bu1" : "Ingame buttons",
	"menu_f11_text_bu2" : "Player modifications",
	"menu_f11_text_bu3" : "Weaopn modifications",
	"menu_f11_text_bu4" : "Stealth Menu",
	"menu_f11_text_bu5" : "Edit mission",
	"menu_f11_text_bu6" : "Add items to the inventory",
	"menu_f11_text_bu7" : "Money",
	"menu_f11_text_bu8" : "Interraction timer",
	"menu_f11_text_bu9" : "Troll Menu/Premium/",
	"menu_f11_text_bu10" : "Disable hud",
	"menu_f11_text_bu11" : "Main Menu buttons",
	"menu_f11_text_bu12" : "Main Menu buttons",
	"menu_f11_text_bu13" : "Help Menu /Help yourself/",
	"menu_f11_text_bu14" : "Choose cntract",
	"menu_f11_text_bu15" : "Edit character",
	"menu_f11_text_dop1" : "Additional",

	"main_menu_num" : "Spawn menu",
	"spawn_menu" : "Spawn enemies/allies",
	"spawn_on_self_unt" : "Spawn units",
	"spawn_on_self_spec_unt" : "Spawn special units",
	"spawn_on_self_gensec_unt" : "Spawn elite Gensec units",
	"spawn_on_self_unt_frnd" : "Spawn allies",
	"spawn_on_self_spec_unt_frnd" : "Spawn special allies",
	"spawn_on_self_gensec_unt_frnd" : "Spawn elite Gensec allies",
	"spawn_frnd" : "Spawn civilian",
	"spawn_band" : "Spawn bandits",
	"spawn_equipment" : "Spawn equipment on crosshair",
	"spawn_lootmode" : "Spawn looted / objects / vehicles on crosshair",
	"spawn_menu_1_1" : "Enemies and allies",
	"spawn_menu_1_2" : "Only where possible",
	"spawn_menu_bandit" : "Bandit",
	"FR_1" : "Bandit",
	"FRFR1" : "Elite GENSEC",
	"FRFR4" : "LMG Bulldozer",
	"FRP1" : "Shield",
	"FRP3" : "Cloaker",
	"FRP4" : "Sniper",
	"FRP6" : "Taser",
	"FRP7" : "Bulldozer",
	"FR0" : "Cop",
	"FR4" : "Special Forces",
	"FR6" : "Special Forces armored",
	"FR7" : "FBI",
	"FR9" : "FBI armored",
	"FR10" : "Security guard"
}