{
	"p3dtext_options": "P3DHack Config",
	"hints_1": "We work hard to make P3DHack better!",
	"buy_premium": "Look on Premium",
	"premium_buy_title": "Buy Premium",
	"premium_buy_desc": "Settings below will only work if you have Premium",

	"p3dtext_language_english": "English",
	"p3dtext_language_french": "French",
	"p3dtext_language_russian": "Russian",
	"p3dtext_language_german": "German",
	"p3dtext_language_сhinese": "Chinese (outdated)",
	"p3dtext_language_spanish": "Spanish",
	"p3dtext_language_portuguese": "Portuguese",
	"p3dtext_language_custom": "Custom"
}