{
	"save_and_reload_title":"Salvar e Recarregar"
	"save_and_reload_desc":"Esta função irá ajudá-lo a aplicar instantaneamente alterações no P3DHack Config"

	"P3DHack_Menu_title":"P3DHack Menu"
	"P3DHack_Menu_desc":"Funcionalidade rápida e conveniente em um só lugar"

	"hud_function":"HUD Funções"

	"mod_list_lite_title":"Lista light de Mod"
	"mod_list_lite_desc":"Corrige um problema com congelamento jogo quando você visualizando lista de BLT mods"

	"hide_p3dhack_menu_title":"Ocultar P3DHack menu"
	"hide_p3dhack_menu_desc":"Oculta P3DHack no menu principal"

	"Hide_Functions":"Ocultar Funções"

	"hide_func_title":"Ativar Ocultador"
	"hide_func_desc":"Deseja habilitar os recursos abaixo?"

	"hide_smoke_title":"Ocultar smoke"
	"hide_smoke_desc":"Você quer ocultar a Smoke no menu principal?"

	"hide_logo_title":"Esconder Payday logo"
	"hide_logo_desc":"Você quer ocultar Payday logo no menu principal?"

	"hide_pattern_title":"Ocultar Padrões"
	"hide_pattern_desc":"Você quer ocultar os padrões no menu principal?"

	"hide_particles_title":"Ocultar Partículas"
	"hide_particles_desc":"Você quer ocultar partículas no menu principal?"

	"Skip_Functions":"Funções de Skip"
	"Skip_Press_title":"Skip pressione Enter"
	"Skip_Press_desc":"Pressione enter para Skip"

	"global_unavailable":"Indisponível"

	"helicopter":"Helicopter Mod"
	"autoshoot":"Autoshoot"
	"troll_activate_elements":"Ativar Elementos"
	"troll_open_doors":"Open All Doors"
	"troll_close_doors":"Abrir Todas As Portas"
	"troll_open_vault":"Abrir Cofre"
	"troll_close_vault":"Fechar Cofre"
	"troll_remove_head":"Remover a Cabeça de Inimigos"
	"troll_invisible_spooks":"Tornar os Fantasmas Invisíveis"
	"troll_launch_cars":"Lançar Carros dos Jogadores Para o Ar"
	"troll_close_van_doors":"Fechar as Portas da Van"
	"troll_open_van_doors":"Abrir as Portas da Van"
	"rofl_drills":"Furadeira HueBr"

	"main_menu_f6_text3_25":"Menu - Loot Seguros x25"
	"main_menu_f6_text3_50":"Menu - Loot Seguros x50"

	"Speed_hack":"Hack de Velocidade"
	"Speed_hack_title":"Hack de Velocidade"
	"Speed_hack_desc":"Você quer Ativar o Hack de Velocidade?"

	"melee_info":"Armas Melee"

	"melee_range":"Melee com Alcançe Longo"
	"melee_range_title":"Melee com Alcançe Longo"
	"melee_range_desc":"Você quer ativar Melee com Alcançe Longo?"

	"melee_charge":"Carregar Melee Muito Rápido"
	"melee_charge_title":"Carregar Melee Muito Rápido"
	"melee_charge_desc":"Você quer ativar Carregar Melee Muito Rápido?"

	"melee_no_delay":"Melee Muito Rápido"
	"melee_no_delay_title":"Melee Muito Rápido"
	"melee_no_delay_desc":"Você Quer Ativar Melee Muito Rápido?"

	"keyboard_aim":"Aim"
	
	"thank_for_support":"Obrigado pelo suporte"
	"open_pm":"Compre Premium"
	"open_PD2Stats":"Abrir PD2Stats"
	"open_site":"Abrir Site"
	"open_crashlog":"Abrir Crashlog"
	
	"hider_text":"Ocultar mods",
	
	"hider_title":"Ocultar mods",
	"hider_desc":"Você quer ocultar seus mods?",
	
	"hider_type_title":"O que ocultar?",
	"hider_type_desc":"Escolha o que você deseja ocultar",
	
	"Only_P3D":"Somente P3DHack",
	"All":"Todos mods",
	
	"Crosshair_title":"Mira",
	"Crosshair_desc":"Você quer habilitar a mira?",
	
	"specific_weapons_unlocker_title":"Desbloquear arma específica",
	"specific_weapons_unlocker_desc":"Dá acesso a armas especiais",
	
	"NewMenu_function":"Cheats Automático",
	
	"Auto_Cheats_title":"Ligar Cheats Automaticamente",
	"Auto_Cheats_desc":"Deve ser ativado",

	"Dodge_Chance_Buff_title":"Dodge Chance",
	"Dodge_Chance_Buff_desc":"Você quer ativar o Dodge Chance?",

	"Dodge_Chance_Buff_Amount_title":"Dodge Chance",
	"Dodge_Chance_Buff_Amount_desc":"0.1 = 10%, 1 = 100%",

	"Melee_Buff_title":"Buffar Dano Melee",
	"Melee_Buff_desc":"Você quer ativar Buffar Dano Melee?",

	"Melee_Buff_Amount_title":"Quantidade Multiplicador",
	"Melee_Buff_Amount_desc":"Selecione o valor desejado",

	"Unlimited_BodyBags_title":"BodyBags Ilimitados",
	"Unlimited_BodyBags_desc":"Você quer ativar BodyBags Ilimitados?",

	"Jump_Mask_Off_title":"Pular sem a máscara",
	"Jump_Mask_Off_desc":"Você quer ativar Pular sem a máscara?",

	"Fast_Mask_title":"Máscara Rápida",
	"Fast_Mask_desc":"Você quer ativar Máscara Rápida?",
	
	"Infinite_Hostage_Follow_title":"Infinitos Reféns Para Lhe Seguir",
	"Infinite_Hostage_Follow_desc":"Você quer ativar Infinitos Reféns Para lhe Seguir?",
	
	"Interaction_CoolDown_title":"Interações sem Cooldown",
	"Interaction_CoolDown_desc":"Você quer ativar Interações sem Cooldown?",
	
	"Sixth_Sense_Reset_title":"6th Sense",
	"Sixth_Sense_Reset_desc":"Apenas reinicia quando se move",
	
	"Bag_CoolDown_title":"Bag sem CoolDown",
	"Bag_CoolDown_desc":"Você quer ativar Bag sem CoolDown?",
	
	"Camera_Bag_Explosion_Multiplier_title":"Efeito da câmera durante a explosão",
	"Camera_Bag_Explosion_Multiplier_desc":"Você quer ativar Efeito da câmera durante a explosão?",
	
	"Camera_Bag_Explosion_Multiplier_Amount_title":"Quantidade Multiplicador",
	"Camera_Bag_Explosion_Multiplier_Amount_desc":"Padrão 4",
	
	"Explosion_Buff_title":"Buffar Dano de Todas Explosões",
	"Explosion_Buff_desc":"Você quer ativar Buffar Dano de Todas Explosões?",
	
	"Explosion_Buff_Amount_title":"Buffar Dano de Todas Explosões",
	"Explosion_Buff_Amount_desc":"Selecione o Valor Desejado",
	
	"Lowered_Headbob_title":"Reduzir Head-bob",
	"Lowered_Headbob_desc":"Você quer ativar Reduzir Head-bob?",
	
	"grenade_buff_func":"Buffar Granada",
	
	"Grenade_Buff_title":"Buffar Granada",
	"Grenade_Buff_desc":"Você quer ativar Buffar Granada?",
	
	"Grenade_Buff_Damage_Amount_title":"Buffar Dano da Granada",
	"Grenade_Buff_Damage_Amount_desc":"Padrão 30",
	
	"Grenade_Buff_Player_Damage_Amount_title":"Buffar Dano da Granada do Player",
	"Grenade_Buff_Player_Damage_Amount_desc":"Padrão 10",
	
	"Grenade_Buff_Range_Amount_title":"Alcançe do Buff de Dano da Granada",
	"Grenade_Buff_Range_Amount_desc":"Padrão 1000",
	
	"molotov_func":"Buffar Molotov",
	
	"Molotov_Buff_title":"Buffar Molotov",
	"Molotov_Buff_desc":"Você quer ativar Buffar Molotov?",
	
	"Molotov_Buff_Damage_Amount_title":"Buffar Dano do Molotov",
	"Molotov_Buff_Damage_Amount_desc":"Padrão 3",
	
	"Molotov_Buff_Player_Damage_Amount_title":"Buffar Dano da Molotov do Player",
	"Molotov_Buff_Player_Damage_Amount_desc":"Padrão 2",
	
	"Molotov_Buff_Range_Amount_title":"Alcançe do Buff de Dano do Molotov",
	"Molotov_Buff_Range_Amount_desc":"Padrão 75",
	
	"Molotov_Buff_Burn_Duration_Amount_title":"Buffar Tempo de Queima do Molotov",
	"Molotov_Buff_Burn_Duration_Amount_desc":"Padrão 20",
	
	"Incendiary_Grenade_Buff_func":"Buffar Granada Incendiária",
	
	"Incendiary_Grenade_Buff_title":"Buffar Granada Incendiária",
	"Incendiary_Grenade_Buff_desc":"Você quer ativar Buffar Granada Incendiária?",
	
	"Incendiary_Grenade_Buff_Damage_Amount_title":"Buffar Dano da Granada Incendiária",
	"Incendiary_Grenade_Buff_Damage_Amount_desc":"Padrão 3",
	
	"Incendiary_Grenade_Buff_Player_Damage_Amount_title":"Buffar Dano da Granada Incendiária do Player",
	"Incendiary_Grenade_Buff_Player_Damage_Amount_desc":"Padrão 2",
	
	"Incendiary_Grenade_Buff_Range_Amount_title":"Alcançe do Buff de Dano da Granada Incendiária",
	"Incendiary_Grenade_Buff_Range_Amount_desc":"Padrão 75",
	
	"Incendiary_Grenade_Buff_Burn_Duration_Amount_title":"Buffar Tempo de Queima da Granada Incendiária",
	"Incendiary_Grenade_Buff_Burn_Duration_Amount_desc":"Padrão 6",
	
	"Incendiary_Grenade_Buff_Time_Amount_title":"Tempo da Explosão do Lança-Granada-Incendiária",
	"Incendiary_Grenade_Buff_Time_Amount_desc":"Tempo da Explosão do Lança-Granada-Incendiária Antes do Buff de Impacto Valor Padrão 2.5",
	
	"RPG7_Buff_func":"Buffar RPG7",
	
	"RPG7_Buff_title":"Buffar RPG7",
	"RPG7_Buff_desc":"Você quer ativar Buffar RPG7?",
	
	"RPG7_Buff_Damage_Amount_title":"Buffar Dano da RPG7",
	"RPG7_Buff_Damage_Amount_desc":"Padrão 1000",
	
	"RPG7_Buff_Player_Damage_Amount_title":"Buffar Dano da RPG7 do Player",
	"RPG7_Buff_Player_Damage_Amount_desc":"Padrão 40",
	
	"RPG7_Buff_Range_Amount_title":"Alcançe do Buff de Dano da RPG7",
	"RPG7_Buff_Range_Amount_desc":"Padrão 500",
	
	"RPG7_Buff_Time_Amount_title":"Tempo da Explosão da RPG7",
	"RPG7_Buff_Time_Amount_desc":"Tempo da Explosão da RPG7 Antes do Buff de Impacto Valor Padrão 2.5",
	
	"GL40_Buff_func":"Buffar GL40",
	
	"GL40_Buff_title":"Buffar GL40",
	"GL40_Buff_desc":"Você quer ativar Buffar GL40?",
	
	"GL40_Buff_Damage_Amount_title":"Buffar Dano da GL40",
	"GL40_Buff_Damage_Amount_desc":"Padrão 34",
	
	"GL40_Buff_Player_Damage_Amount_title":"Buffar Dano da GL40 do Player",
	"GL40_Buff_Player_Damage_Amount_desc":"Padrão 8",
	
	"GL40_Buff_Range_Amount_title":"Alcançe do Buff de Dano da GL40",
	"GL40_Buff_Range_Amount_desc":"Padrão 350",
	
	"GL40_Buff_Time_Amount_title":"Tempo da Explosão da GL40 ",
	"GL40_Buff_Time_Amount_desc":"Tempo de Explosão da GL40 Antes do Buff de Impacto Valor Padrão 2.5",
	
	"Dynamite_Buff_func":"Buffar Dynamite",
	
	"Dynamite_Buff_title":"Buffar Dynamite",
	"Dynamite_Buff_desc":"Você quer ativar Buffar Dynamite?",
	
	"Dynamite_Buff_Damage_Amount_title":"Buffar Dano da Dynamite",
	"Dynamite_Buff_Damage_Amount_desc":"Padrão 30",
	
	"Dynamite_Buff_Player_Damage_Amount_title":"Buffar Dano da Dynamite do Player",
	"Dynamite_Buff_Player_Damage_Amount_desc":"Padrão 10",
	
	"Dynamite_Buff_Range_Amount_title":"Alcançe do Buff de Dano da Dynamite",
	"Dynamite_Buff_Range_Amount_desc":"Padrão 1000",
	
	"Toggle_Interact_title":"Interagir",
	"Toggle_Interact_desc":"Você quer ativar Interagir? Não Precisa Mais Segurar F",
	
	"Grenade_Restrict_title":"Restringir Granadas em Stealth",
	"Grenade_Restrict_desc":"Você quer ativar Restringir Granadas em Stealth?",
	
	"Pager_Mod_title":"Aumentar o Número de Pager",
	"Pager_Mod_desc":"Aumenta o Número de Pagers em Mapas Disponíveis (Somente Host)",
	
	"Zipline_Drop_title":"Dropar Bags que Você Está Carregando na Tirolesa",
	"Zipline_Drop_desc":"Você quer ativar Dropar Bags que Você Está Carregando na Tirolesa?",
	
	"Classic_Open_Door_title":"Opção Clássica de Abrir Todas as Portas",
	"Classic_Open_Door_desc":"Opção Clássica de Abrir Todas as Portas Pode Não Funcionar em Todos Lugares, Mas é Limitado a Portas Específicas",
	
	"New_Open_Door_title":"Nova Opção de Abrir Todas as Portas",
	"New_Open_Door_desc":"Nova Opção de Abrir Todas as Portas, Abre Todas as Portas Slecionáveis que Estão Bloqueadas, Cofres, Caixas de Depósito ETC.\nNo Qual a Opção Clássica Não Faz",
	
	"Anti_Cheat_Disable_title":"Desabilitar Anti-Cheat",
	"Anti_Cheat_Disable_desc":"Permite Gerar Bags e Muito Mais",
	
	"Secure_BodyBags_title":"Body Bags Valem Dinheiro",
	"Secure_BodyBags_desc":"Você quer ativar Body Bags Valem Dinheiro?",
	
	"Secure_BodyBags_Loot_Value_title":"Quantidade em Dinheiro",
	"Secure_BodyBags_Loot_Value_desc":"Quantidade em Dinheiro que Vai Valer Cada Body Bag",
	
	"Auto_Loot_title":"Spawn Aleatório de Loot Extra",
	"Auto_Loot_desc":"Spawn Aleatório de Loot Extrat em Mapas Disponíveis",
	
	"Auto_Equipment_title":"Spawn Aleatório de Cartões de Acesso Extra",
	"Auto_Equipment_desc":"Spawn Aleatório de Cartões de Acesso Extra em Mapas Disponíveis",
	
	"No_Job_Heat_title":"Desabilitar Penalidades de Contratos Repetidos",
	"No_Job_Heat_desc":"Você quer ativado Desabilitar Penalidades de Contratos Repetidos?",
	
	"Job_Heat_Amount_title":"Define o Valor do Bônus do Contrato",
	"Job_Heat_Amount_desc":"Padrão 1.15 = 15%",
	
	"XP_Multiplier_title":"Multiplicador de XP",
	"XP_Multiplier_desc":"Você quer ativar Multiplicador de XP?",
	
	"XP_Multiplier_Amount_title":"Quantidade do Multiplicador de XP",
	"XP_Multiplier_Amount_desc":"Selecione o Valor Desejado",
	
	"othermenu_function":"Outros",
	
	"Rats_Message_title":"Meth Helper",
	"Rats_Message_desc":"Exibir Produto Químico Correto no Chat",
	
	"Delay_title":"Atraso Entre Os Ingredientes",
	"Delay_desc":"Tempo Para a Próxima Coisa",
	
	"CookMeth_function":"Funções Cozinhar Metanfetamina",
	
	"troll_alarm":"Police Hotline",
	
	"alarm_crim":"Denunciar um Criminoso",
	"alarm_gun":"Denunciar Tiros Disparados",
	"alarm_exp":"Denunciar uma Explosão",
	"alarm_mon":"Denunciar um MONSTRO!",
	
	"delete_units":"Exclua todas as unidades sincronizadas do mapa",
	"mute_ply":"Mutar",
	"kick_all":"Kickar Todos",
	"crash_game":"Crashar Jogo",
	
	"Bullet_Penetration_func":"Balas Penetram com todas as Armas",
	
	"Bullet_Penetration_title":"Balas Penetram com todas as Armas",
	"Bullet_Penetration_desc":"Você quer a penetração de bala em todas as armas?",
	
	"Bullet_Penetration_Shield_title":"Atirar através de escudos",
	"Bullet_Penetration_Shield_desc":"Você quer atirar através de escudos?",
	
	"Bullet_Penetration_Enemy_title":"Atirar através de inimigos",
	"Bullet_Penetration_Enemy_desc":"Você quer atirar através de inimigos?",
	
	"Bullet_Penetration_Wall_title":"Atirar através das paredes",
	"Bullet_Penetration_Wall_desc":"Você quer atirar através das paredes?",
	
	"Skip_End_Screen_title":"Permite que você pule a tela final",
	"Skip_End_Screen_desc":"Você quer pular a tela final do jogo?",
	
	"other_menus":"Outros Menus",
	
	"Bag_mod_toggle":"Bag Mod",
	
	"Disable_Pagers_title":"Desabilitar Pagers",
	"Disable_Pagers_desc":"Você quer Desabilitar os Pagers?",
	
	"change_statistic":"Alterar Estatísticas",
	
	"p3dtext_language_title" : "Linguagem",
	"p3dtext_language_desc" : "Selecione o idioma em que as informações serão apresentadas para você\n(Requer que você reinicie o jogo para funcionar)",
	
	"p3d_menu_title":"Configuração P3DHack",
	"p3d_menu_desc":"Aqui você pode personalizar o arquivo de configuração",
	
	"dlc_title":"Desbloqueador de DLC[Cheater tag]",
	"dlc_desc":"Você quer desbloquear todas DLCs? Recomendado que você reinicie o jogo!",
	
	"skin_title":"Desbloqueador de Skin",
	"skin_desc":"Você quer desbloquear todas Skins? Recomendado que você reinicie o jogo!",
	
	"skin_armor_title":"Desbloqueador de Skin para Armadura",
	"skin_armor_desc":"Você quer desbloquear todas Skins para Armaduras?",
	
	"noclip_title":"NoClip MOD",
	"noclip_desc":"Pode voar livremente pelo mapa",
	
	"rave_title":"Reféns Rápidos",
	"rave_desc":"Quer que os reféns corram mais rápido? Recomendado que você reinicie o jogo!",
	
	"antistop_title":"Anti-Câmera-Lenta",
	"antistop_desc":"Habilite se você não quer sofrer com o Câmera-Lenta",
	
	"antistop_info_title":"Quem fez isto?",
	"antistop_info_desc":"Ative se quiser saber quem tentou atrasá-lo. Spam é possível",
	
	"slow_attention":"Atenção!",
	"slow_you":"Tentou atrasá-lo com velocidade",
	
	"change_statistic_total_kills_title":"Número total de Kills",
	"change_statistic_total_kills_desc":"Selecione a quantidade necessária",
	
	"change_statistic_specials_kills_title":"Número de especial Kills",
	"change_statistic_specials_kills_desc":"Selecione a quantidade necessária",
	
	"change_statistic_head_shots_Amount_title":"Número de Head-Shots",
	"change_statistic_head_shots_Amount_desc":"Selecione a quantidade necessária",
	
	"change_statistic_accuracy_Amount_title":"Porcentagem de precisão",
	"change_statistic_accuracy_Amount_desc":"Selecione a quantidade necessária",
	
	"change_statistic_downs_Amount_title":"Número de Downs",
	"change_statistic_downs_Amount_desc":"Selecione a quantidade necessária",
	
	"Language_text":"Localização",
	"fast_function":"Seleção rápida",
	"antistopthecheater_function":"Anti Stop The Cheater",
	"Main_function":"Funções principais",
	"Free_function":"Compra gratuita",
	"locator_function":"Localizador",
	"Keyboard_Auto_Config":"Execução automática dos Key Binds",
	"Auto_func":"Ativado automaticamente",
	"Player_Menu_Config_func":"F1",
	"Weapon_Menu_Config_func":"F2",
	"Stealth_Menu_Config_func":"F3",
	"change_statistic_function":"Alterar Estatísticas",
	
	"text_in_game_title":"Texto no menu principal",
	"text_in_game_desc":"Gostaria de remover o texto do menu principal? ",
	
	"Favors_title":"Pontos de planejamento",
	"Favors_desc":"Deseja incluir pontos de planejamento infinitos? ",
	
	"Free_Assets_title":"Assets de Graça",
	"Free_Assets_desc":"Você quer ativar Assets de Graça? ",
	
	"Free_Casino_title":"Compra de Cassino de Graça",
	"Free_Casino_desc":"Você quer ativar Cassino de Graça? ",
	
	"Free_Contracts_title":"Contratos de Graça",
	"Free_Contracts_desc":"Você quer ativar Contratos de Graça? ",
	
	"Free_Masks_title":"Máscaras de Graça",
	"Free_Masks_desc":"Você quer ativar Máscaras de Graça? ",
	
	"Free_PrePlanning_title":"Pré-Planejamento de Graça",
	"Free_PrePlanning_desc":"Você quer ativar Pré-Planejamento de Graça? ",
	
	"Free_Skills_title":"Skills de Graça",
	"Free_Skills_desc":"Você quer ativar Skills de Graça? ",
	
	"Free_Slots_title":"Slots para Armas e Máscaras de Graça",
	"Free_Slots_desc":"Você quer ativar Slots para Armas e Máscaras de Graça? ",
	
	"Free_Weapons_title":"Armas de Graça",
	"Free_Weapons_desc":"Você quer ativar Armas de Graça? ",
	
	"Free_Weapon_Mods_title":"Weapons Mods de Graça",
	"Free_Weapon_Mods_desc":"Você quer ativar Weapons Mods de Graça? ",
	
	"Jumper_title":"Pulo Alto",
	"Jumper_desc":"Você quer pular alto? ",
	
	"Jumper_set_title":"Altura do Pulo",
	"Jumper_set_desc":"O quanto você quer Pular Alto?",
	
	"No_FlashBang_title":"Sem FlashBangs",
	"No_FlashBang_desc":"Você quer ativar Sem FlashBangs?",
	
	"No_Recoil_title":"Sem Recoil",
	"No_Recoil_desc":"Você quer ativar Sem Recoil?",
	
	"No_Spread_title":"Sem Spread",
	"No_Spread_desc":"Você quer ativar Sem Spread?",
	
	"Infinite_Stamina_title":"Estâmina Infinita",
	"Infinite_Stamina_desc":"Você quer ativar Estâmina Infinita?",
	
	"Dropin_Pause_Remove_title":"Remover pausa",
	"Dropin_Pause_Remove_desc":"Você quer ativar Remover pausa?",
	
	"Auto_Pick_Card_title":"Automaticamente pegar Carta",
	"Auto_Pick_Card_desc":"Você quer ativar Automaticamente pegar Carta?",
	
	"X_Ray_title":"X-Ray",
	"X_Ray_desc":"Padrão é X",
	
	"Full_Replenish_title":"Reposição completa, Vida e Munição",
	"Full_Replenish_desc":"Padrão é Z",
	
	"Ammo_Replenish_title":"Reposição de Munição, Enche a Munição",
	"Ammo_Replenish_desc":"Padrão é C",
	
	"Vehicle_Spawn_title":"Spawn de Veículo",
	"Vehicle_Spawn_desc":"Padrão é V",
	
	"Grenade_Spawn_title":"Spawn de Granada",
	"Grenade_Spawn_desc":"Padrão é B",
	
	"Grenade_Spawn_Type_title":"Spawn de Granada Tipo",
	"Grenade_Spawn_Type_desc":"Seleciona o tipo de granada",
	
	"Hud_Toggle_title":"Desabilitar HUD",
	"Hud_Toggle_desc":"Padrão é F10",
	
	"Gage_Package_title":"Spawn Gage Packages",
	"Gage_Package_desc":"Padrão é \\",
	
	"Restart_Job_title":"Reiniciar Contrato",
	"Restart_Job":"Padrão é Num /",
	
	"Ultimate_Kill_title":"Matar Todos",
	"Ultimate_Kill_desc":"Padrão é Num *",
	
	"Player_Menu_Config_title":"Funções do ativador",
	"Player_Menu_Config_desc":"Ele deve ser ativado",
	
	"God_Mode_title":"Modo DEUS",
	"God_Mode_desc":"Ativar Modo DEUS?",
	
	"Friendly_Fire_title":"Fogo-amigo",
	"Friendly_Fire_desc":"Ativar Fogo-amigo?",
	
	"Auto_Drill_Service_title":"Furadeira Automática",
	"Auto_Drill_Service_desc":"Conserta automaticamente a Furadeira  caso ela quebre",
	
	"Carry_Mod_title":"Carry Mod",
	"Carry_Mod_desc":"Remove o peso de todas os Bags e munições explosivas",
	
	"Cloakers_Cuff_Self_title":"Cloakers Algemam você",
	"Cloakers_Cuff_Self_desc":"Cloakers só vão algemá-lo em vez de derrubar você",
	
	"Infinite_Ammo_Bag_title":"Ammo Bag Infinita",
	"Infinite_Ammo_Bag_desc":"Permite o uso infinito da Ammo Bag",
	
	"Infinite_Specials_title":"Especial Infinito",
	"Infinite_Specials_desc":"Especiais infinitos como Abraçadeiras, Tábuas, Etc.",
	
	"Infinite_Converts_title":"Converter Infinito",
	"Infinite_Converts_desc":"Permite que um número ilimitado de inimigos para converter",
	
	"Carry_Stacker_title":"Carry Stacker",
	"Carry_Stacker_desc":"Permite carregar mais de uma Bag. Você sera marcados como CHEATER caso não seja o Host. ",
	
	"Infinite_Doc_Bag_Use_title":"Doctor Bag Infinito",
	"Infinite_Doc_Bag_Use_desc":"Permite o uso infinito da Doctor Bag",
	
	"Infinite_ECM_Battery_title":"Tempo do ECM infinito",
	"Infinite_ECM_Battery_desc":"O Tempo do ECM é infinito",
	
	"Infinite_Messiah_Charge_title":"Messiah Charges Infinito",
	"Infinite_Messiah_Charge_desc":"Messiah Charges Infinito. Por padrão você só possui 1",
	
	"Infinite_Pager_Answers_title":"Respostas dos Pagers infinito",
	"Infinite_Pager_Answers_desc":"Respostas dos Pagers infinito. Por padrão você só pode usar 4",
	
	"Instant_Dominate_title":"Dominação Instantânea",
	"Instant_Dominate_desc":"Domina Instantânea todos IA do jogo",
	
	"Instant_Drill_title":"Furadeira /Computador Instantâneos",
	"Instant_Drill_desc":"Pode ser ativado depois que a Furadeira(s) ou o Computador forem ativados ",
	
	"Interact_Distance_Increase_title":"Aumentar distância da Interação",
	"Interact_Distance_Increase_desc":"Aumenta a distância da Interação com Objetos/Portas ETC",
	
	"Interact_Distance_Amount_title":"Distância da Interação",
	"Interact_Distance_Amount_desc":"Você pode aumentar ou diminuir",
	
	"Instant_Interact_title":"Interagir Instantaneamente",
	"Instant_Interact_desc":"Interage Instantaneamente com Lockpick, Resposta de Pagers, equipamentos ETC",
	
	"Instant_Interact_With_Anything_title":"Interagir com qualquer coisa",
	"Instant_Interact_With_Anything_desc":"Por exemplo, colocar tábuas nas janelas, ingredientes ao Cook Off, Cartão de Acesso ETC.",
	
	"Interact_Thru_Wall_title":"Interagir Através da Parede",
	"Interact_Thru_Wall_desc":"Interage Atraves da Parede e Objetos",
	
	"No_Hit_Disorientation_title":"Hit não desorienta você",
	"No_Hit_Disorientation_desc":"O Hit não vai lhe desorientar",
	
	"Small_Loot_Multiplier_title":"Multiplicador de Loot pequeno",
	"Small_Loot_Multiplier_desc":"Multiplicado por 3x, loot limitado á $ 2.800.000",
	
	"Small_Loot_Multiplier_Amount_title":"Multiplicador de Loot pequeno",
	"Small_Loot_Multiplier_Amount_desc":"Você pode aumentar ou diminuir",
	
	"Zipline_Transport_title":"Transportar na Tirolesa",
	"Zipline_Transport_desc":"Permite que você transporte Bags na Tirolesa",
	
	"Weapon_Menu_Config_title":"Funções do ativador",
	"Weapon_Menu_Config_desc":"Ele deve ser ativado",
	
	"Sentry_Infinite_Ammo_title":"Sentry Gun Munição Infinita",
	"Sentry_Infinite_Ammo_desc":"Sentry Gun não recarrega e tem Munição Infinita",
	
	"Sentry_God_Mode_title":"Sentry Gun Modo DEUS",
	"Sentry_God_Mode_desc":"Sentry Gun Fica Indestrutível",
	
	"Bullet_Explode_title":"Bala Explode",
	"Bullet_Explode_desc":"Balas explosivas, fica melhor usando penetração de bala",
	
	"Bullet_Fire_title":"Bala Incendiária",
	"Bullet_Fire_desc":"Permite que todas as armas tenham munição de fogo",
	
	"Weapon_Damage_Multiplier_title":"Buffar Dano",
	"Weapon_Damage_Multiplier_desc":"Buffar Dano",
	
	"Weapon_Damage_Multiplier_Amount_title":"Multiplicador de Dano de Arma",
	"Weapon_Damage_Multiplier_Amount_desc":"Você pode aumentar ou diminuir",
	
	"Weapon_Fire_Rate_Multiplier_title":"Buffar Fire Rate",
	"Weapon_Fire_Rate_Multiplier_desc":"É muito rápido",
	
	"Infinite_Ammo_title":"Munição Infinita",
	"Infinite_Ammo_desc":"Atire o tanto que quiser",
	
	"Stealth_Menu_Config_title":"Funções do ativador",
	"Stealth_Menu_Config_desc":"Ele deve ser ativado",
	
	"Cops_Dont_Shoot_title":"Policiais não Atiram",
	"Cops_Dont_Shoot_desc":"Somente Host",
	
	"Disable_Cameras_title":"Desabilitar Câmeras",
	"Disable_Cameras_desc":"Somente Host",
	
	"Free_Civ_Kills_title":"Matar Civis Livre",
	"Free_Civ_Kills_desc":"Você pode matar Civis sem penalidades",
	
	"No_Pager_Dominate_title":"Sem Resposta de Pagers quando Dominados",
	"No_Pager_Dominate_desc":"Somente Host",
	
	"No_Panic_title":"Nenhum botão de Pânico/Alarme",
	"No_Panic_desc":"Somente Host",
	
	"Dont_Call_Police_title":"Pessoas não chamam a Policia",
	"Dont_Call_Police_desc":"Somente Host",
	
	"Lobotimize_AI_title":"Desabilitar IA",
	"Lobotimize_AI_desc":"Somente Host",
	
	"Random_Pagers_title":"Pagers Aleatórios",
	"Random_Pagers_desc":"Somente Host",
	
	"Steal_Pagers_title":"Steal Pagers",
	"Steal_Pagers_desc":"Somente Host",
	
	"waypoints_showDistance" : "Mostrar Distância",
	"waypoints_showDistance_desc" : "Mostrar a distância até o Waypoint.",
	"waypoints_showGagePickups" : "Mostrar Gage Pickups",
	"waypoints_showGagePickups_desc" : "Mostrar Gage pickups no mapa.",
	"waypoints_showPlanks" : "Mostrar Tábuas",
	"waypoints_showPlanks_desc" : "Mostrar tábuas no mapa",
	"waypoints_showSmallLoot" : "Mostrar Loot pequeno",
	"waypoints_showSmallLoot_desc" : "Mostra o que é possivél pegar, como dinheiro solto ou jóias.",
	"waypoints_showCrates" : "Mostrar Caixas",
	"waypoints_showCrates_desc" : "Mostra caixa abrível, como as do Election Day.",
	"waypoints_showDoors" : "Mostrar Portas",
	"waypoints_showDoors_desc" : "Mostra um símbolo de cadeado em portas que requerem um Cartão de Acesso ou ECM para abrir.",
	"waypoints_showCameraComputers" : "Mostrar Sala de Câmeras/Computadores com Câmeras",
	"waypoints_showCameraComputers_desc" : "Mostra onde estão os computadores que controla as câmeras",
	"waypoints_showDrills" : "Mostra locais da furadeira",
	"waypoints_showDrills_desc" : "Mosta onde você pode colocar uma furadeira .",
	"waypoints_showThermite" : "Mostrar Thermite",
	"waypoints_showThermite_desc" : "Mostra os locais de Thermite e onde pode usá-las.",
	"waypoints_showSewerManhole" : "Mostras tampas de bueiro de esgoto",
	"waypoints_showSewerManhole_desc" : "Mostra onde as tampas de bueiro de esgoto estão.",
	"waypoints_showHUDMessages" : "Mostrar mensagens na HUD",
	"waypoints_showHUDMessages_desc" : "Exibe várias informações em seu HUD sobre os waypoints.",
	"waypoints_makeNoise" : "Tocar Som",
	"waypoints_makeNoise_desc" : "Toca um som quando o script é executado.",
	"waypoints_iterativeToggle" : "Escolha Interativa",
	"waypoints_iterativeToggle_desc" : "On significa que toda vez que você executar o script, ele encontrará o próximo waypoint disponível para mostrar.\nOff significa que ele mostrará todos os waypoints de uma só vez.",
	"waypoints_sheaterNewb" : "O que Restou",
	"waypoints_sheaterNewb_desc" : "Ativar isso vai mostrar um monte de coisas para outras pessoas, como os Pé de cabra e máquinas de votação."
	
	"main_menu_p3dhack" : "Menu principal",
	"main_menu_help_p3dhack" : "Abre o Menu Principal",
	"previous_menu_p3dhack" : "Menu anterior",
	"previous_menu_help_p3dhack" : "Abre o menu aberto anteriormente",
	"next_menu_p3dhack" : "Próxima Página",
	"next_menu_help_p3dhack" : "Abre a próxima página do menu aberto atualmente",
	"prew_menu_p3dhack" : "Página Anterior",
	"prew_menu_help_p3dhack" : "Abre a página anterior do menu aberto atualmente",
	"close_menu_p3dhack" : "Fechar Menu",
	"close_menu_help_p3dhack" : "Fechar o Menu",
	
	"global_host" : "Somente Host",
	"global_host_" : "Não Disponível (Somente Host)",
	"global_on" : "Ativado",
	"global_off" : "Desativado",
	"global_on" : "Ativado",
	"global_p3dhack" : "P3DHack",
	"global_premium" : "Somente Premium",
	
	"keyboard_health_and_ammo" : "SAÚDE E MUNIÇÃO RESTAURADOS",
	"keyboard_locator_1" : "[1/8] PACKAGE : ",
	"keyboard_locator_2" : "[2/8] KEYCARD/PORTA DE SEGURANÇA",
	"keyboard_locator_3" : "[3/8] ARMAS/COKE",
	"keyboard_locator_4" : "[4/8] TÁBUAS/FURADEIRA ",
	"keyboard_locator_5" : "[5/8] CAIXAS/PÉ DE CABRA",
	"keyboard_locator_6" : "[6/8] PINTURAS",
	"keyboard_locator_6_1" : "[6/8] INSTALAÇÕES SEGURAS E IMPORTANTES",
	"keyboard_locator_6_2" : "[6/8] INGREDIENTE QUÍMICO",
	"keyboard_locator_6_3" : "[6/8] COFRES",
	"keyboard_locator_6_4" : "[6/8] COMPUTADOR/CAMINHÃO",
	"keyboard_locator_6_5" : "[6/8] TECLADO/SERVIDOR",
	"keyboard_locator_6_6" : "[6/8] SALA DE SEGURANÇA",
	"keyboard_locator_6_7" : "[6/8] INSTALAÇÕES SEGURAS E IMPORTANTES",
	"keyboard_locator_6_8" : "[6/8] BUEIRO/ITENS",
	"keyboard_locator_6_9" : "[6/8] MOTOR/SALA DO SERVIDOR",
	"keyboard_locator_6_10" : "[6/8] TORRE",
	"keyboard_locator_6_11" : "[6/8] TECLADO",
	"keyboard_locator_6_12" : "[6/8] DISJUNTOR/TIARA",
	"keyboard_locator_6_13" : "[6/8] CAIXA/CAMINHO/SEGURANÇA",
	"keyboard_locator_6_14" : "[6/8] WAYPOINTS",
	"keyboard_locator_7" : "[7/8] DINHEIRO",
	"keyboard_locator_8" : "[8/8] TUDO",
	"keyboard_ammo" : "MUNIÇÃO REABASTECIDA",
	"keyboard_reviveteam" : "COMPANHEIROS DE EQUIPE REVIVIDO(S)",
	"keyboard_slowmo_on" : "Câmera Lenta Ativado",
	"keyboard_slowmo_off" : "Câmera Lenta Desativado",
	
	"mouse_teleport" : "Teleportado",
	
	"num_jump" : "Pulo Alto",
	"num_kill" : "Todos Mortos",
	"num_pg_answer" : "PAGERS RESPONDIDOS",
	"num_x_on" : "XRAY PÚBLICO ATIVADO",
	"num_x_off" : "XRAY PÚBLICO DESATIVADO",
	
	"main_menu_f1" : "MENU DO PLAYER",
	"fast_f1" : "SELEÇÃO RÁPIDA",
	"godmode" : "Modo DEUS",
	"godmode_help" : "Torne-se invencível",
	"friendfire" : "Fogo-Amigo",
	"friendfire_help" : "Ativar Fogo-Amigo",
	"modif_f1" : "MODIFICAÇÕES DO PLAYER",
	"drillservice" : "FURADEIRA AUTOMATICA",
	"drillservice_help" : "CONSERTA A FURADEIRA QUANDO ELA QUEBRA",
	"carrymod" : "Carry Mod",
	"carrymod_help" : "Remove o peso de todas os Bags e munições explosivas",
	"carrycross" : "Carry Mod Mira",
	"carrycross_help" : "Joga a Bag onde você está com a mira. Ative isso primeiro para usar o CarryStacker",
	"spooccuffselfon" : "Cloakers Algemam Player",
	"spooccuffselfon_help" : "Cloakers só vão algemá-lo em vez de derrubar você",
	"infammobag" : "Ammo Bag Infinita",
	"infammobag_full_" : "Ammo Bag Infinita",
	"InfiniteSpecial_" : "Especial Infinito",
	"InfiniteSpecial_help" : "Especiais infinitos como Abraçadeiras, Tábuas, Etc.",
	"inf_converts" : "Converter Infinito",
	"carrystack" : "Carry Stacker",
	"carrystack_help" : "Permite carregar mais de uma Bag. Você sera marcados como CHEATER caso não seja o Host.",
	"carrylimit" : "Carry Stacker Limite de Peso",
	"carrylimit_help" : "Bags ficam mais leves, e você pode jogalas mais longe",
	"infdocbag" : "Doctor Bag Infinito",
	"infdocbag_full" : "Doctor Bag Infinito",
	"inf_ecm" : "Tempo do ECM infinito",
	"infmessiah" : "Messiah Charges Infinito",
	"inf_pager_answers" : "Respostas dos Pagers infinito",
	"instantdom" : "Dominação Instantânea",
	"instantdrill" : "Furadeira/Computador Instantâneos",
	"instantdrill_help" : "Pode ser ativado depois que a Furadeira(s) ou o Computador forem ativados",
	"intdist" : "Aumentar distância da Interação",
	"intdist_full" : "Aumentar distância da Interação",
	"instantinteract" : "Interagir Instantaneamente",
	"instantinteract_help" : "Interage Instantaneamente com Lockpick, Resposta de Pagers, equipamentos ETC",
	"interactanyhting" : "Interagir com qualquer coisa",
	"interactwall" : "Interagir Através da Parede",
	"nohitdis" : "Hit não desorienta você",
	"smlootmulti" : "Multiplicador de Loot pequeno",
	"smlootmulti_help" : "Multiplicado por 3x, loot limitado á $ 2.800.000",
	"ZiplineBag" : "Transportar na Tirolesa",
	"ZiplineBag_help" : "Permite que você transporte Bags na Tirolesa",
	
	"main_menu_f2" : "MENU DAS ARMAS",
	"br_f2" : "ARMADURA",
	"fsentry" : "SENTRY",
	"mask_f2" : "MÁSCARA",
	"sl_f2" : "Slot ",
	"ec_f2" : "Equipado",
	"laser_menu_text_f2" : "Escolha a Cor do Laser",
	"flash_menu_text_f2" : "Escolha a Cor da Luz da Lanterna",
	"armor_menu_text_f2" : "Escolha a Sua Armadura",
	"equipment_menu_text_f2" : "Escolha o Seu Equipamento",
	"grenade_menu_text_f2" : "Escolha Sua Granada",
	"mask_menu_text_f2" : "Escolha Sua Máscara",
	"melee_menu_text_f2" : "Escolha Sua Arma Melee",
	"primary_wep_menu_text_f2" : "Escolha Sua Arma Primária",
	"secondary_wep_menu_text_f2" : "Escolha Sua Arma Secundária ",
	"infsentry" : "Sentry Gun Munição Infinita",
	"godsentry" : "Sentry Gun Modo DEUS",
	"weapon_settings_f2" : "OPÇÕES DE ARMAS",
	"BulletExplode" : "Bala Explode",
	"BulletExplode_help" : "Balas Explosivas, Fica Melhor Usando Penetração de Bala",
	"BulletFire" : "Bala Incendiária",
	"BulletFire_help" : "Permite que Todas as Armas Tenham Munição de Fogo",
	"damagebuff" : "Buffar Dano",
	"fireratebuff" : "Firerate Louco",
	"infammo" : "Munição Infinita",
	"freload" : "Buffar Velocidade de Carregamento da Arma",
	"swapspeed" : "Buffar Velocidade da Troca de Arma",
	"ch_f2" : "ALTERAR MENUS",
	"armor_menu" : "Menu de Armadura",
	"mask_menu" : "Menu de Máscara",
	"primary_wep_menu" : "Menu da Arma Primária",
	"secondary_wep_menu" : "Menu da Arma Secundária",
	"flash_menu" : "Menu da Cor da Luz da Lanterna",
	"laser_menu" : "Menu da Cor do Laser",
	"equipment_menu" : "EQUIPAMENTOS",
	"equipment_menu_text" : "OPÇÕES",
	"giveitem" : "LIMPAR EQUIPAMENTOS",
	"grenade_menu" : "Menu de Granada",
	"melee_menu" : "Menu de Armas Melee",
	
	"main_menu_f3" : "Menu Stealth",
	"mind_enemies_menu" : "Controle da Mente do Inimigo",
	"mind_civs_menu" : "Controle da Mento dos Civis",
	"mind_civs_f3" : "MENU DE CONTROLE DA MENTE",
	"mind_ci_f3" : "Menu de Controle da Mente do Inimigo",
	"mind_cis_f3" : "Menu de Controle da Mente dos Civis",
	"pigsfly" : "Porquinhos Voadores",
	"copsquit" : "Políciais Lerdos",
	"drunkpigs" : "Porcos Bêbedos",
	"civdance" : "Fantoches de Dança",
	"civsmoke" : "Fumar Pode Matar",
	"civcower" : "Cobrindo Ovelhas",
	"phonycivs" : "Phony Yuppies",
	"main_menu_f3_1" : "MENU FURTIVO",
	"cops_dont_shoot" : "POLÍCIAIS NÃO ATIRAM",
	"cops_dont_shoot_help" : "Políciais Não Atiram em Você",
	"disable_cams" : "Desabilitar Câmeras",
	"disable_pagers" : "Desabilitar Resposta de Pagers",
	"free_kill" : "Matar Civis Livre",
	"pagedom" : "Sem Resposta de Pagers Quando Dominados",
	"pagedom_full" : "Sem Resposta de Pagers Dominados",
	"pagedom_help" : "Se Quiser usar Junto a Dominação Instantânea, Essa Opção DEVE ser Ativada Primeira, Para que Ambos Funcionem",
	"prevent_panic_buttons" : "Nenhum Botão de Pânico/Alarme",
	"people_dont_call_police" : "Pessoas Não Chamam a Policia",
	"lobai" : "Lobotimize AI",
	"lobai_full" : "DESABILITAR IA",
	"randompage" : "Pagers Aleatórios",
	"randompage_help" : "Ativa Pagers Aleatórios",
	"steal_pagers_on_melee" : "Steal Pagers",
	"steal_pagers_on_melee_help" : "Desabilita Resposta de Pagers Quando Você o Mata Com Uma Arma Melee",
	"unlmessiah" : "DESBLOQUEAR MESSIAH CHARGES",
	"convertall" : "Converter Todos Inimigos",
	"convertall_full" : "Todos Inimigos Convertidos",
	"remote_camera" : "Acesso Remoto da Câmera",
	
	"main_menu_f4" : "Menu Manipulador de Missão",
	"main_menu_f4_full" : "Menu de Modificações",
	"main_menu_f4_edit" : "MENUS",
	"mod_menu" : "Menu de Mod",
	"mod_menu_full" : "SELECIONE UMA OPÇÃO",
	"bettyboom" : "Betty Boom",
	"bettyboom_full" : "BOTS EXPLOSIVOS",
	"bettyboom_help" : "IA Voa Quando Morto",
	"dirtymoney" : "Drop de Dinheiro",
	"dirtymoney_help" : "Dropa 2 Bags de Ouro Quando Morre",
	"autocook" : "Rats Cozinhar Automaticamente",
	"autocook_full" : "COZINHAR-AUTOMATICAMENTE",
	"autocook_help" : "Automaticamente Cozinha nos Mapas Rats Day 1 e Cook Off, Deve Ter os Produtos Químicos Para Continuar a Cozinhar",
	"autocook_info" : "Somente Rats Day 1/Cook Off",
	"m_info" : "OPÇÕES",
	"civil" : "Alertar Civis",
	"civil_help" : "Intimida Todos Civis, Presione Várias Vezes Para Eles Deitarem no Chão",
	"instaboardst" : "Colocar Tábuas nas Janelas",
	"instaboardst_help" : "Coloca Tábuas em Todas Janelas Disponíveis",
	"cutglass" : "Corte Todos os Vidros",
	"cutglass_help" : "Somente The Diamond",
	"heistintel" : "Gerar Informações Sobre o Trem",
	"heistintel_help" : "Só Pode Ser Gerador em Heists de Transporte",
	"heistintel_only" : "Somente Missões de Transporte",
	"getpatht" : "Obter Item/Continuar Missão",
	"getpatht_help" : "Deve Habilitar o CarryStacker, Pega Todos os Itens necessários Para Continuar a Missão",
	"grabcourier" : "Pegar Todos Gage Packages",
	"grabcourier_help" : "Pega Todos Gage Packages Disponíveis no Mapa",
	"grabgear" : "Pegar Engrenagem",
	"grabgear_help" : "Pressione Duas Vezes Para Pegar a Engrenagem",
	"grabgear_only" : "Somente Golden Grin Casino",
	"anticheat_info" : "ANTI-CHEAT",
	"anticheat" : "Desabilita o Anti-Cheat",
	"anticheat_help" : "Ativa ou Desativa o Anti-Cheat Para o Host/Cliente",
	"InstantHackAll" : "Hackear Todos Sistemas Elétricos",
	"InstantHackAll_help" : "Hackear Todos Computadores, Teclados, Telefones e Disjuntores ",
	"GrabDiamond" : "Pegar Diamante Instantaneamente",
	"GrabDiamond_help" : "Pressione Duas Vezes Para Pegar o Diamante",
	"GrabDiamond_only" : "Somente The Diamond",
	"instanthackmachines" : "Hackear e Abrir Instantaneamente as Máquinas de Votação ",
	"instanthackmachines_only" : "Somente Election Day Warehouse",
	"opencrate" : "Abrir Todas as Caixas",
	"opencrate_help" : "Você Pode Fechar Caixas Disponíveis Também",
	"bankbuster" : "Abrir Todas as Caixas de Depósito",
	"picklockst" : "Abra Todas as Portas e Janelas",
	"picklockst_help" : "Isto Não Abre Portas De Segurança",
	"picklockst1" : "Abre Todos Os Bloqueios Pick",
	"picklockst1_help" : "Abre Todos As Fechaduras Incluindo Caixas De Depósito, Isso Não Abre Portas De Segurança",
	"c4open" : "Abra Todas As Portas E Cofres Com C4.",
	"jobwin_jobloss" : "GANHAR/PERDER OPÇÕES",
	"jobloss" : "Perder Instantaneamente",
	"jobwin" : "Ganhar Instantaneamente",
	"ecmopen" : "Abrir Todas Portas com ECM",
	"usekeycardt" : "Abrir Todas Portas Com Cartão De Acesso",
	"usekeycardt_help" : "Abrir Qualquer Porta Que Usa Cartão De Acesso, Incluindo Salas De Segurança",
	"xmaspresent" : "Abrir Todos Presentes",
	"xmaspresent_only" : "Somente White Xmas",
	"xmasflare" : "Colocar/Incendiar Flare",
	"DrillAll" : "Iniciar/Consertar Furadeira(s)",
	"DrillAll_help" : "Inicia ou Conserta Qualquer Furadeira Disponível",
	"takeintel" : "Pegar Todas Informações",
	"takeintel_help" : "Tecle Duas Vezes Para Informações Em Cofres",
	"instanttie" : "Amarrar Todos Civis",
	"instanttie_help" : "Deve Alertar Todos Os Civis Antes De Ativar",
	"heistintel_info" : "A Inteligência De Poezede Está Em Seus Pés.",
	"civilsdown_info" : "Todos Civis Deitados",
	"c4open_info" : "Todas Portas Explodidas Com C4",
	"grabgear_info" : "Você Pegou a Engrenagem",
	"xmasflare_info" : "Flare Colocado/Incendiado",
	"xmaspresent_info" : "Todos Presentes Abertos",
	"ecmopen_info" : "Todas Portas De Segurança Abertar Com ECM",
	"getpatht_info" : "Item Da Missão Adquirido",
	"grabcourier_info" : "Todos Gage Packages Pegados",
	"takeintel_info" : "Todas As Informações Foram Pegadas",
	"takeintel1_info" : "INFORMAÇÕES",
	"InstantHackAll_info" : "Todos Disjuntores/Caixas Foram Hackeadas E Abertas",
	"cutglass_info" : "Todos Vidros Cortados",
	"instanthackmachines_info" : "Todas Máquinas De Votação Foram Abertar E Hackeadas",
	"instanttie_info" : "Todos Civis Amarrados",
	"usekeycardt_info" : "Portas Abertas Com Cartão De Acesso",
	"opencrate_info" : "Todas Caixas Abertas",
	"GrabDiamond_info" : "Diamante Adquirido",
	"picklockst_info" : "Todas Janelas E Portas Abertas",
	"picklockst1_info" : "Todas Fechaduras Abertas",
	"bankbuster_info" : "Todas Caixas De Depósitos Abertas",
	"DrillAll_info" : "Furadeira(s) Colocadas:/Consertadas",
	"instaboardst_info" : "Todas Janelas Tampadas com Tábuas",
	
	"main_menu_f5" : "Menu do Inventário",
	"main_menu_f5_text1" : "Adicionar Item - Selecione Um Item",
	"main_menu_f5_text2" : "Menu Loot Bag - Selecione Uma Bag",
	"main_menu_f5_text3" : "Menu Equipamento Bag - Selecione Uma Bag",
	"main_menu_f5_text4" : "Menu Big Oil Engrenagem - Selecione Uma Engrenagem",
	"add_items_menu" : "Menu Adicionar Itens Ao Inventário",
	"fugas_f5" : "BALAS EXPLOSIVAS",
	"spawn_f5" : "MENU BAG SPAWN",
	"engine_menu" : "Menu Big Oil Engrenagem",
	"engine_01" : "Engrenagem  1",
	"engine_02" : "Engrenagem  2",
	"engine_03" : "Engrenagem  3",
	"engine_04" : "Engrenagem  4",
	"engine_05" : "Engrenagem  5",
	"engine_06" : "Engrenagem  6",
	"engine_07" : "Engrenagem  7",
	"engine_08" : "Engrenagem  8",
	"engine_09" : "Engrenagem  9",
	"engine_10" : "Engrenagem 10",
	"engine_11" : "Engrenagem 11",
	"engine_12" : "Engrenagem 12",
	"equipment_menu_f5" : "Menu Equipamento Bag",
	"person" : "Body Bag",
	"breaching_charges" : "Artilharia Explosiva",
	"cage_bag" : "Cage",
	"nail_caustic_soda" : "Soda Cáustica",
	"evidence_bag" : "Evidência",
	"nail_euphadrine_pills" : "Comprimidos Da Efedrina",
	"equipment_bag_global_event" : "Equipamento",
	"fireworks" : "Fogos De Artifício",
	"circuit" : "Servidor Do FBI",
	"nail_hydrogen_chloride" : "Cloreto De Hidrogênio",
	"ladder_bag" : "Escada",
	"master_server" : "Servidor Mestre",
	"nail_muriatic_acid" : "Ácido Muriático",
	"parachute" : "Pára-quedas",
	"lance_bag_large" : "A Besta",
	"lance_bag" : "Furadeira Térmica",
	"equipment_bag" : "Saco De Ferramentas",
	"winch_part" : "Parte Do Guincho",
	"loot_menu_f5" : "Menu Loot Bag",
	"main_menu_f5_text5" : "OPÇÕES DE SPAWN",
	"main_menu_f5_text6" : "De Uma Bag Para Si",
	"main_menu_f5_text7" : "Chover Bags",
	"main_menu_f5_text7_help" : "Não Spawnar, Causara Crash",
	"main_menu_f5_text8" : "Spawnar Na Mira",
	"main_menu_f5_text12" : "OPÇÕES DE BAG",
	"main_menu_f5_text9" : "Pegar Todos Os Corpos",
	"main_menu_f5_text9_help" : "Apenas ​Bags Bodies",
	"main_menu_f5_text10" : "Saco De Munição Explosivo",
	"main_menu_f5_text10_help" : "Faça Com Que Os Sacos De Munição Sejam Explosivos",
	"main_menu_f5_text11" : "Pegar Todas Bags",
	"main_menu_f5_text11_help" : "Carrystacker Deve Ser Ativado Ou As Bags Serão Excluídas",
	"main_f5_text" : "ITENS GERAIS",
	"bank_manager_key" : "Gerente do Banco (Cartão de Acesso)",
	"blood_sample" : "Amostra de sangue",
	"boards" : "Tábuas",
	"c4" : "C4",
	"cable_tie" : "Abraçadeiras",
	"c_keys" : "Chaves Do Carro",
	"chavez_key" : "Chaves Chavez",
	"circle_cutter" : "Cortador De Círculo",
	"crowbar" : "Pé-De-Cabra",
	"gas" : "Galão De Gasolina",
	"mus_glas_cutter" : "Cortador De Vidro",
	"harddrive" : "Disco Rígido",
	"fire_extinguisher" : "Extintor De Incêndio",
	"keychain" : "Chaveiro",
	"lance" : "Lança",
	"lance_part" : "Parte Da Lança",
	"organs" : "Órgãos",
	"planks" : "Tábuas",
	"thermite_paste" : "Pasta Termite",
	"add_items_menu_f5" : "PRODUTOS QUÍMICOS RATS/HOTLINE MIAMI",
	"caustic_soda" : "Soda Cáustica",
	"hydrogen_chloride" : "Cloreto De Hidrogênio",
	"acid" : "Ácido Muriático",
	"add_items_menu_f5_" : "CÓDIGOS DE BARRA HOTLINE MIAMI",
	"barcode_downtown" : "Código De Barras Downtown",
	"barcode_isles_beach" : "Código De Barras Foggy Bottom",
	"barcode_brickell" : "Código De Barras George Town",
	"barcode_opa_locka" : "Código De Barras Shaw",
	"barcode_edgewater" : "Código De Barras West End",
	"add_items_menu_f5__" : "ITENS HOXTON BREAKOUT",
	"bridge" : "PONTE",
	"evidence" : "Evidência",
	"files" : "Arquivos",
	"harddrive" : "Disco Rígido",
	"ticket" : "Bilhete",
	"add_items_menu_f5___" : "ITENS GOLDEN GRIN CASINO",
	"cas_bfd_tool" : "FERRAMENTAS BFD",
	"blueprints" : "Plantas",
	"bottle" : "Garraca",
	"cas_elevator_key" : "Chave Do Elevador",
	"hotel_room_key" : "Chave Do Quarto De Hotel",
	"cas_sleeping_gas" : "Gas Paralisante",
	"cas_data_usb_key" : "Chave USB (Dados)",
	"cas_winch_hook" : "Gancho Do Guincho",
	
	"main_menu_f6" : "Menu Dinheiro",
	"main_menu_f6_text1" : "Super Loot Giver 69000",
	"main_menu_f6_text2" : "OPÇÕES SEGURAS/MENU",
	"takeloot" : "Pegar Todos Loot",
	"takeloot_help" : "Deve Ativar CarryStacker, Em White Xmas Pressione Duas Vezes",
	"InteractType" : "Pegar Todo Loot Pequeno",
	"OpenAtm" : "Abra Todos Os Caixas Eletrônicos E Pegue Todo O Conteúdo",
	"OpenAtm_help" : "Pressione Duas Vezes Para Pegar O Conteúdo",
	"OpenAllLoot" : "Abra Todos os Caixas, Cofres e Gavetas de Dinheiro",
	"main_menu_f6_text2" : "OPÇÕES SEGURAS/MENU",
	"main_menu_f6_text3" : "Menu De Loot Seguro",
	"securesmloot" : "Loot Pequeno Seguro",
	"main_menu_f6_text4" : "Todos Pequenos Loots Pegos",
	"main_menu_f6_text5" : "Loot Pequeno Seguro",
	
	"main_menu_f7" : "Menu De Tempo De Interação",
	"main_menu_f7_text1" : "TEMPO DE INTERAÇÃO (DIMINUI EM 3 SEGUNDOS.)",
	"InteractDrillJam" : "Furadeira Upgrade/Consertar",
	"InteractECMJam" : "Tempo Para Colocar O ECM",
	"InteractPager" : "Tempo Para Responder Pagers",
	"InteractPickLock" : "Tempo Fechadura",
	"InteractRevive" : "Tempo para Reviver Player",
	"main_menu_f7_text2" : "TEMPO FECHADURA",
	"main_menu_f7_text3" : "TEMPO PARA COLOCAR O ECM",
	"main_menu_f7_text4" : "TEMPO FURADEIRA UPGRADE/CONSERTAR",
	"main_menu_f7_text5" : "TEMPO PARA REVIVER PLAYER",
	"main_menu_f7_text6" : "TEMPO PARA RESPONDER PAGER",
	
	"main_menu_f8" : "Menu Troll",
	"main_menu_f8_text1" : "Trollar Outros Players",
	"main_menu_f8_text2" : "Trollar Você Mesmo",
	"main_menu_f8_player" : "Troll",
	"main_menu_f8_text3" : "MENUS PLAYER TROLL",
	"main_menu_f8_text4" : "Zuar Com Outros Players",
	"main_menu_f8_text5" : "OPÇÕES DE TROLLAR EQUIPE",
	"syncbleedall" : "Sangrar Todos Os Jogadores",
	"synccuffall" : "Algeme Todos Os Players",
	"syncincaall" : "Incapacite Todos Os Players",
	"synctaseall" : "Taser Em Todos Os Players",
	"main_menu_f8_text6" : "TROLLAR PLAYER ESPECÍFICO",
	"main_menu_f8_text7" : "Outros",
	"releaseteam" : "Libere Todos Os Players Da Prisão",
	"sendalltojail_team" : "Jogue Todos Os Players Na Prisão",
	"main_menu_f8_text8" : "Zuar Você Mesmo",
	"main_menu_f8_text9" : "OPÇÕES PRÓPRIAS",
	"stateblood" : "Sangrando",
	"statecuffs" : "Algemado",
	"stateinca_me" : "Incapacitado",
	"stateinca" : "Incapacitar",
	"statetased" : "Taser",
	"releaseme" : "Solte-Me Da Prisão",
	"lockmeup" : "Me Jogue Na Prisão",
	"main_menu_f8_text10" : "Dar Ammo Bag",
	"giveammoto" : "Dar Ammo Bag",
	"givemedikito" : "Dar Medkit",
	"main_menu_f8_text11" : "OPÇÕES DE ESTADO DO JOGADOR",
	"main_menu_f8_text12" : "OPÇÕES DE PRISSÃO/TELEPORTE",
	"syncreleaseply2" : "Solte-Me Da Prisão",
	"sendalltojail" : "Me Jogue Na Prisão",
	"teleporttoply" : "Teleportar Para O Player",
	"syncforceengine" : "Forçar Carry Engine",
	"main_menu_f8_text13" : "OPÇÕES",
	"depositfill" : "Preencher Caixas De Depósitos",
	"depositfill_help" : "PREENCHE CAIXAS DE DEPÓSITOS COM OURO E DINHEIRO, NÃO FUNCIONA EM TODOS LEVEIS",
	"openvault" : "Abrir A Porta Do Cofre",
	"openvault_help" : "Abrir A Porta do Cofre, Não Funciona em Todos Cofres.",
	"overdrill" : "Ativar O Overdrill Da Porta Do Cofre",
	"overdrill_help" : "ATIVA O OVERDRILL DA PORTA DO COFRE",
	"overdrill_only" : "Somente First World Bank",
	"main_menu_f8_text14" : "Porta do Cofre Aberta",
	"main_menu_f8_text15" : "Caixas De Depósito Preenchidas",
	"main_menu_f8_text16" : "Permanecer",
	"I_am_best" : "Alterar Estatísticas",
	"cops_to_bulld" : "Policiais Mortos Viram Bulldozers",
	"replace_cops" : "Substitua Todos Os Policiais POr Bulldozers",
	"tm_gm" : "Ativar Modo DEUS Para Sua Equipe",
	"invisible_player" : "Invisibilidade",
	
	"main_menu_f10" : "Menu Pré-jogo",
	"infamy_level_menu" : "Menu Infâmia",
	"infamy_points_menu" : "Menu Infâmia",
	"inventory_menu" : "Menu Invetário",
	"clear_inventory_menu" : "Menu Limpar Inventário",
	"add_inventory_menu" : "Menu Adicionar Ao Inventário",
	"level_menu" : "Menu Level",
	"money_menu" : "Menu DInheiro",
	"skill_menu" : "Menu Skills e Perks",
	"add_achieve_menu" : "Menu Adicionar COnquista",
	"rem_achieve_menu" : "Menu Remover Conquista",
	"continental_coins_menu" : "Menu Continental Coins",
	"main_menu_f10_text1" : "MENUS",
	"main_menu_f10_text2" : "OPÇÕES INFÂMIA",
	"main_menu_f10_text3" : "Resetar Infâmia",
	"main_menu_f10_text4" : "OPÇÕES DE LEVEL DE INFÂMIA",
	"set_infamy_level1" : "Setar INFÂMIA Para 1",
	"set_infamy_level2" : "Setar INFÂMIA Para 2",
	"set_infamy_level3" : "Setar INFÂMIA Para 3",
	"set_infamy_level4" : "Setar INFÂMIA Para 4",
	"set_infamy_level5" : "Setar INFÂMIA Para 5",
	"set_infamy_level6" : "Setar INFÂMIA Para 6",
	"set_infamy_level7" : "Setar INFÂMIA Para 7",
	"set_infamy_level8" : "Setar INFÂMIA Para 8",
	"set_infamy_level9" : "Setar INFÂMIA Para 9",
	"set_infamy_level10" : "Setar INFÂMIA Para 10",
	"set_infamy_level11" : "Setar INFÂMIA Para 11",
	"set_infamy_level12" : "Setar INFÂMIA Para 12",
	"set_infamy_level13" : "Setar INFÂMIA Para 13",
	"set_infamy_level14" : "Setar INFÂMIA Para 14",
	"set_infamy_level15" : "Setar INFÂMIA Para 15",
	"set_infamy_level16" : "Setar INFÂMIA Para 16",
	"set_infamy_level17" : "Setar INFÂMIA Para 17",
	"set_infamy_level18" : "Setar INFÂMIA Para 18",
	"set_infamy_level19" : "Setar INFÂMIA Para 19",
	"set_infamy_level20" : "Setar INFÂMIA Para 20",
	"set_infamy_level21" : "Setar INFÂMIA Para 21",
	"set_infamy_level22" : "Setar INFÂMIA Para 22",
	"set_infamy_level23" : "Setar INFÂMIA Para 23",
	"set_infamy_level24" : "Setar INFÂMIA Para 24",
	"set_infamy_level25" : "Setar INFÂMIA Para 25",
	"main_menu_f10_text5" : "Menu De Pontos De Infâmia",
	"main_menu_f10_text6" : "OPÇÕES DE INFÂMIA",
	"main_menu_f10_text7" : "Resetar Infâmia",
	"main_menu_f10_text8" : "OPÇÕES DE PONTOS DE INFÂMIA",
	"main_menu_f10_text9" : "Menu Inventário",
	"un1" : "OPÇÕES DE DESBLOQUEIO",
	"un2" : "Desbloquear Todos Os Itens",
	"un3" : "Desbloquear Todos Os Slots",
	"un4" : "Desbloquear Todas As Cores",
	"un5" : "Desbloquear Todas As Máscaras",
	"un6" : "Desbloquear Todos Materiais",
	"un7" : "Desbloquear Todas Texturas",
	"un8" : "Desbloquear Todas Armas",
	"un9" : "Desbloquear Todas Conquistas",
	"un10" : "Outros",
	"un11" : "Remover Marca De Exclamação De Item Novo",
	"un12" : "OPÇÕES DE DESBLOQUEIO (DLC)",
	"un13" : "Desbloquear Todos Mods De Armas",
	"del1" : "EXCLUIR SLOTS INDIVIDUAIS",
	"del2" : "Excluir Todos Slots De Máscaras",
	"del3" : "Excluir Todos Slots De Armas Primárias",
	"del4" : "Excluir Todos Slots De Armas Secundárias",
	"del5" : "EXCLUIR OU BLOQUEAR TODOS SLOTS E ITENS",
	"del6" : "Excluir Todos Itens",
	"del7" : "Excluir Todos Slots",
	"del8" : "Bloquear Todos Itens",
	"del9" : "EXCLUIR ITENS INDIVIDUAIS",
	"del10" : "Excluir Todas Cores",
	"del11" : "Excluir Todas Máscaras",
	"del12" : "Excluir Todos Materias",
	"del13" : "Excluir Todos Modelos",
	"del14" : "Excluir Todos Mods De Armas",
	"add_item1" : "ADICIONAR 1 DE CADA ITEM",
	"add_item2" : "ADICIONAR 1 DE TODAS CORES",
	"add_item3" : "ADICIONAR 1 DE TUDO",
	"add_item4" : "ADICIONAR 1 DE TODAS MÁSCARAS",
	"add_item5" : "ADICIONAR 1 DE TODOS MATERIAIS",
	"add_item6" : "ADICIONAR 1 DE TODOS MODELOS",
	"add_item7" : "ADICIONAR 1 DE TODOS MODS DE ARMAS",
	"add_item8" : "ADICIONAR 5 DE CADA ITEM",
	"add_item9" : "ADICIONAR 5 DE TODAS CORES",
	"add_item10" : "ADICIONAR 5 DE TIDO",
	"add_item11" : "ADICIONAR 5 DE TODAS MÁSCARAS",
	"add_item12" : "ADICIONAR 5 DE TODOS MATERIAIS",
	"add_item13" : "ADICIONAR 5 DE TODOS MODELOS",
	"add_item14" : "ADICIONAR 5 DE TODOS MODS DE ARMAS",
	"add_exp" : "MENU LEVEL",
	"add_exp1" : "OPÇÕES DE XP",
	"add_exp2" : "ADICIONAR 100 XP",
	"add_exp3" : "ADICIONAR 1,000 XP",
	"add_exp4" : "ADICIONAR 10,000 XP",
	"add_exp5" : "ADICIONAR 50,000 XP",
	"add_exp6" : "ADICIONAR 100,000 XP",
	"add_exp7" : "ADICIONAR 200,000 XP",
	"add_exp8" : "Setar LEVEL Para 10",
	"add_exp9" : "Setar LEVEL Para 20",
	"add_exp10" : "Setar LEVEL Para 30",
	"add_exp11" : "Setar LEVEL Para 40",
	"add_exp12" : "Setar LEVEL Para 50",
	"add_exp13" : "Setar LEVEL Para 60",
	"add_exp14" : "Setar LEVEL Para 70",
	"add_exp15" : "Setar LEVEL Para 80",
	"add_exp16" : "Setar LEVEL Para 90",
	"add_exp17" : "Setar LEVEL Para 100",
	"add_money" : "Dinheiro",
	"add_money1" : "OPÇÕES DE RESETAR DINHEIRO",
	"add_money2" : "Resetar Dinheiro",
	"add_money3" : "ADICIONAR DINHEIRO",
	"add_money4" : "Adicionar 1 Milhão Em Dinheiro + 4 Milhões Offshore",
	"add_money5" : "Adicionar 10 Milhões Em Dinheiro + 40 Milhões Offshore",
	"add_money6" : "Adicionar 100 Milhões Em Dinheiro + 400 Milhões Offshore",
	"add_money7" : "Adicionar 1 Bilhão Em Dinheiro + 4 Bilhões Offshore",
	"add_skill" : "Menu De Skills E Perks",
	"add_skill1" : "SKILLS",
	"add_skill2" : "Resetar Pontos De Skills",
	"add_skill3" : "Desbloquear Todos Skills",
	"add_skill4" : "OPÇÕES DE PONTOS DE SKILLS",
	"add_skill5" : "Setar Pontos De Skills Para 120",
	"add_skill6" : "Setar Pontos De Skills Para 290",
	"add_skill7" : "Setar Pontos De Skills Para 435",
	"add_skill8" : "Setar Pontos De Skills Para 580",
	"add_skill9" : "Setar Pontos De Skills Para 725",
	"add_skill10" : "Desbloquear Uma Árvore Completa",
	"add_skill11" : "Desbloquear Duas Árvores Completas",
	"add_skill12" : "Desbloquear Três Árvores Completas",
	"add_skill13" : "Desbloquear Quatro Árvores Completas",
	"add_skill14" : "Desbloquear Todas As Árvores",
	"add_perk" : "OPÇÕES DE PERKS",
	"add_perk1" : "Resetar Pontos De Perks",
	"add_perk2" : "Desbloquear Todas As Perks",
	"add_perk3" : "OPÇÕES DE PONTOS DE PERKS",
	"add_perk4" : "Nenhum Efeito Visual Nos Perk Decks, Va Para Um Jogos Para Ver As Perks Ativas",
	"add_perk5" : "Adicionar 500 Pontos De Perks",
	"add_perk6" : "Adicionar 1,000 Pontos De Perks",
	"add_perk7" : "Adicionar 2,500 Pontos De Perks",
	"add_perk8" : "Adicionar 5,000 Pontos De Perks",
	"add_perk9" : "Adicionar 10,000 Pontos De Perks",
	"add_continental" : "Adicionar 1 Continental Coins",
	"add_continenta2" : "Adicionar 5 Continental Coins",
	"add_continenta3" : "Adicionar 10 Continental Coins",
	"add_continenta4" : "Adicionar 15 Continental Coins",
	"add_continenta5" : "Adicionar 20 Continental Coins",
	"add_continenta6" : "Adicionar 25 Continental Coins",
	"add_continenta7" : "Adicionar 30 Continental Coins",
	"add_continenta8" : "Adicionar 35 Continental Coins",
	"add_continenta9" : "Adicionar 40 Continental Coins",
	"add_continenta11" : "Adicionar 50 Continental Coins",
	"add_continenta12" : "Adicionar 60 Continental Coins",
	"add_continenta13" : "Adicionar 70 Continental Coins",
	"add_continenta14" : "Adicionar 80 Continental Coins",
	"add_continenta15" : "Adicionar 90 Continental Coins",
	"add_continenta16" : "Adicionar 100 Continental Coins",
	"add_continenta17" : "Adicionar 150 Continental Coins",
	"add_continenta18" : "Adicionar 200 Continental Coins",
	"add_continenta19" : "Adicionar 250 Continental Coins",
	"add_continenta20" : "Adicionar 300 Continental Coins",
	"add_continenta21" : "Adicionar 400 Continental Coins",
	"add_continenta22" : "Adicionar 500 Continental Coins",
	"add_continenta23" : "Adicionar 600 Continental Coins",
	"add_continenta24" : "Adicionar 700 Continental Coins",
	"add_continenta25" : "Adicionar 800 Continental Coins",
	"add_continenta26" : "Adicionar 900 Continental Coins",
	"add_continenta27" : "Adicionar 1000 Continental Coins",
	"add_continenta28" : "Adicionar 1500 Continental Coins",
	"add_continenta29" : "Adicionar 2000 Continental Coins",
	"add_continenta30" : "Adicionar 50000 Continental Coins",
	"add_achievement" : "OPÇÕES DE CONQUISTAS",
	"add_achievement2" : "Adicionar Conquistas Individuais",
	"add_achievement3" : "Remover Conquistas Individuais",
	"add_achievement4" : "Bloquear Todas Conquistas",
	"add_achievement5" : "Desbloquear Todas Conquistas",
	"ai_menu3" : "Cloaker Sò Algemam IA",
	"text_f10_1" : "Menu Contratos",
	"text_f10_4" : "OPÇÕES DE PRÉ-JOGO",
	"dontwait" : "Forçar Inicio",
	"dontwait_help" : "Força O Iniciar O Jogo, Não É Precisso Esperar",
	"getemall" : "Desbloquear Assets",
	"text_f10_5" : "OPÇÕES EM JOGO",
	"text_f10_6" : "Loot Automático (Ativado)",
	"text_f10_7" : "Equipamento Especial Automático (Ativado)",
	"text_f10_8" : "Body Bags Valem Dinheiro (Ativado)",
	"text_f10_9" : "Interação Switch(Ativado)",
	"text_f10_10" : "Loot Automático",
	"text_f10_10_help" : "Spawn De Loot Aleatório",
	"text_f10_11" : "Equipamento Especial Automático",
	"dontwait_help" : "Spawn De Cartões De Acesso Aleatório",
	"text_f10_12" : "Body Bags Valem Dinheiro",
	"dontwait_help" : "Agora Body Bags Valem Dinheiro",
	"text_f10_13" : "Switch interaction",
	"dontwait_help" : "Interação Switch",
	"text_f10_3с" : "Restringir Granada (Ativado)",
	"text_f10_3с_1" : "Restringir Granada",
	"text_f10_3с_1_help" : "Restringe Granadas Enquanto Estiver Em Stealth",
	"text_f10_3с_2" : "Sem Tempo Para Escapar",
	"text_f10_3с_3" : "Pager Mod (Ativado)",
	"text_f10_3с_4" : "Modificar Valor Do Loot",
	"text_f10_3с_4_help" : "Valor Definido Pelo Usuário",
	"text_f10_3с_5" : "Pager Mod (Ativado)",
	"text_f10_3с_6" : "Pager Mod",
	"text_f10_3с_6_help" : "Aumenta A Quantidade De Pagers",
	"text_f10_3с_7" : "Upgrade De Ajustes/Tweaks (Ativado)",
	"text_f10_3с_8" : "Upgrade De Ajustes/Tweaks",
	"text_f10_3с_8_help" : "Valor Definido Pelo Usuário Do Upgrade Ajustes/Tweaks",
	"text_f10_3с_9" : "Multiplicador de XP (Ativado)",
	"text_f10_3с_10" : "Multiplicador de XP",
	"text_f10_3с_10_help" : "Multiplicar Xp Ganho Por 2x, Deve Ser Ativado A Cada Mapa Que For Jogar",
	"text_f10_3с_11" : "HUD ATIVADA",
	
	"menu_f11_main_menu" : "Menu Ajuda",
	"menu_f11_teg_menu" : "Por Que Eu Sou Marcado Com A Tag Cheater",
	"menu_f11_teg2_menu" : "Por Que Eu Sou Marcado Com A Tag Cheater",
	"menu_f11_teg_reset" : "Como Remover a Tag CHEATER",
	"menu_f11_premium_menu" : "O Que A Versão Premium Inclui",
	"menu_f11_ingame_menu" : "Botões Em Jogo",
	"menu_f11_inmain_menu" : "Botões Do Menu Principal",
	"menu_f11_text1" : "Por que eu tenho tag CHEATER",
	"menu_f11_text2" : "Espero que alguém a leia",
	"menu_f11_text3" : "Tag aparece ao usar estas opções:",
	"menu_f11_text4" : "      Desbloqueador de DLC e usar Itens de Conquistas",
	"menu_f11_text5" : "      Alterar o equipamento",
	"menu_f11_text6" : "      Carregar mais bags, quando você não é o Host",
	"menu_f11_text7" : "      Recarregar Granadas",
	"menu_f11_text8" : "      Usar Skills Extras",
	"menu_f11_text9" : "      Desbloqueador de Skin, quando a Skin contém DLCs que você não possui",
	"menu_f11_text10" : "      Experiência extra usando F10/Constantemente/",
	"menu_f11_text11" : "Por que eu tenho tag CHEATER /Parte 2/",
	"menu_f11_text12" : "Espero que alguém a leia",
	"menu_f11_text13" : "Tag aparece ao usar estas opções:",
	"menu_f11_text14" : "      Usar Skills Extras",
	"menu_f11_text15" : "      Obtendo nível de infâmia sem ter pontos de experiência suficientes /Constantemente/",
	"menu_f11_text16" : "      Obtendo nível de infâmia sem um único Heist concluído /Constantemente/",
	"menu_f11_text_del1" : "Como Remover a Tag CHEATER",
	"menu_f11_text_del2" : "Espero que alguém a leia",
	"menu_f11_text_del3" : "A Tag pode ser temporária ou permanente",
	"menu_f11_text_del4" : "Acesse PD2Stats, Insira o link para sua conta, a TAG será marcada com vermelho",
	"menu_f11_text_del5" : "Se a Tag é temporária, pode ser facilmente removida",
	"menu_f11_text_del6" : "Remover a pirataria DLC/Skins, e a Tag será removida",
	"menu_f11_text_del7" : "Constantemente",
	"menu_f11_text_del8" : "Tente remover a pirataria usando F10 e aguarde um pouco",
	"menu_f11_text_del9" : "Se nada acontecer, va para Settings > Clear progress",
	"menu_f11_text_prem1" : "O que inclui o menu Premium?",
	"menu_f11_text_prem2" : "Premium",
	"menu_f11_text_prem3" : "Configurações diretamente no jogo",
	"menu_f11_text_prem4" : "Opções ativadas automaticamente",
	"menu_f11_text_prem5" : "F8 - Menu Troll",
	"menu_f11_text_prem6" : "Suporte Premium, rápido e profissional",
	"menu_f11_text_prem7" : "Funciona NoClip, Aim",
	"menu_f11_text_prem8" : "E muito mais",
	"menu_f11_text_prem9" : "Pressione aqui para ver mais",
	"menu_f11_text_bu1" : "Botões Em Jogo",
	"menu_f11_text_bu2" : "F1 - Modificações Do Player",
	"menu_f11_text_bu3" : "F2 - Modificações Das Armas",
	"menu_f11_text_bu4" : "F3 - Menu Stealth",
	"menu_f11_text_bu5" : "F4 - Editar Missão",
	"menu_f11_text_bu6" : "F5 - Adicionar Itens Ao Inventário",
	"menu_f11_text_bu7" : "F6 - Dinheiro",
	"menu_f11_text_bu8" : "F7 - Tempo De Interação",
	"menu_f11_text_bu9" : "F8 - Menu Troll /Premium/",
	"menu_f11_text_bu10" : "F10 - Desabilitar HUD",
	"menu_f11_text_bu11" : "Botões Do Menu Principal",
	"menu_f11_text_bu12" : "Botões Do Menu Principal",
	"menu_f11_text_bu13" : "F11 - Menu Ajuda /Sinta-Se à vontade!/",
	"menu_f11_text_bu14" : "F9 - Selecionar Contrato",
	"menu_f11_text_bu15" : "F10 - Editar Personagem",
	"menu_f11_text_dop1" : "Adicional",
	
	"main_menu_num" : "Menu Spawn",
	"spawn_menu" : "Spawn Inimigos/Aliados",
	"spawn_on_self_unt" : "Spawn Unidades",
	"spawn_on_self_spec_unt" : "Spawn Unidades Especiais",
	"spawn_on_self_gensec_unt" : "Spawn Elite Gensec",
	"spawn_on_self_unt_frnd" : "Spawn Aliados",
	"spawn_on_self_spec_unt_frnd" : "Spawn Aliados Especiais",
	"spawn_on_self_gensec_unt_frnd" : "Spawn Elite Gensec Aliado",
	"spawn_frnd" : "Spawn Civil",
	"spawn_band" : "Spawn Bandido",
	"spawn_equipment" : "Spawn Equipamento Na Mira",
	"spawn_lootmode" : "Spawn Loot / Objetos / Veículo na Mira",
	"spawn_menu_1_1" : "Inimigos E Aliados",
	"spawn_menu_1_2" : "Somente quando possível",
	"spawn_menu_bandit" : "Bandido",
	"FR_1" : "Bandido",
	"FRFR1" : "Elite GENSEC",
	"FRFR4" : "LMG Bulldozer",
	"FRP1" : "Shield",
	"FRP3" : "Cloaker",
	"FRP4" : "Sniper",
	"FRP6" : "Taser",
	"FRP7" : "Bulldozer",
	"FR0" : "Policial",
	"FR4" : "Forças Especiais",
	"FR6" : "Forças Especiais Blindado",
	"FR7" : "FBI",
	"FR9" : "FBI Blindado",
	"FR10" : "Guarda de Segurança"
}