{
	"troll_alarm":"Police Hotline"
	
	"alarm_crim":"Report a Criminal"
	"alarm_gun":"Report Shots Fired"
	"alarm_exp":"Report Explosion"
	"alarm_mon":"Report a MONSTER!"
	
	"delete_units":"Delete all synchronized units from map"
	"mute_ply":"Кинуть в мут"
	"kick_all":"Исключить всех"
	"crash_game":"Крашнуть игру"
	
	"Bullet_Penetration_func":"Стрелять сквозь объекты"
	
	"Bullet_Penetration_title":"Стрелять сквозь объекты"
	"Bullet_Penetration_desc":"Хотите ли вы стрелять сквозь объекты?"
	
	"Bullet_Penetration_Shield_title":"Стрелять сквозь щиты"
	"Bullet_Penetration_Shield_desc":"Хотите ли вы стрелять сквозь щиты?"
	
	"Bullet_Penetration_Enemy_title":"Стрелять сквозь врагов"
	"Bullet_Penetration_Enemy_desc":"Хотите ли вы стрелять сквозь врагов?"
	
	"Bullet_Penetration_Wall_title":"Стрелять сквозь стены"
	"Bullet_Penetration_Wall_desc":"Хотите ли вы стрелять сквозь стены?"
	
	"Skip_End_Screen_title":"Пропустить подсчет опыта"
	"Skip_End_Screen_desc":"Хотите ли вы не ждать подсчета опыта после окончания ограбления?"
	
	"other_menus":"Другие меню"
	
	"Bag_mod_toggle":"Модификатор сумок"
	
	"Disable_Pagers_title":"Отключить пейджеры"
	"Disable_Pagers_desc":"Хотите отключить пейджеры?"
	
	"change_statistic":"Изменение статистики"
	
	"p3dtext_language_title" : "Язык",
	"p3dtext_language_desc" : "Выберите язык мода (Необходимо будет перезапустить игру)",
	
	"p3d_menu_title":"P3DHack Config"
	"p3d_menu_desc":"Здесь вы можете настроить файл конфигураций"
	
	"dlc_title":"DLC Unlocker"
	"dlc_desc":"Хотите ли вы разблокировать все DLC? "
	
	"skin_title":"Skin Unlocker"
	"skin_desc":"Хотите ли вы разблокировать все скины? "
	
	"skin_armor_title":"Armor Skin Unlocker"
	"skin_armor_desc":"Хотите ли вы разблокировать все скины на броню? "
	
	"noclip_title":"NoClip MOD"
	"noclip_desc":"Включите это в игре, если хотите полетать"
	
	"rave_title":"Быстрые заложники"
	"rave_desc":"Хотите ли вы, чтобы заложники быстрее бегали? "
	
	"antistop_title":"Анти-замедлени"
	"antistop_desc":"Включить, если вы не хотите страдать от наличия тега"
	
	"antistop_info_title":"Кто это сделал?"
	"antistop_info_desc":"Включите, если вы хотите знать, кто пытался вас замедлил. Возможен СПАМ"
	
	"slow_attention":"Внимание!"
	"slow_you":"Пытался замедлить Вас со скоростью"
	
	"change_statistic_total_kills_title":"Общее число убийств"
	"change_statistic_total_kills_desc":"Выберите нужное количество"
	
	"change_statistic_specials_kills_title":"Число специальных убийств"
	"change_statistic_specials_kills_desc":"Выберите нужное количество"
	
	"change_statistic_head_shots_Amount_title":"Число попаданий в голову"
	"change_statistic_head_shots_Amount_desc":"Выберите нужное количество"
	
	"change_statistic_accuracy_Amount_title":"Процент точности"
	"change_statistic_accuracy_Amount_desc":"Выберите нужное количество"
	
	"change_statistic_downs_Amount_title":"Число падений"
	"change_statistic_downs_Amount_desc":"Выберите нужное количество"
	
	"Language_text":"Локализация"
	"fast_function":"Быстрый выбор"
	"antistopthecheater_function":"Anti Stop The Cheater"
	"Main_function":"Основные функции"
	"Free_function":"Бесплатные покупки"
	"locator_function":"Функции локатора"
	"Keyboard_Auto_Config":"Активация кнопок"
	"Auto_func":"Автоматическое включение"
	"Player_Menu_Config_func":"F1"
	"Weapon_Menu_Config_func":"F2"
	"Stealth_Menu_Config_func":"F3"
	"change_statistic_function":"Изменить статистику"
	
	"text_in_game_title":"Надписи в главном меню"
	"text_in_game_desc":"Хотите ли вы убрать надписи в главном меню? "
	
	"Favors_title":"Очки планирования"
	"Favors_desc":"Хотите ли вы включить бесконечные очки планирования? "
	
	"Free_Assets_title":"Покупки активов"
	"Free_Assets_desc":"Хотите ли вы включить бесплатные покупки активов? "
	
	"Free_Casino_title":"Покупки в казино"
	"Free_Casino_desc":"Хотите ли вы включить бесплатные покупки в казино? "
	
	"Free_Contracts_title":"Покупки контрактов"
	"Free_Contracts_desc":"Хотите ли вы включить бесплатные покупки контрактов? "
	
	"Free_Masks_title":"Покупка масок"
	"Free_Masks_desc":"Хотите ли вы включить бесплатную покупку масок? "
	
	"Free_PrePlanning_title":"Покупки в планировании"
	"Free_PrePlanning_desc":"Хотите ли вы включить бесплатные покупки в планировании? "
	
	"Free_Skills_title":"Покупка навыков"
	"Free_Skills_desc":"Хотите ли вы включить бесплатную покупку навыков? "
	
	"Free_Slots_title":"Слоты оружия и масок"
	"Free_Slots_desc":"Хотите ли вы включить бесплатную покупку слотов для оружия и масок? "
	
	"Free_Weapons_title":"Покупка оружия"
	"Free_Weapons_desc":"Хотите ли вы включить бесплатную покупку оружия? "
	
	"Free_Weapon_Mods_title":"Покупка оружейных модификаций"
	"Free_Weapon_Mods_desc":"Хотите ли вы включить бесплатную покупку оружейных модификаций? "
	
	"Jumper_title":"Высокий прыжок"
	"Jumper_desc":"Хотите ли вы высоко прыгать? "
	
	"Jumper_set_title":"Высота прыжка"
	"Jumper_set_desc":"На сколько высоко вы хотите прыгнуть?"
	
	"No_FlashBang_title":"Нет ослепления"
	"No_FlashBang_desc":"Хотите не получать ослепления от гранат?"
	
	"No_Recoil_title":"Без отдачи"
	"No_Recoil_desc":"Хотите не получать отдачу при стрельбе?"
	
	"No_Spread_title":"Без разброса"
	"No_Spread_desc":"Хотите очень точно стрелять?"
	
	"Infinite_Stamina_title":"Бесконечная выносливость"
	"Infinite_Stamina_desc":"Хотите иметь бесконечную выносливость?"
	
	"Dropin_Pause_Remove_title":"Убрать паузу"
	"Dropin_Pause_Remove_desc":"Хотите ли вы удаляет паузу, когда игрок подключается к игре?"
	
	"Auto_Pick_Card_title":"Авто карта"
	"Auto_Pick_Card_desc":"Хотите ли вы включить автоматический выбор карты и пропуск черного экрана?"
	
	"X_Ray_title":"X-Ray"
	"X_Ray_desc":"По умолчанию на X"
	
	"Full_Replenish_title":"Пополнение здоровья и патронов"
	"Full_Replenish_desc":"По умолчанию на Z"
	
	"Ammo_Replenish_title":"Пополнение патронов"
	"Ammo_Replenish_desc":"По умолчанию на C"
	
	"Vehicle_Spawn_title":"Спавн техники"
	"Vehicle_Spawn_desc":"По умолчанию на V"
	
	"Grenade_Spawn_title":"Спавн гранат"
	"Grenade_Spawn_desc":"По умолчанию на B"
	
	"Grenade_Spawn_Type_title":"Тип гранаты"
	"Grenade_Spawn_Type_desc":"Выберите необходимый тип гранаты"
	
	"Random_Projectile":"Случайный снаряд"
	"frag":"frag"
	"launcher_frag":"launcher_frag"
	"rocket_frag":"rocket_frag"
	"molotov":"molotov"
	"launcher_incendiary":"launcher_incendiary"
	"launcher_frag_m32":"launcher_frag_m32"
	"wpn_prj_four":"wpn_prj_four"
	"wpn_prj_ace":"wpn_prj_ace"
	"wpn_prj_jav":"wpn_prj_jav"
	
	"Hud_Toggle_title":"Выключить худ"
	"Hud_Toggle_desc":"По умолчанию на F10"
	
	"Gage_Package_title":"Спавн Gage пакетов"
	"Gage_Package_desc":"По умолчанию на \\"
	
	"Restart_Job_title":"Перезапуск контракта"
	"Restart_Job":"По умолчанию на Num /"
	
	"Ultimate_Kill_title":"Убить всех"
	"Ultimate_Kill_desc":"По умолчанию на Num *"
	
	"Player_Menu_Config_title":"Активатор функций"
	"Player_Menu_Config_desc":"Должно быть включено"
	
	"God_Mode_title":"Бессмертие"
	"God_Mode_desc":"Активировать бессмертие?"
	
	"Friendly_Fire_title":"Огонь по своим"
	"Friendly_Fire_desc":"Активировать огонь по своим?"
	
	"Auto_Drill_Service_title":"Авто дрель"
	"Auto_Drill_Service_desc":"Автоматически восстанавливает дрель при поломке"
	
	"Carry_Mod_title":"Керри мод"
	"Carry_Mod_desc":"Удаляет вес всех сумок и взрывоопасных боеприпасов"
	
	"Cloakers_Cuff_Self_title":"Клокер одевает на вас наручники"
	"Cloakers_Cuff_Self_desc":"Клокер не роняет вас, а только одевает наручники"
	
	"Infinite_Ammo_Bag_title":"Бесконечные сумки с патронами"
	"Infinite_Ammo_Bag_desc":"Позволяет бесконечно использовать сумку с патронами"
	
	"Infinite_Specials_title":"Бесконечные вещи"
	"Infinite_Specials_desc":"Например стяжки, доски и другое"
	
	"Infinite_Converts_title":"Бесконечная конвертация врагов"
	"Infinite_Converts_desc":"Позволяет переманивать неограниченное количество врагов"
	
	"Carry_Stacker_title":"Переносить больше сумок"
	"Carry_Stacker_desc":"Если не хост, то дадут временный тег"
	
	"Infinite_Doc_Bag_Use_title":"Бесконечное использование аптечек"
	"Infinite_Doc_Bag_Use_desc":"Позволяет бесконечно использовать аптечки"
	
	"Infinite_ECM_Battery_title":"Бесконечная ECM батарея"
	"Infinite_ECM_Battery_desc":"Позволяет бесконечно использовать ECM"
	
	"Infinite_Messiah_Charge_title":"Бесконечный шанс мессии"
	"Infinite_Messiah_Charge_desc":"Бесконечный шанс мессии"
	
	"Infinite_Pager_Answers_title":"Бесконечные ответы на пейджер"
	"Infinite_Pager_Answers_desc":"Бесконечные ответы на пейджер"
	
	"Instant_Dominate_title":"Мгновенное доминирование"
	"Instant_Dominate_desc":"Ну тут все понятно, поэтому я не знаю, что писать"
	
	"Instant_Drill_title":"Мгновенная дрель/компьютер"
	"Instant_Drill_desc":"Мгновенное сверление и взлом"
	
	"Interact_Distance_Increase_title":"Увеличить растояние взаимодействия"
	"Interact_Distance_Increase_desc":"Увеличить растояние взаимодействия"
	
	"Interact_Distance_Amount_title":"Растояние взаимодействия"
	"Interact_Distance_Amount_desc":"Можно увеличить или уменьшить"
	
	"Instant_Interact_title":"Мгновенное взаимодействие"
	"Instant_Interact_desc":"Включает в себя моментальный ответ на пейджер"
	
	"Instant_Interact_With_Anything_title":"Взаимодействовать с чем-либо"
	"Instant_Interact_With_Anything_desc":"Например заколотить окна или добавить ингридиенты в варку"
	
	"Interact_Thru_Wall_title":"Взаимодействовать через стены"
	"Interact_Thru_Wall_desc":"Взаимодействовать через стены"
	
	"No_Hit_Disorientation_title":"Нет дезориентации"
	"No_Hit_Disorientation_desc":"Нет дезориентации при попадании"
	
	"Small_Loot_Multiplier_title":"Множитель малого лута"
	"Small_Loot_Multiplier_desc":"Множитель 3х, максимальный лут 2 800 000"
	
	"Small_Loot_Multiplier_Amount_title":"Множитель малого лута"
	"Small_Loot_Multiplier_Amount_desc":"Можно увеличить или уменьшить"
	
	"Zipline_Transport_title":"Канатная дорога"
	"Zipline_Transport_desc":"Позволяет транспортировать сумки на всех канатных дорогах"
	
	"Weapon_Menu_Config_title":"Активатор функций"
	"Weapon_Menu_Config_desc":"Должно быть включено"
	
	"Sentry_Infinite_Ammo_title":"Турель - бесконечные патроны"
	"Sentry_Infinite_Ammo_desc":"Турель стреляет без перезарядки и имеет бесконечные патроны"
	
	"Sentry_God_Mode_title":"Турель - бессмертие"
	"Sentry_God_Mode_desc":"Турель бессмертна"
	
	"Bullet_Explode_title":"Взрывные пули"
	"Bullet_Explode_desc":"Теперь все пули взрывные"
	
	"Bullet_Fire_title":"Зажигательные пули"
	"Bullet_Fire_desc":"Зажигательные пули"
	
	"Weapon_Damage_Multiplier_title":"Улучшение урона"
	"Weapon_Damage_Multiplier_desc":"Улучшение урона"
	
	"Weapon_Damage_Multiplier_Amount_title":"Множитель урона"
	"Weapon_Damage_Multiplier_Amount_desc":"Можно увеличить или уменьшить"
	
	"Weapon_Fire_Rate_Multiplier_title":"Безумная скорострельность"
	"Weapon_Fire_Rate_Multiplier_desc":"Вас не остановить"
	
	"Infinite_Ammo_title":"Бесконечные боеприпасы"
	"Infinite_Ammo_desc":"Стреляйте сколько угодно"
	
	"Stealth_Menu_Config_title":"Активатор функций"
	"Stealth_Menu_Config_desc":"Должно быть включено"
	
	"Cops_Dont_Shoot_title":"Полиция не стреляет"
	"Cops_Dont_Shoot_desc":"Только хост"
	
	"Disable_Cameras_title":"Отключить камеры"
	"Disable_Cameras_desc":"Только хост"
	
	"Free_Civ_Kills_title":"Бесплатное убийство граждан"
	"Free_Civ_Kills_desc":"Развлекайтесь, сегодня ваш день"
	
	"No_Pager_Dominate_title":"Нет пейджеров при доминировании"
	"No_Pager_Dominate_desc":"Только хост"
	
	"No_Panic_title":"Нет тревожной кнопки"
	"No_Panic_desc":"Только хост"
	
	"Dont_Call_Police_title":"Люди не вызывают полицию"
	"Dont_Call_Police_desc":"Только хост"
	
	"Lobotimize_AI_title":"Лоботомия"
	"Lobotimize_AI_desc":"Только хост"
	
	"Random_Pagers_title":"Случайные пейджеры"
	"Random_Pagers_desc":"Только хост"
	
	"Steal_Pagers_title":"Кража пейджеров"
	"Steal_Pagers_desc":"Только хост"
	
	"waypoints_showDistance" : "Показать расстояние",
	"waypoints_showDistance_desc" : "Показывает расстояние до точки маршрута для каждой точки",
	"waypoints_showGagePickups" : "Показать Gage пакеты",
	"waypoints_showGagePickups_desc" : "Показывает Gage пакеты на карте",
	"waypoints_showPlanks" : "Показать доски",
	"waypoints_showPlanks_desc" : "Показать все доски на карте",
	"waypoints_showSmallLoot" : "Показатывать малый лут",
	"waypoints_showSmallLoot_desc" : "Показывать небольшеие предметы, как пачка денег или бижутерия",
	"waypoints_showCrates" : "Показывает открываемые ящики",
	"waypoints_showCrates_desc" : "Показывает открываемые ящики, как те, в день выборов",
	"waypoints_showDoors" : "Показать Двери",
	"waypoints_showDoors_desc" : "Показывает символ блокировки двери, которые требуют ключ карты или ECM, чтобы открыть",
	"waypoints_showCameraComputers" : "Показать компьютер скамерами",
	"waypoints_showCameraComputers_desc" : "Показывает, где компьютеры для просмотра камеры на карте",
	"waypoints_showDrills" : "Место для размещения дрели",
	"waypoints_showDrills_desc" : "Показывает, где вы можете разместить небольшую дрель.",
	"waypoints_showThermite" : "Показать термит",
	"waypoints_showThermite_desc" : "Показывает термит и где использовать его.",
	"waypoints_showSewerManhole" : "Показывает канализационные люки",
	"waypoints_showSewerManhole_desc" : "Показывает, где есть канализационные крышки люков",
	"waypoints_showHUDMessages" : "Show HUD Messages",
	"waypoints_showHUDMessages_desc" : "Displays various information on your HUD about the waypoints.",
	"waypoints_makeNoise" : "Делает шум",
	"waypoints_makeNoise_desc" : "Делает шум, когда скрипт запускается",
	"waypoints_iterativeToggle" : "Iterative Toggle",
	"waypoints_iterativeToggle_desc" : "Я не знаю, как правильно сказать это на русском\nOn means that every time you run the script, it will find the next avaiable waypoint to show.\nOff means it will show all waypoints at once.",
	"waypoints_sheaterNewb" : "Остальное",
	"waypoints_sheaterNewb_desc" : "Включите это, чтобы показать много вещей, такие, как коз и машин для голосования"
	
	"selective_dlc_unlocker_menu_name" : "DLC Unlocker без тега",
	"selective_dlc_unlocker_menu_desc" : "За эти DLC вы не получите ЧИТЕР",
	"selective_dlc_unlocker_bsides_soundtrack" : "The OVERKILL B-Sides Soundtrack"
	"selective_dlc_unlocker_dbd_clan" : "Dead by Daylight (Steam Group)"
	"selective_dlc_unlocker_dbd_deluxe" : "Dead by Daylight: Deluxe Edition (Steam Game)"
	"selective_dlc_unlocker_hlm2" : "Hotline Miami 2 (Steam Game)"
	"selective_dlc_unlocker_hlm2_deluxe" : "Hotline Miami 2: Special Edition (Steam Game)"
	"selective_dlc_unlocker_hlm_game" : "Hotline Miami (Steam Game)"
	"selective_dlc_unlocker_pdth_soundtrack" : "PAYDAY: The Heist Soundtrack"
	"selective_dlc_unlocker_solus_clan" : "The Solus Project (Steam Group)"
	"selective_dlc_unlocker_soundtrack" : "The Official Soundtrack"
	"selective_dlc_unlocker_speedrunners" : "SpeedRunners (Steam Game)"
	
	"main_menu_p3dhack" : "Главное меню",
	"main_menu_help_p3dhack" : "Открывает главное меню",
	"previous_menu_p3dhack" : "Вернуться",
	"previous_menu_help_p3dhack" : "Открывает предыдущую страницу",
	"next_menu_p3dhack" : "Вперед",
	"next_menu_help_p3dhack" : "Открывает следующую страницу",
	"prew_menu_p3dhack" : "Назад",
	"prew_menu_help_p3dhack" : "Открывает предыдущую страницу",
	"close_menu_p3dhack" : "Закрыть",
	"close_menu_help_p3dhack" : "Закрыть это меню",
	
	"global_host" : "Только хост",
	"global_host_" : "Недоступно (Только хост)",
	"global_on" : "Включено",
	"global_off" : "Выключено",
	"global_on" : "Включено",
	"global_p3dhack" : "P3DHack",
	"global_premium" : "Только Premium",
	
	"Rats0" : "Добавить ",
	"Rats1" : "Соляную кислоту",
	"Rats2" : "Каустическую соду",
	"Rats3" : "Хлористый водород",
	
	"keyboard_aim_on" : "Aim включен",
	"keyboard_aim_off" : "Aim выключен",
	"keyboard_health_and_ammo" : "Здоровье и патроны пополнены",
	"keyboard_locator_1" : "[1/8] Gage пакеты : ",
	"keyboard_locator_2" : "[2/8] Ключ-карта/Комната охраны",
	"keyboard_locator_3" : "[3/8] Оружие/Кокаин",
	"keyboard_locator_4" : "[4/8] Доски/Дрель",
	"keyboard_locator_5" : "[5/8] Ящики/Лом",
	"keyboard_locator_6" : "[6/8] Картины",
	"keyboard_locator_6_1" : "[6/8] Сейф и ключевые объекты",
	"keyboard_locator_6_2" : "[6/8] Химикаты",
	"keyboard_locator_6_3" : "[6/8] Сейфы",
	"keyboard_locator_6_4" : "[6/8] Компьютер/Грузовик",
	"keyboard_locator_6_5" : "[6/8] Клавиатура/Сервер",
	"keyboard_locator_6_6" : "[6/8] Комната охраны",
	"keyboard_locator_6_7" : "[6/8] Сейф и ключевые объекты",
	"keyboard_locator_6_8" : "[6/8] MANHOLE/Предметы",
	"keyboard_locator_6_9" : "[6/8] Двигатель/Серверная комната",
	"keyboard_locator_6_10" : "[6/8] Турель",
	"keyboard_locator_6_11" : "[6/8] Клавиатура",
	"keyboard_locator_6_12" : "[6/8] Электричество/Tиара",
	"keyboard_locator_6_13" : "[6/8] Коробки/Безопасность/Другое",
	"keyboard_locator_6_14" : "[6/8] Контрольные точки",
	"keyboard_locator_7" : "[7/8] Деньги",
	"keyboard_locator_8" : "[8/8] Все",
	"keyboard_ammo" : "Патроны пополнены",
	"keyboard_reviveteam" : "Союзники подняты",
	"keyboard_slowmo_on" : "Замедление включено",
	"keyboard_slowmo_off" : "Замедление выключено",
	
	"mouse_teleport" : "Телепорт",
	
	"num_jump" : "Высокий прыжок",
	"num_kill" : "Все мертвы",
	"num_pg_answer" : "На все пейджеры был получен ответ",
	"num_x_on" : "Публичный X-RAY включен",
	"num_x_off" : "Публичный X-RAY выключен",
	
	"main_menu_f1" : "Модификации игрока",
	"fast_f1" : "Быстрый выбор",
	"godmode" : "Бессмертие",
	"godmode_help" : "Стань непобедимым",
	"friendfire" : "Огонь по своим",
	"friendfire_help" : "Теперь вы можете убивать своих союзников",
	"modif_f1" : "Модификации игрока",
	"drillservice" : "Авто дрель",
	"drillservice_help" : "Автоматически восстанавливает дрель при поломке",
	"carrymod" : "Керри мод",
	"carrymod_help" : "Удаляет вес всех сумок и взрывоопасных боеприпасов",
	"carrycross" : "Керри мод - прицел",
	"carrycross_help" : "Спавн сумок на прицел, включить это в первую очередь, если вы хотите использовать с Удалить вес сумок",
	"spooccuffselfon" : "Клокер одевает на вас наручники",
	"spooccuffselfon_help" : "Клокер не роняет вас, а только одевает наручники",
	"infammobag" : "Беск. использ. сумки с патронами",
	"infammobag_full_" : "Бесконечное использование сумки с патронами",
	"InfiniteSpecial_" : "Бесконечные вещи",
	"InfiniteSpecial_help" : "Например стяжки, доски, и другое",
	"inf_converts" : "Бесконечная конвертация врагов",
	"carrystack" : "Переносить больше сумок",
	"carrystack_help" : "Если не хост, то дадут временный тег",
	"carrylimit" : "Удалить вес сумок",
	"carrylimit_help" : "Сумки становятся легче, а бросать их вы можете дальше",
	"infdocbag" : "Беск. использование аптечек",
	"infdocbag_full" : "Бесконечное использование аптечек",
	"inf_ecm" : "Бесконечная ECM батарея",
	"infmessiah" : "Бесконечный шанс мессии",
	"inf_pager_answers" : "Бесконечные ответы на пейджер",
	"instantdom" : "Мгновенное доминирование",
	"instantdrill" : "Мгновенная дрель/компьютер",
	"instantdrill_help" : "Мгновенно сверление или мгновенный взлом",
	"intdist" : "Увелич. растояние взаимодействия",
	"intdist_full" : "Взаимодействие-осмотреться",
	"instantinteract" : "Мгновенное взаимодействие",
	"instantinteract_help" : "Включает в себя моментальный ответ на пейджер",
	"interactanyhting" : "Взаимодействовать с чем-либо",
	"interactwall" : "Взаимодействовать через стены",
	"nohitdis" : "Нет дезориентации",
	"smlootmulti" : "Множитель малого лута",
	"smlootmulti_help" : "Множитель 3x, Максимальный лут $ 2,800,000",
	"ZiplineBag" : "Канатная дорога",
	"ZiplineBag_help" : "Позволяет транспортировать сумки на всех канатных дорогах",
	
	"main_menu_f2" : "Модификация оружия",
	"br_f2" : "Броня",
	"fsentry" : "Турель",
	"mask_f2" : "Маска",
	"sl_f2" : "Слот ",
	"ec_f2" : "Экипировано",
	"laser_menu_text_f2" : "Изменить цвет лазера",
	"flash_menu_text_f2" : "Изменить цвет фонарика",
	"armor_menu_text_f2" : "Изменить броню",
	"equipment_menu_text_f2" : "Изменить оборудование",
	"grenade_menu_text_f2" : "Изменить гранаты",
	"mask_menu_text_f2" : "Изменить маску",
	"melee_menu_text_f2" : "Изменить оружие ближнего боя",
	"primary_wep_menu_text_f2" : "Изменить основное оружие",
	"secondary_wep_menu_text_f2" : "Изменить второстепенное оружие",
	"infsentry" : "Турель - бесконечные патроны",
	"godsentry" : "Турель - бессмертие",
	"weapon_settings_f2" : "Настройка оружия",
	"BulletExplode" : "Взрывные пули",
	"BulletExplode_help" : "Теперь все пули взрывные",
	"BulletFire" : "Зажигательные пули",
	"BulletFire_help" : "Зажигательные пули",
	"damagebuff" : "Улучшение урона",
	"fireratebuff" : "Безумная скорострельность",
	"infammo" : "Бесконечные боеприпасы",
	"freload" : "Быстрая перезарядка",
	"swapspeed" : "Быстрая смена оружия",
	"ch_f2" : "Изменить",
	"armor_menu" : "Броню",
	"mask_menu" : "Маску",
	"primary_wep_menu" : "Основное оружие",
	"secondary_wep_menu" : "Второстепенное оружие",
	"flash_menu" : "Цвет фонарика",
	"laser_menu" : "Цвет лазера",
	"equipment_menu" : "Оборудование",
	"equipment_menu_text" : "Выберете необходимое",
	"giveitem" : "Убрать оборудование",
	"grenade_menu" : "Гранаты",
	"melee_menu" : "Оружие ближнего боя",
	
	"main_menu_f3" : "Стелс меню",
	"mind_enemies_menu" : "Контролировать разум врагов",
	"mind_civs_menu" : "Контролировать разум гражданских",
	"mind_civs_f3" : "Контроль разумом",
	"mind_ci_f3" : "Контроль над разумом врагов",
	"mind_cis_f3" : "Контроль над разумом гражданских",
	"pigsfly" : "Летающие свиньи",
	"copsquit" : "Полицейские лодыри",
	"drunkpigs" : "Пьяные свиньи",
	"civdance" : "Танцующие марионетки",
	"civsmoke" : "Курение убивает",
	"civcower" : "Покрытие Овцы",
	"phonycivs" : "Фальшивые Яппи",
	"main_menu_f3_1" : "Стелс меню:",
	"cops_dont_shoot" : "Полиция не стреляет",
	"cops_dont_shoot_help" : "Полиция не будет в вас стрелять",
	"disable_cams" : "Отключить камеры",
	"disable_pagers" : "Отключить пейджеры",
	"free_kill" : "Бесплатное убийство граждан",
	"pagedom" : "Нет пейджера при доминиров.",
	"pagedom_full" : "Нет пейджера при доминации",
	"pagedom_help" : "Если вы используете мгновенное доминирование, то данная функция должен быть включена первой",
	"prevent_panic_buttons" : "Нет тревожной кнопки",
	"people_dont_call_police" : "Люди не вызвают полицию",
	"lobai" : "Лоботомия(Отключене ИИ)",
	"lobai_full" : "Лоботомия",
	"randompage" : "Случайные пейджеры",
	"randompage_help" : "Теперь у некоторых врагов не будет пейджера",
	"steal_pagers_on_melee" : "Кража пейджеров",
	"steal_pagers_on_melee_help" : "Отключение пейджера, когда Вы убили рукопашной атакой охранника",
	"unlmessiah" : "Бесконечная мессия",
	"convertall" : "Конвектировать всех врагов",
	"convertall_full" : "Все враги задоминированы",
	"remote_camera" : "Удаленный доступ к камерам",
	
	"main_menu_f4" : "Редактор миссии",
	"main_menu_f4_full" : "Модификации",
	"main_menu_f4_edit" : "Редактировать:",
	"mod_menu" : "Меню модификаций",
	"mod_menu_full" : "Переключаемо",
	"bettyboom" : "Бетти Бум",
	"bettyboom_full" : "Взрывающиеся боты",
	"bettyboom_help" : "Взрывает ботов после смерти",
	"dirtymoney" : "Грязные деньги",
	"dirtymoney_help" : "Две сумки с золотом после смерти ботов",
	"autocook" : "Крысы Автоматическая плита",
	"autocook_full" : "Автоматическая плита",
	"autocook_help" : "Вы должны иметь химические элементы, чтобы это работало",
	"autocook_info" : "Только первый день Крыс",
	"m_info" : "Манипулировать:",
	"civil" : "Запугать гражданских",
	"civil_help" : "Запугать всех гражданских лиц, нажмите несколько раз, чтобы уложить их на пол",
	"instaboardst" : "Заколотить все окна",
	"instaboardst_help" : "Заколотить всех доступных окна",
	"cutglass" : "Вырезать все стекла",
	"cutglass_help" : "Только Брилиант",
	"heistintel" : "Заспавнить информацию о поезде",
	"heistintel_help" : "Можно заспавнить только на транспортных ограблениях",
	"heistintel_only" : "Только транспортные ограбления",
	"getpatht" : "Получить вещь миссии",
	"getpatht_help" : "Должно быть включен Переносить больше сумок",
	"grabcourier" : "Собрать все Gage пакеты",
	"grabcourier_help" : "Собрать все доступные Gage пакеты",
	"grabgear" : "Захват механизм",
	"grabgear_help" : "Нажмите дважды, чтобы захватить механизм",
	"grabgear_only" : "Только казино Golden Grin",
	"anticheat_info" : "Анти-Чит",
	"anticheat" : "Выключить Анти-Чит",
	"anticheat_help" : "Включить или выключить Анти-Чит для хоста и клиента",
	"InstantHackAll" : "Взломать всю электронику",
	"InstantHackAll_help" : "Взламывает всю доступную технику",
	"GrabDiamond" : "Подобрать алмаз",
	"GrabDiamond_help" : "Нажмите дважды, чтобы подобрать",
	"GrabDiamond_only" : "Только на Брилианте",
	"instanthackmachines" : "Взломать и открыть машины для голосования",
	"instanthackmachines_only" : "Только день выборов",
	"opencrate" : "Открыть все ящики",
	"opencrate_help" : "Вы также можете их закрыть",
	"bankbuster" : "Открыть все банковские ячейки",
	"picklockst" : "Открыть все двери и окна",
	"picklockst_help" : "Не открывает комнату охраны",
	"picklockst1" : "Открыть все замки",
	"picklockst1_help" : "Открывает все замки в том числе банковские ячейки, но это не открывает комнату охраны",
	"c4open" : "Открыть все с помощь C4",
	"jobwin_jobloss" : "Победить/Проиграть",
	"jobloss" : "Проиграть",
	"jobwin" : "Победить",
	"ecmopen" : "Открыть все с помощью ECM",
	"usekeycardt" : "Открыть с помощью ключ-карты",
	"usekeycardt_help" : "Открыть все двери с помощью ключ-карточки",
	"xmaspresent" : "Открыть все подарки",
	"xmaspresent_only" : "Только рождество",
	"xmasflare" : "Запустить сигнальную ракету",
	"DrillAll" : "Установка/Перезапуск дрели",
	"DrillAll_help" : "Установка или перезапуск любой дрели",
	"takeintel" : "Взять все данные",
	"takeintel_help" : "Нажмите дважды, чтобы получить предмет из сейфа",
	"instanttie" : "Связать всех гражданских лиц",
	"instanttie_help" : "Все гражданские должны быть испуганы, прежде чем активировать",
	"heistintel_info" : "Разведывательные данные о поезеде лежат у вас под ногами",
	"civilsdown_info" : "Все граждански напуганы",
	"c4open_info" : "Все двери открыты с помощью C4",
	"grabgear_info" : "Механизм схвачен",
	"xmasflare_info" : "Сигнальные ракеты активированы",
	"xmaspresent_info" : "Все подарки открыты",
	"ecmopen_info" : "Все двери открыты с помощью ECM",
	"getpatht_info" : "Предмет миссии получен",
	"grabcourier_info" : "Все Gage пакеты подобраны",
	"takeintel_info" : "Все разведывательные данные были защищены",
	"takeintel1_info" : "Разведывательные данные",
	"InstantHackAll_info" : "Вся электронная техника взломана",
	"cutglass_info" : "Все стекла вырезаны",
	"instanthackmachines_info" : "Все машины для голосования вломаны и открыты",
	"instanttie_info" : "Все граждане связаны",
	"usekeycardt_info" : "Двери открыты с помощью ключ-карты",
	"opencrate_info" : "Все ящики открыты",
	"GrabDiamond_info" : "Алмаз получен",
	"picklockst_info" : "Все окна и двери открыты",
	"picklockst1_info" : "Все замки взломаны",
	"bankbuster_info" : "Все банковские ячейки открыты",
	"DrillAll_info" : "Дрели установлены/перезапущены",
	"instaboardst_info" : "Все окна заколочены",
	
	"main_menu_f5" : "Инвентарь - Выберите опцию",
	"main_menu_f5_text1" : "Добавить предметов - Выберите предмет",
	"main_menu_f5_text2" : "Мешки с добычей - Выберите сумку",
	"main_menu_f5_text3" : "Сумка с оборудованием - Выберите сумку",
	"main_menu_f5_text4" : "Нефтяное Дело - Выберите двигатель",
	"add_items_menu" : "Добавить предметов в инвентарь",
	"fugas_f5" : "Фугасные снаряды",
	"spawn_f5" : "Спавн сумок",
	"engine_menu" : "Нефтяное Дело",
	"engine_01" : "Двигатель  1",
	"engine_02" : "Двигатель  2",
	"engine_03" : "Двигатель  3",
	"engine_04" : "Двигатель  4",
	"engine_05" : "Двигатель  5",
	"engine_06" : "Двигатель  6",
	"engine_07" : "Двигатель  7",
	"engine_08" : "Двигатель  8",
	"engine_09" : "Двигатель  9",
	"engine_10" : "Двигатель 10",
	"engine_11" : "Двигатель 11",
	"engine_12" : "Двигатель 12",
	"equipment_menu_f5" : "Сумка с оборудованием",
	"person" : "Труп",
	"breaching_charges" : "Подрывные снаряды",
	"cage_bag" : "Детали клетки",
	"nail_caustic_soda" : "Каустическая сода",
	"evidence_bag" : "Улики",
	"nail_euphadrine_pills" : "Таблетки эфедрина",
	"equipment_bag_global_event" : "Снаряжение",
	"fireworks" : "Фейерверк",
	"circuit" : "Сервер",
	"nail_hydrogen_chloride" : "Хлористый водород",
	"ladder_bag" : "Стремянка",
	"master_server" : "Главный сервер",
	"nail_muriatic_acid" : "Соляная кислота",
	"parachute" : "Парашют",
	"lance_bag_large" : "Зверь",
	"lance_bag" : "Термобур",
	"equipment_bag" : "Снаряжение",
	"winch_part" : "Деталь лебедки",
	"loot_menu_f5" : "Сумки с добычей",
	"main_menu_f5_text5" : "Спавн опции",
	"main_menu_f5_text6" : "Спавн на себя",
	"main_menu_f5_text7" : "Дождь из сумок",
	"main_menu_f5_text7_help" : "​Не переусердствуйте",
	"main_menu_f5_text8" : "Спавн на прицел",
	"main_menu_f5_text12" : "Опции сумок",
	"main_menu_f5_text9" : "Упаковать все трупы в мешки",
	"main_menu_f5_text9_help" : "​Упаковать все трупы в мешки",
	"main_menu_f5_text10" : "Разрывные снаряды",
	"main_menu_f5_text10_help" : "Теперь сумки взрываются",
	"main_menu_f5_text11" : "Забрать все сумки",
	"main_menu_f5_text11_help" : "Переносить больше сумок - должно быть включено или сумки пропадут",
	"main_f5_text" : "Основные предметы",
	"bank_manager_key" : "Ключ-карточка",
	"blood_sample" : "Образец крови",
	"boards" : "Доски",
	"c4" : "C4",
	"cable_tie" : "Кабельные стяжки",
	"c_keys" : "Ключи от машины",
	"chavez_key" : "Ключ от самолета",
	"circle_cutter" : "Круг-резак",
	"crowbar" : "Лом",
	"gas" : "Газовый Баллон",
	"mus_glas_cutter" : "Стеклорез",
	"harddrive" : "Жесткий диск",
	"fire_extinguisher" : "Огнетушитель",
	"keychain" : "Брелок",
	"lance" : "Копье",
	"lance_part" : "Часть копья",
	"organs" : "Органы",
	"planks" : "Доски",
	"thermite_paste" : "Термит",
	"add_items_menu_f5" : "Крысы/HOTLINE MIAMI химические ингредиенты",
	"caustic_soda" : "Каустическая сода",
	"hydrogen_chloride" : "Хлористый водород",
	"acid" : "Соляная кислота",
	"add_items_menu_f5_" : "HOTLINE MIAMI штрих-коды",
	"barcode_downtown" : "Downtown(Центр) Штрих-код",
	"barcode_isles_beach" : "Foggy Bottom(Туманное дно) Штрих-код",
	"barcode_brickell" : "George Town(Джордж Таун) Штрих-код",
	"barcode_opa_locka" : "Shaw(Шоу) Штрих-код",
	"barcode_edgewater" : "West End(Уэст-Энд) Штрих-код",
	"add_items_menu_f5__" : "Спасение Хокстона",
	"bridge" : "Мост",
	"evidence" : "Доказательства",
	"files" : "Файлы",
	"harddrive" : "Жесткий диск",
	"ticket" : "Билет",
	"add_items_menu_f5___" : "Казино GOLDEN GRIN - Предметы",
	"cas_bfd_tool" : "BFD Инструмент",
	"blueprints" : "План",
	"bottle" : "Бутылка",
	"cas_elevator_key" : "Ключ от лифта",
	"hotel_room_key" : "Ключ от номера в отеле",
	"cas_sleeping_gas" : "Успящий газ",
	"cas_data_usb_key" : "USB-ключ (Данные)",
	"cas_winch_hook" : "Крюк от лебедки",
	
	"main_menu_f6" : "Деньги",
	"main_menu_f6_text1" : "Супер выдача лута 69000",
	"main_menu_f6_text2" : "Деньги и лут",
	"takeloot" : "Собрать весь лут",
	"takeloot_help" : "Должно быть включено Переносить больше сумок, на снежном рождестве нажмите дважды",
	"InteractType" : "Взять весь небольшой лут",
	"OpenAtm" : "Открыть все банкоматы и взять деньги",
	"OpenAtm_help" : "Нажмите дважды, чтобы забрать деньги",
	"OpenAllLoot" : "Открыть все банкоматы, сейфы, ящики с деньгами",
	"main_menu_f6_text2" : "Меню защиты",
	"main_menu_f6_text3" : "Защита лута",
	"securesmloot" : "Защитить небольшой лут",
	"main_menu_f6_text4" : "Весь лут упакован",
	"main_menu_f6_text5" : "Небольшой лут защищен",
	
	"main_menu_f7" : "Таймер взаимодействия",
	"main_menu_f7_text1" : "Настройки таймера (Уменьшить время до 3 секунд)",
	"InteractDrillJam" : "Улучшение/восстановление дрели",
	"InteractECMJam" : "ECM взлом",
	"InteractPager" : "Ответ на пейджер",
	"InteractPickLock" : "Взлом",
	"InteractRevive" : "Поднятие игрока",
	"main_menu_f7_text2" : "Таймер взлома",
	"main_menu_f7_text3" : "ECM таймер",
	"main_menu_f7_text4" : "Таймер улучшения/восстановления дрели",
	"main_menu_f7_text5" : "Таймер поднятия игрока",
	"main_menu_f7_text6" : "Таймер пейджера",
	
	"main_menu_f8" : "Тролль меню",
	"main_menu_f8_text1" : "Выберите опцию",
	"main_menu_f8_text2" : "Издеваться над собой",
	"main_menu_f8_player" : "Издеваться над ",
	"main_menu_f8_text3" : "Издеваться над игроками",
	"main_menu_f8_text4" : "Беспорядок с другими игроками",
	"main_menu_f8_text5" : "Издеваться над всеми",
	"syncbleedall" : "Кровотечение у всех игроков",
	"synccuffall" : "Наручники на всех игроках",
	"syncincaall" : "Уронить всех игроков",
	"synctaseall" : "Ударить током всех игроков",
	"main_menu_f8_text6" : "Издеваться над отдельным игроком",
	"main_menu_f8_text7" : "Другое",
	"releaseteam" : "Освободить всех товарищей по команде из тюрьмы",
	"sendalltojail_team" : "Бросить все товарищи по команде в тюрьму",
	"main_menu_f8_text8" : "Издеватся над собой",
	"main_menu_f8_text9" : "Издеватся над собой:",
	"stateblood" : "Истекать кровью",
	"statecuffs" : "Наручники",
	"stateinca_me" : "Упасть",
	"stateinca" : "Уронить",
	"statetased" : "Ударить током",
	"releaseme" : "Освободить себя из тюрьмы",
	"lockmeup" : "Бросить себя за решетку",
	"main_menu_f8_text10" : "Выдать оборудование",
	"giveammoto" : "Выдать сумку с патронами",
	"givemedikito" : "Выдать аптечку",
	"main_menu_f8_text11" : "Издеваться над игроком",
	"main_menu_f8_text12" : "Тюрьма/Телепорт",
	"syncreleaseply2" : "Освободить из тюрьмы",
	"sendalltojail" : "Бросить за решетку",
	"teleporttoply" : "Телепортироваться к игроку",
	"syncforceengine" : "Увеличить грузоподъемность",
	"main_menu_f8_text13" : "Дополнительно",
	"depositfill" : "Заполнить все ячейки золотом и деньгами",
	"depositfill_help" : "Заполнить все ячейки золотом и деньгами",
	"openvault" : "Открыть дверь хранилища",
	"openvault_help" : "Может иметь побочный эффект",
	"overdrill" : "Активировать Overdrill хранилище",
	"overdrill_help" : "Позволяет открыть хранилище OVERDRILL",
	"overdrill_only" : "Только первый мировой банк",
	"main_menu_f8_text14" : "Дверь хранилища открыта",
	"main_menu_f8_text15" : "Все ячейки заполнены",
	"main_menu_f8_text16" : "Остальное",
	"I_am_best" : "Изменить статистику",
	"cops_to_bulld" : "Мертвые полицейские превращаются в бульдозеров",
	"replace_cops" : "Заменить всех копов на бульдозеров",
	"tm_gm" : "Включить режим бога для вашей команды",
	"invisible_player" : "Невидимость",
	
	"main_menu_f10" : "Выберите функцию",
	"infamy_level_menu" : "Дурная репутация",
	"infamy_points_menu" : "Очки дурной репутации",
	"inventory_menu" : "Инвентарь",
	"clear_inventory_menu" : "Отчистить инвентарь",
	"add_inventory_menu" : "Добавить в инвентарь",
	"level_menu" : "Уровень",
	"money_menu" : "Деньги",
	"skill_menu" : "Навыки и Перки",
	"add_achieve_menu" : "Добавить достижение - Выберите достижение",
	"rem_achieve_menu" : "Убрать достижение - Выберите достижение",
	"continental_coins_menu" : "Монеты континенталь",
	"main_menu_f10_text1" : "Меню",
	"main_menu_f10_text2" : "Опции дурной репутации",
	"main_menu_f10_text3" : "Сборосить дурную репутацию",
	"main_menu_f10_text4" : "Уровень дурной репутации",
	"set_infamy_level1" : "Установить на 1",
	"set_infamy_level2" : "Установить на 2",
	"set_infamy_level3" : "Установить на 3",
	"set_infamy_level4" : "Установить на 4",
	"set_infamy_level5" : "Установить на 5",
	"set_infamy_level6" : "Установить на 6",
	"set_infamy_level7" : "Установить на 7",
	"set_infamy_level8" : "Установить на 8",
	"set_infamy_level9" : "Установить на 9",
	"set_infamy_level10" : "Установить на 10",
	"set_infamy_level11" : "Установить на 11",
	"set_infamy_level12" : "Установить на 12",
	"set_infamy_level13" : "Установить на 13",
	"set_infamy_level14" : "Установить на 14",
	"set_infamy_level15" : "Установить на 15",
	"set_infamy_level16" : "Установить на 16",
	"set_infamy_level17" : "Установить на 17",
	"set_infamy_level18" : "Установить на 18",
	"set_infamy_level19" : "Установить на 19",
	"set_infamy_level20" : "Установить на 20",
	"set_infamy_level21" : "Установить на 21",
	"set_infamy_level22" : "Установить на 22",
	"set_infamy_level23" : "Установить на 23",
	"set_infamy_level24" : "Установить на 24",
	"set_infamy_level25" : "Установить на 25",
	"main_menu_f10_text5" : "Очки дурной репутации",
	"main_menu_f10_text6" : "Дурная репутация",
	"main_menu_f10_text7" : "Сбросить дурную репутацию",
	"main_menu_f10_text8" : "Очки дурной репутации",
	"main_menu_f10_text9" : "Инвентарь",
	"un1" : "Разблокировать",
	"un2" : "Разблокировать все предметы",
	"un3" : "Разблокировать все слоты",
	"un4" : "Разблокировать цвета",
	"un5" : "Разблокировать маски",
	"un6" : "Разблокировать материалы",
	"un7" : "Разблокировать текстуры",
	"un8" : "Разблокировать оружие",
	"un9" : "Разблокировать все трофеи",
	"un10" : "Другое",
	"un11" : "Удалить предметы с восклицательным знаком",
	"un12" : "Разблокировка (Dlc)",
	"un13" : "Разблокировать моды для оружия",
	"del1" : "Удаление предметов",
	"del2" : "Удалить все слоты масок",
	"del3" : "Удалить все слоты первого оружия",
	"del4" : "Удалить все слоты второго оружия",
	"del5" : "Удалить или заблокировать слоты",
	"del6" : "Удалить все предметы",
	"del7" : "Удалить все слоты",
	"del8" : "Заблокировать все предметы",
	"del9" : "Удалить предметы",
	"del10" : "Удалить все цвета",
	"del11" : "Удалить все маски",
	"del12" : "Удалить все материалы",
	"del13" : "Удалить все рисунки",
	"del14" : "Удалить все моды оружия",
	"add_item1" : "Добавить по 1 предмету",
	"add_item2" : "Добавить 1 ко всем цветам",
	"add_item3" : "Добавить 1 ко всему",
	"add_item4" : "Добавить 1 всех масок",
	"add_item5" : "Добавить 1 всех материалов",
	"add_item6" : "Добавить 1 всех рисунков",
	"add_item7" : "Добавить 1 всех оружейных модов",
	"add_item8" : "Добавить по 5 предметов",
	"add_item9" : "Добавить 5 ко всем цветам",
	"add_item10" : "Добавить 5 ко всему",
	"add_item11" : "Добавить 5 всех масок",
	"add_item12" : "Добавить 5 всех материалов",
	"add_item13" : "Добавить 5 всех рисунков",
	"add_item14" : "Добавить 5 всех оружейных модов",
	"add_exp" : "Уровни",
	"add_exp1" : "Опыт",
	"add_exp2" : "Добавить 100 опыта",
	"add_exp3" : "Добавить 1,000 опыта",
	"add_exp4" : "Добавить 10,000 опыта",
	"add_exp5" : "Добавить 50,000 опыта",
	"add_exp6" : "Добавить 100,000 опыта",
	"add_exp7" : "Добавить 200,000 опыта",
	"add_exp8" : "Ваш уровень теперь 10",
	"add_exp9" : "Ваш уровень теперь 20",
	"add_exp10" : "Ваш уровень теперь 30",
	"add_exp11" : "Ваш уровень теперь 40",
	"add_exp12" : "Ваш уровень теперь 50",
	"add_exp13" : "Ваш уровень теперь 60",
	"add_exp14" : "Ваш уровень теперь 70",
	"add_exp15" : "Ваш уровень теперь 80",
	"add_exp16" : "Ваш уровень теперь 90",
	"add_exp17" : "Ваш уровень теперь 100",
	"add_money" : "Деньги",
	"add_money1" : "Сброс денег",
	"add_money2" : "Сбросить деньги",
	"add_money3" : "Добавить денег",
	"add_money4" : "Добавить 1 миллион + 4 миллиона офшорных",
	"add_money5" : "Добавить 10 миллионов + 40 миллионов офшорных",
	"add_money6" : "Добавить 100 миллионов + 400 миллионов офшорных",
	"add_money7" : "Добавить 1 миллиард + 4 миллиарда офшорных",
	"add_skill" : "Навыки и Перки",
	"add_skill1" : "Навыки",
	"add_skill2" : "Сбросить очки навыков",
	"add_skill3" : "Разблокировать все навыки",
	"add_skill4" : "Навыки",
	"add_skill5" : "Установить очки навыков на 120",
	"add_skill6" : "Установить очки навыков на 290",
	"add_skill7" : "Установить очки навыков на 435",
	"add_skill8" : "Установить очки навыков на 580",
	"add_skill9" : "Установить очки навыков на 725",
	"add_skill10" : "Можно прокачать одну ветку полностью",
	"add_skill11" : "Можно прокачать две ветки полностью",
	"add_skill12" : "Можно прокачать три ветки полностью",
	"add_skill13" : "Можно прокачать четыре ветки полностью",
	"add_skill14" : "Можно прокачать пять веток полностью",
	"add_perk" : "Перки",
	"add_perk1" : "Сбросить очки перков",
	"add_perk2" : "Разблокировать все перки",
	"add_perk3" : "Очки перков",
	"add_perk4" : "Это не визуальный эфект, зайдите в игру, чтобы увидеть Активные Перки",
	"add_perk5" : "Добавить 500 очков",
	"add_perk6" : "Добавить 1,000 очков",
	"add_perk7" : "Добавить 2,500 очков",
	"add_perk8" : "Добавить 5,000 очков",
	"add_perk9" : "Добавить 10,000 очков",
	"add_continental" : "Добавить 1 монету",
	"add_continenta2" : "Добавить 5 монет",
	"add_continenta3" : "Добавить 10 монет",
	"add_continenta4" : "Добавить 15 монет",
	"add_continenta5" : "Добавить 20 монет",
	"add_continenta6" : "Добавить 25 монет",
	"add_continenta7" : "Добавить 30 монет",
	"add_continenta8" : "Добавить 35 монет",
	"add_continenta9" : "Добавить 40 монет",
	"add_continenta11" : "Добавить 50 монет",
	"add_continenta12" : "Добавить 60 монет",
	"add_continenta13" : "Добавить 70 монет",
	"add_continenta14" : "Добавить 80 монет",
	"add_continenta15" : "Добавить 90 монет",
	"add_continenta16" : "Добавить 100 монет",
	"add_continenta17" : "Добавить 150 монет",
	"add_continenta18" : "Добавить 200 монет",
	"add_continenta19" : "Добавить 250 монет",
	"add_continenta20" : "Добавить 300 монет",
	"add_continenta21" : "Добавить 400 монет",
	"add_continenta22" : "Добавить 500 монет",
	"add_continenta23" : "Добавить 600 монет",
	"add_continenta24" : "Добавить 700 монет",
	"add_continenta25" : "Добавить 800 монет",
	"add_continenta26" : "Добавить 900 монет",
	"add_continenta27" : "Добавить 1000 монет",
	"add_continenta28" : "Добавить 1500 монет",
	"add_continenta29" : "Добавить 2000 монет",
	"add_continenta30" : "Добавить 50000 монет",
	"add_achievement" : "Достижения",
	"add_achievement2" : "Добавить отдельное достижение",
	"add_achievement3" : "Убрать отдельное достижение",
	"add_achievement4" : "Заблокировать достижения",
	"add_achievement5" : "Разблокировать достижения",
	"ai_menu" : "Настройки ботов",
	"ai_menu1" : "Остальное",
	"ai_menu2" : "Все бафы включены",
	"ai_menu3" : "Клокер бьет только ботов",
	"text_f10_1" : "Меню работ",
	"text_f10_2" : "Меню команды",
	"text_f10_3" : "Команда",
	"text_f10_4" : "Перед игрой",
	"dontwait" : "Быстрый старт",
	"dontwait_help" : "Не стоит ждать других",
	"getemall" : "Разблокировать все активы",
	"text_f10_5" : "В игре",
	"text_f10_6" : "Авто лут (Включено)",
	"text_f10_7" : "Auto Special Equipment (Включено)",
	"text_f10_8" : "Secure Body Bags For Cash (Включено)",
	"text_f10_9" : "Переключить взаимодействие (Включено)",
	"text_f10_10" : "Авто лут",
	"text_f10_10_help" : "Создает рандомный лут",
	"text_f10_11" : "Auto Special Equipment",
	"dontwait_help" : "Spawns Randomized Keycards",
	"text_f10_12" : "Secure Body Bags For Cash",
	"dontwait_help" : "Allows You To Secure Body Bags",
	"text_f10_13" : "Переключить взаимодействие",
	"dontwait_help" : "Переключить взаимодействие",
	"text_f10_3с" : "Ограничение гранат (Включено)",
	"text_f10_3с_1" : "Ограничение гранат",
	"text_f10_3с_1_help" : "Ограничивает гранаты во время стелса",
	"text_f10_3с_2" : "Нет таймера эвакуации",
	"text_f10_3с_3" : "Модификатор значения лута (Включено)",
	"text_f10_3с_4" : "Модификатор значения лута",
	"text_f10_3с_4_help" : "Определяемое пользователем значение",
	"text_f10_3с_5" : "Добавить пейджеров (Включено)",
	"text_f10_3с_6" : "Добавить пейджеров",
	"text_f10_3с_6_help" : "Увеличивает количество пейджеров",
	"text_f10_3с_7" : "Обновление щипков (Включено)",
	"text_f10_3с_8" : "Обновление щипков",
	"text_f10_3с_8_help" : "Пользовательское значение",
	"text_f10_3с_9" : "XP множитель (Включено)",
	"text_f10_3с_10" : "XP множитель",
	"text_f10_3с_10_help" : "Умножьте XP 2x",
	"text_f10_3с_11" : "HUD включен",
	
	"text" : "text",
	
	
	
	
	
	
	
	
	"menu_f11_main_menu" : "Меню помощи",
	"menu_f11_teg_menu" : "Из-за чего может быть тег",
	"menu_f11_teg2_menu" : "Из-за чего может быть тег",
	"menu_f11_teg_reset" : "Как убрать тег ЧИТЕР",
	"menu_f11_premium_menu" : "Что входит в Premium версию",
	"menu_f11_ingame_menu" : "Кнопки в игре",
	"menu_f11_inmain_menu" : "Кнопки в главном меню",
	"menu_f11_text1" : "Из-за чего может быть тег ЧИТЕР",
	"menu_f11_text2" : "В надежде, что кто-то это прочтет",
	"menu_f11_text3" : "Тег возникает, только при использовании определенных функций, таких как:",
	"menu_f11_text4" : "      Dlc Unlocker и использование предметов, которые доступны за достижение",
	"menu_f11_text5" : "      Смена оборудования в игре",
	"menu_f11_text6" : "      Переносить больше сумок, когда не хост",
	"menu_f11_text7" : "      Пополнение гранат",
	"menu_f11_text8" : "      Использовать больше навыков, чем вам доступно",
	"menu_f11_text9" : "      Skin Unlocker, если камуфляж содержит Dlc, которое вы не купили",
	"menu_f11_text10" : "      Сильную накрутку уровня через F10 /Трудноснимаемый/",
	"menu_f11_text11" : "Из-за чего может быть тег ЧИТЕР /Продолжение/",
	"menu_f11_text12" : "В надежде, что кто-то это прочтет",
	"menu_f11_text13" : "Тег возникает, только при использоваании определенных функций, таких как:",
	"menu_f11_text14" : "      Используете больше навыков, чем вам доступно",
	"menu_f11_text15" : "      Если вы перескочили, например, с I сразу на III /Трудноснимаемый/",
	"menu_f11_text16" : "      Если вы умудрились получить дурную репутацию не пройдя ни одного ограбления /Трудноснимаемый/",
	"menu_f11_text_del1" : "Как убрать тег ЧИТЕР",
	"menu_f11_text_del2" : "В надежде, что кто-то это прочтет",
	"menu_f11_text_del3" : "Тег бывает временный и трудноснимаемым",
	"menu_f11_text_del4" : "Зайдите на PD2Stats, введите ссылку на ваш профиль, красным цветом будет тег",
	"menu_f11_text_del5" : "Если тег временный, то снять его достаточно просто",
	"menu_f11_text_del6" : "Исправить нарушение и тег исчезнет",
	"menu_f11_text_del7" : "Трудноснимаемый",
	"menu_f11_text_del8" : "Попытайтесь исправить нарушение, используя F10, и подождите некоторое время",
	"menu_f11_text_del9" : "Если ничего не выходит, то Настройки/Обнулить прогресс",
	"menu_f11_text_prem1" : "Что входит в Premium версию",
	"menu_f11_text_prem2" : "Premium",
	"menu_f11_text_prem3" : "Полностью настраиваемый Config на русском языке",
	"menu_f11_text_prem4" : "Автоматическое включение функций",
	"menu_f11_text_prem5" : "F8 - Издеваться над игроками",
	"menu_f11_text_prem6" : "Поддержка пользователя",
	"menu_f11_text_prem7" : "Smuggled weapons v3",
	"menu_f11_text_prem8" : "И многое другое",
	"menu_f11_text_bu1" : "Кнопки в игре",
	"menu_f11_text_bu2" : "F1 - Модификации игрока",
	"menu_f11_text_bu3" : "F2 - Модификация оружия",
	"menu_f11_text_bu4" : "F3 - Стелс меню",
	"menu_f11_text_bu5" : "F4 - Редактор миссии",
	"menu_f11_text_bu6" : "F5 - Добавить предметов в инвентарь",
	"menu_f11_text_bu7" : "F6 - Деньги",
	"menu_f11_text_bu8" : "F7 - Таймер взаимодействия",
	"menu_f11_text_bu9" : "F8 - Тролль меню/Premium/",
	"menu_f11_text_bu10" : "F10 - Отключить худ",
	"menu_f11_text_bu11" : "Кнопки в главном меню",
	"menu_f11_text_bu12" : "Кнопки в главном меню",
	"menu_f11_text_bu13" : "F11 - Меню помощи /Помоги себе сам/",
	"menu_f11_text_bu14" : "F9 - Выбор контрактов",
	"menu_f11_text_bu15" : "F10 - Редактор персонажа",
	"menu_f11_text_dop1" : "Дополнительно",
	"menu_f11_text_dop2" : "Открыть группу",
	"menu_f11_text_dop3" : "Открыть PD2Stats",
	"menu_f11_text_dop4" : "Открыть сайт",
	"menu_f11_text_dop5" : "Открыть Steam группу",
	
	"main_menu_num" : "Спавн меню",
	"spawn_menu" : "Спавн врагов/союзников",
	"spawn_on_self_unt" : "Спавн юнитов",
	"spawn_on_self_spec_unt" : "Спавн специальных юнитов",
	"spawn_on_self_gensec_unt" : "Спавн элитных Gensec юнитов",
	"spawn_on_self_unt_frnd" : "Спавн союзников",
	"spawn_on_self_spec_unt_frnd" : "Спавн специальных союзников",
	"spawn_on_self_gensec_unt_frnd" : "Спавн элитных Gensec союзников",
	"spawn_frnd" : "Спавн гражданских",
	"spawn_band" : "Спавн бандитов",
	"spawn_equipment" : "Спавн оборудования на прицел",
	"spawn_lootmode" : "Спавн награбленного/объектов/транспорта на прицел",
	"spawn_menu_1_1" : "Враги и союзники",
	"spawn_menu_1_2" : "Только там, где это возможно",
	"spawn_menu_bandit" : "Бандит",
	"FR_1" : "Бандит",
	"FRFR1" : "Элитный GENSEC",
	"FRFR4" : "LMG Бульдозер",
	"FRP1" : "Щит",
	"FRP3" : "Клокер",
	"FRP4" : "Снайпер",
	"FRP6" : "Тайзер",
	"FRP7" : "Бульдозер",
	"FR0" : "Полицейский",
	"FR4" : "Спецназ",
	"FR6" : "Спецназ бронированный",
	"FR7" : "ФБР",
	"FR9" : "ФБР бронированный",
	"FR10" : "Охранник",
	
	"hot_wheels" : "В полымя",
	"fish_ai" : "Рыбий И.И.",
	"f_in_chemistry" : "Двойка по химии",
	"caribbean_pirate" : "Карибский пират",
	"short_fuse" : "Короткий запал",
	"pink_panther" : "Пририсовал себя в углу",
	"big_deal" : "Крупная сделка",
	"i_wasnt_even_there" : "Меня там даже не было!",
	"i_knew_what_i_was_doing_was_wrong" : "Я знаю, что поступил плохо",
	"doctor_fantastic" : "Доктор фантастик",
	"diamonds_are_forever" : "Бриллианты навсегда",
	"lets_do_this" : "Давайте сделаем э...",
	"yeah_hes_a_gold_digger" : "Да, он золотоискатель",
	"going_all_in" : "Я иду ва-банк!",
	"window_cleaner" : "Стреляй по стёклам!",
	"lord_of_war" : "Бог войны",
	"the_wire" : "Угадай-ка",
	"the_first_line" : "Первая линия",
	"king_of_the_hill" : "Царь горы",
	"you_shall_not_pass" : "Ты не пройдёшь!",
	"frappucino_to_go_please" : "Каппучино с собой, пожалуйста",
	"bullet_dodger" : "Увернуться от пуль",
	"bilbo_baggin" : "They see me Baggin', They Hatin",
	"tip_the_scales" : "Склони чашу весов",
	"how_do_you_like_me_now" : "А как тебе это?",
	"iron_man" : "Железный человек",
	"armed_to_the_teeth" : "Вам нужен чек?",
	"would_you_like_your_receipt" : "Вооружён до зубов",
	"fully_loaded" : "Заряжен",
	"weapon_collector" : "Оружейный коллекционер",
	"masked_villain" : "Замаскированный злодей",
	"no_one_cared_who_i_was" : "Я был никому не интересен до тех пор...",
	"murphys_laws" : "Я поймал! Я поймал!",
	"no_turning_back" : "Нет пути назад",
	"im_a_healer_tank_damage_dealer" : "Я хилер, танк, ловкач-дамагер",
	"spend_money_to_make_money" : "Трать, чтобы зарабатывать",
	"going_places" : "Большое будущее",
	"you_gotta_start_somewhere" : "Всё когда-то начинается",
	"guilty_of_crime" : "Виновен за преступление",
	"gone_in_30_seconds" : "Изящный преступник",
	"armed_and_dangerous" : "Вооружён и опасен",
	"big_shot" : "Профессиональный преступник",
	"most_wanted" : "Самый разыскиваемый",
	"like_an_angry_bear" : "Как разъярённый медведь!",
	"halloween_1" : "Я тот, кто стучит",
	"halloween_2" : "Полная мера",
	"halloween_3" : "Страх темноты",
	"halloween_4" : "Witch Doctor",
	"halloween_5" : "Оно живое! ОНО ЖИВОЕ!",
	"halloween_6" : "Тыквенная дробь",
	"halloween_7" : "Никто не услышит твоих криков",
	"halloween_8" : "Тыквенный король заставил меня!",
	"halloween_9" : "Рождество наступило раньше",
	"halloween_10" : "Из России с любовью",
	"halloween_nightmare_1" : "Первый кошмар",
	"halloween_nightmare_2" : "Второй кошмар",
	"halloween_nightmare_3" : "Третий кошмар",
	"halloween_nightmare_4" : "Четвёртый кошмар",
	"armored_1" : "Нам понадобится лодка побольше",
	"armored_2" : "Но и это ещё не всё!",
	"armored_3" : "If you Liked it you Should Have Put a Ring on It ",
	"armored_4" : "Я делаю то, что умею лучше всего - занимаюсь делами",
	"armored_5" : "Разрешение на убийство",
	"armored_6" : "Пусть посмотрят",
	"armored_7" : "Я не обманщик!",
	"armored_8" : "У меня не было интимных отношений с этим бульдозером",
	"armored_9" : "Обмани меня один раз - стыдно... как тебе не стыдно. Обмани меня один раз - и больше тебя не обдуришь.",
	"armored_10" : "Доступная медицина",
	"armored_11" : "Стрельба за углом",
	"gage_1" : "В розыске",
	"gage_2" : "3000 миль до убежища",
	"gage_3" : "Коммандо",
	"gage_4" : "Враги народа",
	"gage_5" : "Начало",
	"gage_6" : "Прочная защита",
	"gage_7" : "Выше закона",
	"gage_8" : "Пушки всегда в моде",
	"gage_9" : "Ложись!",
	"gage_10" : "Делитесь любовью",
	"charliesierra_1" : "Канализационные крысы",
	"charliesierra_2" : "Всё в норме?",
	"charliesierra_4" : "Вверх ногами",
	"charliesierra_5" : "Все яйца в одной корзине",
	"charliesierra_6" : "Мы здесь все профессионалы",
	"charliesierra_7" : "Эко раунд",
	"charliesierra_8" : "Мёртвые президенты",
	"charliesierra_9" : "Скачки северных оленей",
	"charliesierra_3" : "Счастливого Рождества!",
	"ignominy_1" : "Бесчестный",
	"ignominy_2" : "Позорный",
	"ignominy_3" : "Безнравственный",
	"ignominy_4" : "Отъявленный",
	"ignominy_5" : "Порочный",
	"gage2_1" : "Несчастный доктор",
	"gage2_2" : "Плащ и кинжал",
	"gage2_3" : "Восьмое и последнее правило",
	"gage2_4" : "Убить - проще простого",
	"gage2_5" : "Они первые начали",
	"gage2_6" : "Может в городе ты и закон, но здесь закон - это я",
	"gage2_7" : "Не нарывайся!",
	"gage2_8" : "ОХРЕНЕ-",
	"gage2_9" : "У меня нет времени истекать кровью",
	"gage2_10" : "Вы что, издеваетесь?",
	"death_1" : "Незваные гости",
	"death_2" : "Came in Like a Wrecking Ball",
	"death_3" : "Обычный",
	"death_4" : "Кровь на танцполе",
	"death_5" : "Как грёбаный спутник!",
	"death_9" : "Дорога в ад",
	"death_11" : "Меняем мир...",
	"death_12" : "К лучшему или худшему",
	"death_13" : "Хватай и беги",
	"death_14" : "Крепче бриллиантов",
	"death_15" : "Раскошелься, чтобы сорвать куш!",
	"death_16" : "Потому что там полно денег",
	"death_17" : "Золотые руки",
	"death_18" : "Королевская оплата",
	"death_19" : "Да, здравствуйте, я хотел бы сделать Депп-Оззи-т",
	"death_20" : "На перекрёстке",
	"death_21" : "Уличное безумие",
	"death_22" : "Доставка и обработка",
	"death_23" : "Прогулка по парку",
	"death_24" : "В Вашингтоне всегда туманно",
	"death_26" : "Долгосрочные отношения",
	"death_27" : "Я не могу соблюдать закон",
	"death_28" : "Шутки в сторону",
	"death_29" : "Тотальный OVERKILL!",
	"death_30" : "OVERKILL поздравляют тебя!",
	"death_31" : "Железными кулаками",
	"death_32" : "Я - поджигатель",
	"death_33" : "Во все тяжкие",
	"death_34" : "Специальная доставка",
	"death_35" : "Под покровом ночи",
	"bob_1" : "Голос за реформу",
	"bob_3" : "Я - подтасовщик",
	"bob_4" : "Расхититель складов",
	"bob_5" : "Мастер-детектив",
	"bob_6" : "Закон Мёрфи",
	"bob_7" : "Подтасовщик Death Wish",
	"bob_8" : "Пол - это лава 2.0",
	"bob_9" : "Да, мы сможем!",
	"bob_10" : "Призрачные гонщики",
	"gmod_1" : "Молящийся богомол",
	"gmod_2" : "В яблочко!",
	"gmod_3" : "Интуиция мне подсказала",
	"gmod_4" : "Орлиный глаз",
	"gmod_5" : "Словно мальчишка, убивающий змей",
	"gmod_6" : "Туда и обратно",
	"gmod_7" : "Скорострельность и слабая отдача",
	"gmod_8" : "Целься и стреляй",
	"gmod_9" : "Ниндзя из центра",
	"gmod_10" : "Русский механик",
	"gage3_1" : "Собери мне армию, достойную Crime.net",
	"gage3_2" : "Человек с золотым стволом",
	"gage3_3" : "Повелитель мух",
	"gage3_4" : "Проклятие Арахны",
	"gage3_5" : "Борьба с вредителями",
	"gage3_6" : "Пророк смерти",
	"gage3_7" : "Далеко-далеко",
	"gage3_8" : "Последний злодей боевика",
	"gage3_9" : "Тройное убийство",
	"gage3_10" : "Максимальное пробивание",
	"gage3_11" : "Увернись-ка от этого",
	"gage3_12" : "Сюрприз, ублюдок",
	"gage3_13" : "Не ожидал?",
	"gage3_14" : "Вкус собственного лекарства",
	"gage3_15" : "Ты не спрячешься",
	"gage3_16" : "Двойное убийство",
	"gage3_17" : "Нарушитель номер один",
	"kosugi_1" : "Я скроюсь во тьме",
	"kosugi_2" : "Я пройду сквозь стены",
	"kosugi_3" : "Я останусь безнаказанным",
	"kosugi_4" : "Моё лицо не узнают в толпе",
	"kosugi_5" : "Я ниндзя",
	"kosugi_6" : "Я умру, умру дважды и умру ещё раз",
	"bigbank_1" : "Для танго нужны двое",
	"bigbank_2" : "Чтобы убить свинью, нужна свинья",
	"bigbank_3" : "Славные шестнадцать",
	"bigbank_4" : "12 злобных минут",
	"bigbank_5" : "Не привлекая внимания",
	"bigbank_6" : "Боб возвращается",
	"bigbank_7" : "В западне",
	"bigbank_8" : "Будешь должен",
	"bigbank_9" : "Не забудь почистить зубы",
	"bigbank_10" : "Отец-основатель",
	"gage4_1" : "Полицейская жестокость",
	"gage4_2" : "Карты, деньги, 8 дымящихся стволов",
	"gage4_3" : "Размахивай руками!",
	"gage4_4" : "Seven Eleven",
	"gage4_5" : "Дробовики 101",
	"gage4_6" : "Тук-тук",
	"gage4_7" : "Everyday I’m Shovelin’",
	"gage4_8" : "Стрельба по мишеням",
	"gage4_9" : "Шок и трепет",
	"gage4_10" : "Удачное вложение",
	"gage4_11" : "Никаких ограблений для стариков",
	"gage4_12" : "Четыре обезьяны",
	"gage5_1" : "Меткая стрельба",
	"gage5_2" : "Большой бум",
	"gage5_3" : "Один в поле - воин",
	"gage5_4" : "Так много выбора",
	"gage5_5" : "Артиллерийский огонь",
	"gage5_6" : "Необычные подозреваемые",
	"gage5_7" : "Не сегодня",
	"gage5_8" : "Hammertime",
	"gage5_9" : "Охота на кроликов",
	"gage5_10" : "Tour de Clarion",
	"pig_1" : "Wrong Number",
	"pig_2" : "Иди быстрее",
	"pig_3" : "Тебе нравится причинять людям боль?",
	"pig_4" : "Передозировка",
	"pig_5" : "Звуки животной борьбы",
	"pig_7" : "Фух!",
	"squek" : "Современное искусство",
	"bulldog_1" : "Почеу бы нам просто не использовать ложку?",
	"bulldog_2" : "За решёткой меня не удержишь",
	"bulldog_4" : "Полость рта",
	"halloween_nightmare_5" : "Пятый кошмар",
	"eagle_1" : "Патрон земля-воздух",
	"eagle_2" : "Тайный агент",
	"eagle_3" : "Ветер перемен",
	"eagle_4" : "Нецивилизованный",
	"eagle_5" : "Град пуль",
	"deer_1" : "Маленькие помощники Влада",
	"deer_2" : "Украсть Рождество",
	"deer_3" : "Рождество отменяется",
	"deer_4" : "Клаустрофобия",
	"deer_5" : "Словно индейки, ждущие Рождества",
	"deer_6" : "Riders On the Snowstorm",
	"deer_7" : "Этого не может быть. Или может?",
	"bat_1" : "Дьявол за работой",
	"bat_2" : "Вор-домушник",
	"bat_3" : "Культурные стервятники",
	"bat_4" : "Дым и зеркала",
	"bat_5" : "Уважение среди воров",
	"bat_6" : "Необработанные бриллианты",
	"frog_1" : "Tabula Rasa",
	"gorilla_1" : "Нокаут!",
	"cow_1" : "Сошёл с рельс",
	"cow_2" : "Заноза в заднице",
	"cow_3" : "Команда бобров",
	"cow_4" : "Качай на полную",
	"cow_5" : "Притеснитель",
	"cow_6" : "Первое плавание",
	"cow_7" : "Враг рыбака",
	"cow_8" : "Тише рыбы",
	"cow_9" : "Во все мёртвые",
	"cow_10" : "I've Got the Power",
	"cow_11" : "Украсть за 60 секунд",
	"ameno_1" : "OVE SAW 72000",
	"ameno_2" : "Эй, диджей",
	"ameno_3" : "Спидран на $1.8M",
	"ameno_4" : "Разбирайте костыли",
	"ameno_5" : "Волк заманит вас в могилу",
	"ameno_6" : "Черепаха всегда приходит первой",
	"ameno_7" : "Закрытая вечеринка",
	"ameno_8" : "Коллекционер",
	"ignominy_6" : "Подлый",
	"ignominy_7" : "Гнусный",
	"ignominy_8" : "Жестокий",
	"ignominy_9" : "Отвратительный",
	"ignominy_10" : "Убогий",
	"ignominy_11" : "Опасный",
	"ignominy_12" : "Бесстрашный",
	"ignominy_13" : "Нечестивый",
	"ignominy_14" : "Постыдный",
	"ignominy_15" : "Пугающий",
	"ignominy_16" : "Оскорбительный",
	"ignominy_17" : "Сомнительный",
	"ignominy_18" : "Свирепый",
	"ignominy_19" : "Мерзкий",
	"ignominy_20" : "Лукавый",
	"ignominy_21" : "Коварный",
	"ignominy_22" : "Бесстыдный",
	"ignominy_23" : "Дьявольский",
	"ignominy_24" : "Дикий",
	"ignominy_25" : "Чудовищный",
	"ovk_1" : "Cooking With Style",
	"ovk_2" : "Я понятия не имею что я делаю",
	"ovk_3" : "Ах вот как это делается",
	"ovk_4" : "Мы - рок-звёзды",
	"ovk_5" : "Безупречная репутация",
	"ovk_6" : "Работа по дому",
	"ovk_7" : "Меткий на все 120%",
	"ovk_8" : "Святоши из Бостона",
	"ovk_9" : "Домашний питомец",
	"ovk_10" : "Растратчик",
	"slakt_1" : "Спидлок Холмс",
	"slakt_2" : "Ничего необычного",
	"slakt_3" : "Всё в порядке",
	"slakt_4" : "Вечеринка продолжается",
	"slakt_5" : "Здесь становится жарко",
	"djur_1" : "Готовка по рецепту",
	"fort_3" : "Теперь ты водишь!",
	"payback_1" : "Блюдо, которое подаётся холодным",
	"payback_2" : "Скрытный и опасный",
	"fort_4" : "Угнать за 240 секунд",
	"payback_3" : "Я мстителен",
	"fort_1" : "Высокое октановое число",
	"fort_2" : "Извещение об увольнении",
	"grill_1" : "Диско инферно",
	"grill_2" : "Можешь воткнуть в меня вилку. Я готов.",
	"grill_3" : "Без приглашения",
	"grill_4" : "OVERGRILL",
	"scorpion_1" : "Утилизация",
	"scorpion_2" : "Нобелевская премия",
	"scorpion_3" : "Дикообраз",
	"scorpion_4" : "Самый быстрый стрелок на западе",
	"melt_1" : "Гашетку в пол",
	"melt_2" : "Воскресная поездка",
	"melt_3" : "Они мало нам платят",
	"melt_4" : "Разве там была машина?!",
	"live_1" : "Мы построили этот город на электро",
	"live_2" : "Звук тишины",
	"live_3" : "Even Steven",
	"live_4" : "К чёрту всё это, мы пойдём пешком",
	"live_5" : "M.F. Stev",
	"kenaz_1" : "И ты ещё ухмыляешься?",
	"kenaz_2" : "Защита от солнца",
	"kenaz_3" : "Город грехов и качественных деталей",
	"kenaz_4" : "Крупный игрок",
	"kenaz_5" : "Да здравствует король, детка",
	"turtles_1" : "Имена для друзей, поэтому мне оно не нужно",
	"turtles_2" : "Шведский сыр",
	"turtles_3" : "Проделки сюрикена",
	"turtles_4" : "Боец фугу",
	"steel_1" : "Грабители круглого стола",
	"steel_2" : "Их броня толста, а щиты широки",
	"steel_3" : "Клокер на вертеле",
	"steel_4" : "Тёмный рыцарь",
	"death_25" : "Choo Choo",
	"sinus_1" : "400 долларов",
	"sinus_2" : "Последствия",
	"green_1" : "Спрятанные заложники",
	"green_2" : "Классические грабители",
	"green_3" : "1337",
	"green_4" : "Боязнь клокеров",
	"green_5" : "CVL+",
	"green_6" : "OVERDRILL",
	"green_7" : "Золотой билет",
	"farm_1" : "Недостаточно сложно",
	"farm_2" : "Но как?",
	"farm_3" : "Сделать заявление",
	"farm_4" : "Пироманьяки",
	"farm_5" : "Куски мяса",
	"farm_6" : "Королевская хрюшка",
	"brooklyn_1" : "Я просто хочу сбежать отсюда",
	"brooklyn_2" : "Банни хоп",
	"brooklyn_3" : "I Never Asked for This",
	"brooklyn_4" : "Прыгай! Прыгай! Прыгай!",
	"lab_1" : "Трикшо",
	"lab_2" : "Кошелёк или жизнь!",
	"lab_3" : "Недостаточно устрашающий",
	"berry_1" : "Да здравствует король гор",
	"berry_2" : "Работа по дому",
	"berry_3" : "Слаженная команда",
	"berry_4" : "Джаггернауты",
	"berry_5" : "No Scope",
	"jerry_1" : "Единственный предел - небеса",
	"jerry_2" : "Мягкая посадка",
	"jerry_3" : "Не испачкай ковёр кровью",
	"jerry_4" : "1... 2... 3... ПРЫГАЙ!",
	"jerry_5" : "Джентльмены в костюмах",
	"cane_1" : "На седьмую попытку Death Wish, послал мне верный Бэйн подмогу",
	"cane_2" : "Санта убивает бездельников",
	"cane_3" : "Euro Bag Simulator",
	"cane_4" : "С дробью и хорошим настроением",
	"cane_5" : "Только Санта дарит подарки",
	"flake_1" : "Мы в прямом эфире!",
	"peta_1" : "Coffee Stain",
	"peta_2" : "Коза за 60 секунд",
	"peta_3" : "Придурки из Хаззарда",
	"peta_4" : "БЭЭээ...*БУМ*...эээххХХ!",
	"peta_5" : "Несчастный фермер",
	"bah_1" : "Ты можешь бежать, но не сможешь скрыться",
	"pal_1" : "Под давлением",
	"pal_2" : "Доктор Зло",
	"pal_3" : "Перерезать красный провод",
	"pal_4" : "Подвальные жители",
	"pal_5" : "Контроль толпы",
	"man_1" : "Кто не рискует, тот не выигрывает",
	"man_2" : "Даже ни разу",
	"man_3" : "Держись подальше от окон",
	"man_4" : "Спаситель",
	"man_5" : "Взрывоопасная личность",
	"dark_1" : "Под покровом темноты",
	"dark_2" : "Призрачный забег",
	"dark_3" : "Пацифист",
	"dark_4" : "Без свидетелей",
	"dark_5" : "Уборщик",
	"mad_1" : "Красный снег",
	"mad_2" : "Земля слишком холодна",
	"mad_3" : "Сумасшедший Иван",
	"mad_4" : "Когда ты в России... Веди себя как русский",
	"mad_5" : "Мегаломания",
	"voff_1" : "Святой Франциск",
	"voff_2" : "Тяжёлые времена",
	"voff_3" : "Ночное ограбление",
	"voff_4" : "Друг",
	"voff_5" : "Чмокни повара",
	"born_1" : "Ты заслужил нашивку!",
	"born_3" : "Дело мастера боится",
	"born_4" : "Мусорщик",
	"born_5" : "Full Throttle",
	"born_6" : "Глаз за глаз",
	"pick_666" : "Fifth Nightmare",
	"axe_666" : "Seventh Nightmare",
	"pick_59" : "His Beard Was as White as Coke",
	"axe_59" : ";)",
	"pick_45" : "Can You See The Light?",
	"axe_45" : "Disaster Tourist",
	"pick_43" : "I Put it on Repeat",
	"axe_43" : "Dance Dance GenSec",
	"pick_33" : "I Know What I Like",
	"axe_33" : "Painting with Blood",
	"pick_17" : "Show me the Money",
	"axe_17" : "Return on Investment",
	"pick_19" : "Cash Only Please",
	"axe_19" : "All About the Green",
	"pick_20" : "Keep on Boxing",
	"axe_20" : "Just One More...",
	"pick_18" : "Gold Rush",
	"axe_18" : "Fort Knoxed down",
	"pick_47" : "Blood is Thicker Than Murkywater",
	"axe_47" : "Not Radical Enough For You?",
	"pick_30" : "You Can Only Plan to Fail",
	"axe_30" : "Piggy Broke the Bank",
	"pick_13" : "Who Killed the Lights?",
	"axe_13" : "Dirty Energy",
	"pick_57" : "Harley Harley Harley Wroom! Davidson",
	"axe_57" : "Highly Mother-Fucking-Dangerous",
	"pick_48" : "Mile High Club",
	"axe_48" : "Making it Rain",
	"pick_56" : "Hard Boiled Heisters",
	"axe_56" : "This is WAR Baby!",
	"pick_61" : "What Are You Sinking About",
	"axe_61" : "Ship It",
	"pick_60" : "I Cut Down Trees, I Skip and Jump",
	"axe_60" : "Keep Your Feet on the Ground",
	"pick_41" : "You've got a Fast Car",
	"axe_41" : "Long Gone",
	"pick_40" : "Clowns Can Cook Too",
	"axe_40" : "In the Name of Heisenberg",
	"pick_51" : "Pool Party",
	"axe_51" : "Bodhi's Pool Repair Crew",
	"pick_15" : "Truly Outrageous",
	"axe_15" : "Bag Throwing Simulator",
	"pick_27" : "4 More Years",
	"axe_27" : "Only Losers Play Fair",
	"pick_9" : "The Fat of the Land",
	"axe_9" : "Got Money to Burn",
	"pick_37" : "Just Walk Straight Into the Bank",
	"axe_37" : "First World Problems",
	"pick_3" : "Window Shopper",
	"axe_3" : "Platinum Card",
	"pick_11" : "What a Flat!",
	"axe_11" : "Frames Per Second?",
	"pick_16" : "I Would Like to Move My Money to a Bank That Doesn't Get Robbed",
	"axe_16" : "The Global Elite",
	"pick_49" : "There is no Goat Level",
	"axe_49" : "You Goat to be Kidding Me...",
	"pick_44" : "Let the Chips Fall",
	"axe_44" : "Ocean's Four",
	"pick_31" : "Well in Russia Asshole Facks You!",
	"axe_31" : "Dennis' Menace",
	"pick_34" : "Wankers Beware",
	"axe_34" : "Still Got That Lucky Dollar?",
	"pick_39" : "Wankers Get Shanked",
	"axe_39" : "Not the Forgiving Kind",
	"pick_14" : "Bling Bling Gone",
	"axe_14" : "Fire Sale",
	"pick_46" : "Rats and Meatballs",
	"axe_46" : "I Survived Lab Rats on One Down And All I Got Was This Achievement",
	"pick_2" : "A $2000 Sports Car",
	"axe_2" : "I'll Break Your Malls",
	"pick_42" : "Now is the Nuclear Winter of Our Discontent",
	"axe_42" : "Dr. Strangevlad",
	"pick_53" : "It's Just Drones On And On",
	"axe_53" : "EMPathy",
	"pick_4" : "This Was Easier in the Tutorial...",
	"axe_4" : "Not on the Guest List",
	"pick_7" : "Captain Cook",
	"axe_7" : "My Chemical Brothers",
	"pick_54" : "SIX DOZERS CHARGING",
	"axe_54" : "On my Twelfth Try on One Down, The True Pain Began",
	"pick_29" : "The Shadows Are Your Friends",
	"axe_29" : "Like Taking Candy From a Heavily Armed Military Force",
	"pick_38" : "Of Pigs and Pigs.",
	"axe_38" : "Slaughterfest",
	"pick_36" : "Day at the Museum",
	"axe_36" : "The Jonssonligan",
	"pick_21" : "Caught in the Crossfire",
	"axe_21" : "Why Did The Heister Cross The Road?",
	"pick_22" : "Bright Lights, Broke City",
	"axe_22" : "Crime.net Street Party",
	"pick_23" : "Harboring Criminals",
	"axe_23" : "A Steel Container of Professional Badasses",
	"pick_24" : "Park Clean Up",
	"axe_24" : "Holding Court on the Street",
	"pick_26" : "3:10 to the Safehouse",
	"axe_26" : "A Good Old Fashioned Train Robbery",
	"pick_25" : "Mistified",
	"axe_25" : "Fog This Shit I'm Out!",
	"pick_1" : "Getting Back at Dmitri",
	"axe_1" : "Dmitri, Dearest of All My Friends!",
	"pick_52" : "Tax Return",
	"axe_52" : "Death and Taxes",
	"pick_5" : "Dallas Security Firm",
	"axe_5" : "Fight Like Cornered Animals",
	"pick_62" : "Upstanding Citizen",
	"axe_62" : "A sad Vlad is bad",
	"pick_64" : "For the Republic",
	"axe_64" : "Democracy at Work",
	"pick_63" : "Colombian Imports",
	"axe_63" : "We Can Trust This Guy",
	"pick_65" : "Trusted Friends",
	"axe_65" : "Crime.net is my Homepage",
	"pick_66" : "Master of Mayhem",
	"axe_66" : "One More Down, No More To Go",
	"pick_55" : "Panic in the Projects",
	"Flat_1" : "A Brush With Death",
	"axe_55" : "The Definition of Safe House is Changing",
	"Flat_2" : "Cardio Training",
	"Flat_3" : "The Dentist Delight",
	"Flat_5" : "Don't You Dare Miss",
	"pim_1" : "Nothing Personal",
	"pim_2" : "Crouched and Hidden, Flying Dagger",
	"pim_3" : "UMP for Me, UMP for You",
	"pim_4" : "For Daisy",
	"orange_1" : "Nightmare Machine",
	"orange_2" : "All Cloakers Eve",
	"orange_3" : "Haunted House of Heisters",
	"orange_4" : "Salem Asylum",
	"orange_5" : "A Long Night of Horrors",
	"orange_6" : "He's Got Experience",
	"tango_achieve_1" : "Ducking Awesome",
	"tango_achieve_2" : "Let Them Fly",
	"tango_achieve_3" : "The Reconing",
	"tango_achieve_4" : "Celsius or Fahrenheit?",
	"moon_1" : "Snowfall",
	"moon_2" : "Snowstorm",
	"moon_3" : "Thundersnow",
	"moon_4" : "Imitations",
	"moon_5" : "The Grinch",
	"moon_6" : "Christmas Party",
	"friend_1" : "You Cockroaches Wanna Play Rough?",
	"friend_2" : "Every Dog Has His Day",
	"friend_3" : "Say Good Night to the Bad Guy",
	"friend_4" : "Say Hello to My Big Friend",
	"friend_5" : "Look at These Pelicans Fall",
	"friend_6" : "What? You Want Me to Dance?",
	"spa_1" : "Fierce Protection",
	"spa_2" : "Vengeful Rain",
	"spa_3" : "Valkyries",
	"spa_4" : "Apartment Sniper",
	"spa_5" : "A Rendezvous with Destiny",
	"spa_6" : "Pass the Ammo",
	"fish_1" : "Hammerhead",
	"fish_2" : "Great White",
	"fish_3" : "Megalodon",
	"fish_4" : "Thalassophobia",
	"fish_5" : "Pacifish",
	"fish_6" : "Blood in the Water",
	"grv_1" : "Russian Arsenal",
	"grv_2" : "Spray Control",
	"grv_3" : "Have Nice Day!",
	"grv_4" : "Sneaky Beaky Like",
	"run_5" : "We Don't Need No Water",
	"run_6" : "Running the Gauntlet",
	"run_7" : "Hills Street Blues",
	"run_8" : "Zookeeper",
	"run_9" : "Patience Is Key",
	"run_10" : "Its Nice To Be Nice",
	"cee_1" : "Indulge in Crime",
	"cee_2" : "Revel in Criminal Activity",
	"cee_3" : "A Vast Amount of Unlawful Transgressions",
	"glace_5" : "Jack the Ripper's Prison Slippers!",
	"glace_6" : "Jack Rabbit Parole",
	"glace_7" : "Beat the Shield",
	"glace_8" : "I Felt Bad For Him",
	"glace_9" : "Caution! Wet Floors",
	"glace_10" : "Back to Prison"
}