{
	"cheater tag" : "tag de tramposo",
	"dangerous" : "peligroso"
	"suspiciously" : "sospechoso"

	"save_and_reload_title":"Guardar y Recargar"
	"save_and_reload_desc":"Esta función te ayudara a aplicar los cambios instantáneamente a la configuración de P3DHack"

	"P3DHack_Menu_title":"Menú P3DHack"
	"P3DHack_Menu_desc":"Rapidas y Convenientes funcionalidades en un solo lugar"

	"hud_function":"Funciones del HUD"

	"mod_list_lite_title":"Lista de MOD simplificada"
	"mod_list_lite_desc":"Corrige el problema de congelarse el juego al ver la lista de mods BLT"

	"hide_p3dhack_menu_title":"Ocultar Menú P3DHack"
	"hide_p3dhack_menu_desc":"Oculta P3DHack en el Menú Principal"

	"Hide_Functions":"Ocultar Funciones"

	"hide_func_title":"Ocultar activo"
	"hide_func_desc":"Quieres activar las siguientes características?"

	"hide_smoke_title":"Ocultar Humo"
	"hide_smoke_desc":"Quieres ocultar el Humo en el Menú Principal?"

	"hide_logo_title":"Ocultar logo de PAYDAY"
	"hide_logo_desc":"Quieres ocultar el logo de PAYDAY en el Menú Principal?"

	"hide_pattern_title":"Ocultar Apariencia"
	"hide_pattern_desc":"Quieres ocultar la Apariencia en el Menú Principal?"

	"hide_particles_title":"Ocultar Partículas"
	"hide_particles_desc":"Quieres ocultar las Partículas en el Menú Principal?"

	"Skip_Functions":"Saltear Funciones"
	"Skip_Press_title":"Saltear presiona enter"
	"Skip_Press_desc":"Saltear presiona enter para saltear"

	"global_unavailable":"No disponible"

	"helicopter":"Mod Helicóptero"
	"autoshoot":"Auto-disparar"
	"troll_activate_elements":"Activar elementos"
	"troll_open_doors":"Abrir todas las puertas"
	"troll_close_doors":"Cerrar todas las puertas"
	"troll_open_vault":"Abrir Bóveda"
	"troll_close_vault":"Cerrar Bóveda"
	"troll_remove_head":"Remover la cabeza de los enemigos"
	"troll_invisible_spooks":"Hacer a Espías Invisibles"
	"troll_launch_cars":"Lanzar los vehículos de los jugadores por los aires"
	"troll_close_van_doors":"Cerrar las puertas de la Van"
	"troll_open_van_doors":"Abrir las puertas de la Van"
	"rofl_drills":"Rofl Taladro"

	"main_menu_f6_text3_25":"Menú Asegurar botín x25"
	"main_menu_f6_text3_50":"Menú Asegurar botín x50"

	"Speed_hack":"Hack Rápido"
	"Speed_hack_title":"Hack Rápido"
	"Speed_hack_desc":"Quieres activar Hack Rápido?"
	
	"melee_info":"Arma Cuerpo a Cuerpo"
	
	"melee_range":"Rango Amplio de Cuerpo a Cuerpo"
	"melee_range_title":"Rango Amplio de Cuerpo a Cuerpo"
	"melee_range_desc":"Quieres activar Rango Amplio de Cuerpo a Cuerpo?"
	
	"melee_charge":"Rápida carga de ataque Cuerpo a Cuerpo"
	"melee_charge_title":"Rápida carga de ataque Cuerpo a Cuerpo"
	"melee_charge_desc":"Quieres activar Rápida carga de ataque Cuerpo a Cuerpo?"
	
	"melee_no_delay":"Golpes Rápidos"
	"melee_no_delay_title":"Golpes Rápidos"
	"melee_no_delay_desc":"Quieres activar Golpes Rápidos?"

	"keyboard_aim":"Aim"
	
	"thank_for_support":"Gracias por el Apoyo"
	"open_pm":"Comprar la versión Premium"
	"open_PD2Stats":"Abrir PD2Stats"
	"open_site":"Abrir el sitio"
	"open_crashlog":"Abrir el registro de Fallas"
	
	"hider_text":"Esconder mods",
	
	"hider_title":"Esconder mods",
	"hider_desc":"Quieres esconder tus mods?",
	
	"hider_type_title":"Que esconder?",
	"hider_type_desc":"Selecciona lo que quieres esconder",
	
	"Only_P3D":"Solo P3DHack",
	"All":"Todos los Mods",
	
	"Crosshair_title":"Punto de Mira",
	"Crosshair_desc":"Quieres habilitar el Punto de Mira?",
	
	"specific_weapons_unlocker_title":"Desbloquear Armas específicas",
	"specific_weapons_unlocker_desc":"Permite el acceso a Armas especiales",
	
	"NewMenu_function":"Auto hacks",
	
	"Auto_Cheats_title":"Auto activar Hack",
	"Auto_Cheats_desc":"Debe estar activado",

	"Dodge_Chance_Buff_title":"Posibilidad para Esquivar",
	"Dodge_Chance_Buff_desc":"Quieres habilitar la Posibilidad para Esquivar?",

	"Dodge_Chance_Buff_Amount_title":"Valor de la Chance para Esquivar",
	"Dodge_Chance_Buff_Amount_desc":"0.1 = 10%, 1 = 100%",

	"Melee_Buff_title":"Impulso de Daño Cuerpo a Cuerpo",
	"Melee_Buff_desc":"Quieres habilitar el Impulso de Daño Cuerpo a Cuerpo?",

	"Melee_Buff_Amount_title":"Valor del Multiplicador",
	"Melee_Buff_Amount_desc":"Selecciona el valor deseado",

	"Unlimited_BodyBags_title":"Bolsas de cadáveres infinitas",
	"Unlimited_BodyBags_desc":"Quieres habilitar las bolsas de cadáveres infinitas?",

	"Jump_Mask_Off_title":"Saltar en el Modo Observador",
	"Jump_Mask_Off_desc":"Quieres poder saltar en el Modo Observador?",

	"Fast_Mask_title":"Máscara rápida",
	"Fast_Mask_desc":"Quieres habilitar la Máscara rápida?",
	
	"Infinite_Hostage_Follow_title":"Cantidad infinita de Rehenes que siguen",
	"Infinite_Hostage_Follow_desc":"Quieres habilitar la Cantidad infinita de rehenes que siguen?",
	
	"Interaction_CoolDown_title":"Regeneración de Interacción Instantánea",
	"Interaction_CoolDown_desc":"Quieres habilitar la Regeneración de Interacción Instantánea?",
	
	"Sixth_Sense_Reset_title":"Sexto Sentido",
	"Sixth_Sense_Reset_desc":"Solo se resetea cuando te mueves",
	
	"Bag_CoolDown_title":"Sin tiempo para tomar otra carga",
	"Bag_CoolDown_desc":"Quieres quitar el tiempo para tomar otra carga?",
	
	"Camera_Bag_Explosion_Multiplier_title":"Multiplicador de efecto de bolsa explosiva",
	"Camera_Bag_Explosion_Multiplier_desc":"Quieres habilitar el multiplicador del efecto de bolsa explosiva?",
	
	"Camera_Bag_Explosion_Multiplier_Amount_title":"Valor Multiplicado",
	"Camera_Bag_Explosion_Multiplier_Amount_desc":"Por defecto 4",
	
	"Explosion_Buff_title":"Impulso de daño de las explosiones",
	"Explosion_Buff_desc":"Quieres habilitar el impulso el daño de las explosiones?",
	
	"Explosion_Buff_Amount_title":"Valor del daño de las explosiones",
	"Explosion_Buff_Amount_desc":"Selecciona el valor deseado",
	
	"Lowered_Headbob_title":"Efecto de Aceleración reducido",
	"Lowered_Headbob_desc":"Quieres reducir el efecto de Aceleración?",
	
	"grenade_buff_func":"Impulso de la Granada",
	
	"Grenade_Buff_title":"Impulso de la Granada",
	"Grenade_Buff_desc":"Quieres habilitar el Impulso de la Granada?",
	
	"Grenade_Buff_Damage_Amount_title":"Impulso de Daño de la Granada",
	"Grenade_Buff_Damage_Amount_desc":"por defecto 30",
	
	"Grenade_Buff_Player_Damage_Amount_title":"Impulso de Daño en jugador de la Granada",
	"Grenade_Buff_Player_Damage_Amount_desc":"por defecto 10",
	
	"Grenade_Buff_Range_Amount_title":"Impulso del Rango del Daño de la Granada",
	"Grenade_Buff_Range_Amount_desc":"por defecto 1000",
	
	"molotov_func":"Impulso de la Molotov",
	
	"Molotov_Buff_title":"Impulso de la Molotov",
	"Molotov_Buff_desc":"Quieres activar el Impulso de la Molotov?",
	
	"Molotov_Buff_Damage_Amount_title":"Impulso de Daño de la Molotov",
	"Molotov_Buff_Damage_Amount_desc":"por defecto 3",
	
	"Molotov_Buff_Player_Damage_Amount_title":"Impulso de Daño en jugador de la Molotov",
	"Molotov_Buff_Player_Damage_Amount_desc":"por defecto 2",
	
	"Molotov_Buff_Range_Amount_title":"Impulso del Rango del Daño de la Molotov",
	"Molotov_Buff_Range_Amount_desc":"por defecto 75",
	
	"Molotov_Buff_Burn_Duration_Amount_title":"Duración del Impulso de quemado de la Molotov",
	"Molotov_Buff_Burn_Duration_Amount_desc":"por defecto 20",
	
	"Incendiary_Grenade_Buff_func":"Impulso de la Granada incendiaria",
	
	"Incendiary_Grenade_Buff_title":"Impulso de Granada incendiaria",
	"Incendiary_Grenade_Buff_desc":"Quieres habilitar el impulso en granada incendiaria?",
	
	"Incendiary_Grenade_Buff_Damage_Amount_title":"Impulso de daño en granada incendiaria",
	"Incendiary_Grenade_Buff_Damage_Amount_desc":"por defecto 3",
	
	"Incendiary_Grenade_Buff_Player_Damage_Amount_title":"Impulso de daño en jugador de granada incendiaria",
	"Incendiary_Grenade_Buff_Player_Damage_Amount_desc":"por defecto 2",
	
	"Incendiary_Grenade_Buff_Range_Amount_title":"Rango del impulso de daño en granada incendiaria",
	"Incendiary_Grenade_Buff_Range_Amount_desc":"por defecto 75",
	
	"Incendiary_Grenade_Buff_Burn_Duration_Amount_title":"Duración del fuego en granada incendiaria",
	"Incendiary_Grenade_Buff_Burn_Duration_Amount_desc":"Impulso de la Duración de quemado en granada incendiaria por defecto 6",
	
	"Incendiary_Grenade_Buff_Time_Amount_title":"Tiempo de explosión de la granada incendiaria",
	"Incendiary_Grenade_Buff_Time_Amount_desc":"por defecto 2.5",
	
	"RPG7_Buff_func":"Impulso de la RPG7",
	
	"RPG7_Buff_title":"Impulso de la RPG7",
	"RPG7_Buff_desc":"Quieres activar el Impulso a la RPG7?",
	
	"RPG7_Buff_Damage_Amount_title":"Impulso de daño en la RPG7",
	"RPG7_Buff_Damage_Amount_desc":"Por defecto 1000",
	
	"RPG7_Buff_Player_Damage_Amount_title":"Impulso de daño en jugador de la RPG7",
	"RPG7_Buff_Player_Damage_Amount_desc":"Por defecto 40",
	
	"RPG7_Buff_Range_Amount_title":"Rango del Impulso del daño de la RPG7",
	"RPG7_Buff_Range_Amount_desc":"Por defecto 500",
	
	"RPG7_Buff_Time_Amount_title":"Tiempo de la explosión de la RPG7",
	"RPG7_Buff_Time_Amount_desc":"Cantidad de tiempo de la explosión después del impacto en la RPG7, por defecto 2.5",
	
	"GL40_Buff_func":"Impulso de la GL40",
	
	"GL40_Buff_title":"Impulso de la GL40",
	"GL40_Buff_desc":"Quieres activar el impulso a la GL40?",
	
	"GL40_Buff_Damage_Amount_title":"Impulso de Daño de la GL40",
	"GL40_Buff_Damage_Amount_desc":"Por defecto 34",
	
	"GL40_Buff_Player_Damage_Amount_title":"Impulso de Daño en Jugador de la GL40",
	"GL40_Buff_Player_Damage_Amount_desc":"por defecto 8",
	
	"GL40_Buff_Range_Amount_title":"Impulso de Rango del Daño de la GL40",
	"GL40_Buff_Range_Amount_desc":"por defecto 350",
	
	"GL40_Buff_Time_Amount_title":"Tiempo de explosión de la GL40",
	"GL40_Buff_Time_Amount_desc":"Tiempo de la explosión de la GL40 antes de impactar por defecto 2.5",
	
	"Dynamite_Buff_func":"Impulso de la Dinamita",
	
	"Dynamite_Buff_title":"Impulso de la Dinamita",
	"Dynamite_Buff_desc":"Quieres activar el Impulso a la dinamita?",
	
	"Dynamite_Buff_Damage_Amount_title":"Impulso del daño de la dinamita",
	"Dynamite_Buff_Damage_Amount_desc":"por defecto 30",
	
	"Dynamite_Buff_Player_Damage_Amount_title":"Impulso de Daño de dinamita en jugador",
	"Dynamite_Buff_Player_Damage_Amount_desc":"por defecto 10",
	
	"Dynamite_Buff_Range_Amount_title":"Rango del Daño de la Dinamita",
	"Dynamite_Buff_Range_Amount_desc":"por defecto 1000",
	
	"Toggle_Interact_title":"Activar Interacción",
	"Toggle_Interact_desc":"Quieres activar la Interacción?",
	
	"Grenade_Restrict_title":"Restringir granadas en sigilo",
	"Grenade_Restrict_desc":"Quieres restringir granadas en un trabajo en sigilo?",
	
	"Pager_Mod_title":"Aumentar las respuestas a los localizadores",
	"Pager_Mod_desc":"Aumentar las respuestas de los localizadores (no sirve en todos los mapas) (solo siendo Anfitrión)",
	
	"Zipline_Drop_title":"Soltar las Bolsas que Cargas mientras usas la Tirolina",
	"Zipline_Drop_desc":"Quieres Soltar las Bolsas que Cargas mientras usas la Tirolina?",
	
	"Classic_Open_Door_title":"Opción clásica de abrir todas las Puertas",
	"Classic_Open_Door_desc":"Opción clásica de abrir todas las puertas, quizás no sirva siempre, está más limitado a puertas específicas",
	
	"New_Open_Door_title":"Nueva Opción para abrir todas las puertas",
	"New_Open_Door_desc":"Nueva Opción para abrir todas las puertas, forzar todas las cerraduras, Cajas fuertes, cajas de depósito etc.",
	
	"Anti_Cheat_Disable_title":"Deshabilitar Anti-hacks",
	"Anti_Cheat_Disable_desc":"Permite que puedas crear bolsas y mucho más",
	
	"Secure_BodyBags_title":"Asegurar bolsas de cadáveres por Dinero",
	"Secure_BodyBags_desc":"Quieres asegurar bolsas de cadáveres por dinero?",
	
	"Secure_BodyBags_Loot_Value_title":"Cantidad de dinero",
	"Secure_BodyBags_Loot_Value_desc":"Cantidad de dinero por asegurar bolsas de cadáveres",
	
	"Auto_Loot_title":"Crear Botín Aleatorio extra",
	"Auto_Loot_desc":"Crear Botín Aleatorio extra en mapas disponibles",
	
	"Auto_Equipment_title":"Crear Tarjetas aleatorias extra",
	"Auto_Equipment_desc":"Crear Tarjetas aleatorias en mapas disponibles",
	
	"No_Job_Heat_title":"Deshabilitar sanciones repetidas en un trabajo",
	"No_Job_Heat_desc":"Quieres Deshabilitar las sanciones repetidas en un trabajo?",
	
	"Job_Heat_Amount_title":"Establece la cantidad de bonificación en un trabajo",
	"Job_Heat_Amount_desc":"por defecto 1.15 = 15%",
	
	"XP_Multiplier_title":"Multiplicador de experiencia",
	"XP_Multiplier_desc":"Quieres habilitar el multiplicador de experiencia?",
	
	"XP_Multiplier_Amount_title":"Valor del multiplicador de experiencia",
	"XP_Multiplier_Amount_desc":"Selecciona el valor deseado",
	
	"othermenu_function":"Otros",
	
	"Rats_Message_title":"Ayudante de Metanfetaminas",
	"Rats_Message_desc":"Mostrar el Químico correcto en el chat",
	
	"Delay_title":"Retraso entre los ingredientes",
	"Delay_desc":"Tiempo para el siguiente elemento",
	
	"CookMeth_function":"Funciones para cocinar Metanfetaminas",
	
	"troll_alarm":"Policía de Hotline",
	
	"alarm_crim":"Reportar un criminal",
	"alarm_gun":"Reportar sonido de disparos",
	"alarm_exp":"Reportar explosión",
	"alarm_mon":"Reportar un MONSTRUO!",
	
	"delete_units":"Borrar todas las unidades sincronizadas del mapa",
	"mute_ply":"Silenciar",
	"kick_all":"Expulsar a todos",
	"crash_game":"Crashea su juego",
	
	"Bullet_Penetration_func":"Penetración de bala con todas las armas",
	
	"Bullet_Penetration_title":"Penetración de bala con todas las armas",
	"Bullet_Penetration_desc":"Quieres habilitar la Penetración de balas?",
	
	"Bullet_Penetration_Shield_title":"Disparar a través de los escudos",
	"Bullet_Penetration_Shield_desc":"Quieres Disparar a través de los escudos?",
	
	"Bullet_Penetration_Enemy_title":"Disparar a través de los enemigos",
	"Bullet_Penetration_Enemy_desc":"Quieres Disparar a través de los enemigos?",
	
	"Bullet_Penetration_Wall_title":"Disparar a través de las paredes",
	"Bullet_Penetration_Wall_desc":"Quieres Disparar a través de las paredes?",
	
	"Skip_End_Screen_title":"Permite saltar la pantalla final",
	"Skip_End_Screen_desc":"Quieres permitir saltar la pantalla final?",
	
	"other_menus":"Otros Menús",
	
	"Bag_mod_toggle":"Mod de bolsa",
	
	"Disable_Pagers_title":"Deshabilitar localizadores",
	"Disable_Pagers_desc":"Quieres deshabilitar los localizadores?",
	
	"change_statistic":"Cambiar Estadísticas",
	
	"p3dtext_language_title" : "Idioma",
	"p3dtext_language_desc" : "Seleccione el idioma en el que se le presentara la información (Requiere reiniciar para que surta efecto)",
	
	"p3d_menu_title":"Configuración del P3dhack",
	"p3d_menu_desc":"aqui podrás personalizar la Configuración",
	
	"dlc_title":"Desbloqueo de DLC [Tag de tramposo]",
	"dlc_desc":"Quieres desbloquear todas las expansiones? se recomienda reiniciar el juego!",
	
	"skin_title":"Desbloqueo de Apariencias",
	"skin_desc":"Quieres desbloquear todas las apariencias de tus armas? se recomienda reiniciar el juego!",
	
	"skin_armor_title":"Desbloqueo de Apariencias de las armaduras",
	"skin_armor_desc":"Quieres desbloquear todas las apariencias de las armaduras? ",
	
	"noclip_title":"MOD NoClip",
	"noclip_desc":"Conviértete en un avión sí quieres volar",
	
	"rave_title":"Rehen Delirante",
	"rave_desc":"Quisieras activar el tomar rehenes rápido? se recomienda reiniciar el juego!",
	
	"antistop_title":"Anti Cámara lenta",
	"antistop_desc":"Habilítalo si no quiere una etiqueta de Trampos@",
	
	"antistop_info_title":"Quien lo hizo?",
	"antistop_info_desc":"Habilítelo si quiere saber quién intentó retrasarte. El spam es posible",
	
	"slow_attention":"Atención!",
	"slow_you":"Intento retrasarlo con rapidez",
	
	"change_statistic_total_kills_title":"Cantidad de Muertes",
	"change_statistic_total_kills_desc":"Selecciona la cantidad requerida",
	
	"change_statistic_specials_kills_title":"Cantidad de Muertes de Especiales",
	"change_statistic_specials_kills_desc":"Selecciona la cantidad requerida",
	
	"change_statistic_head_shots_Amount_title":"Número de disparos a la cabeza",
	"change_statistic_head_shots_Amount_desc":"Selecciona la cantidad requerida",
	
	"change_statistic_accuracy_Amount_title":"Porcentaje de precisión",
	"change_statistic_accuracy_Amount_desc":"Selecciona la cantidad requerida",
	
	"change_statistic_downs_Amount_title":"Número de caídas",
	"change_statistic_downs_Amount_desc":"Selecciona la cantidad requerida",
	
	"Language_text":"Localización",
	"fast_function":"Elección rápida",
	"antistopthecheater_function":"Anti Detención del hacker",
	"Main_function":"Funciones principales",
	"Free_function":"Compra gratis",
	"locator_function":"Localizador",
	"Keyboard_Auto_Config":"Auto iniciar teclas",
	"Auto_func":"Habilitado Automático",
	"Player_Menu_Config_func":"F1",
	"Weapon_Menu_Config_func":"F2",
	"Stealth_Menu_Config_func":"F3",
	"change_statistic_function":"Cambiar Estadísticas",
	
	"text_in_game_title":"Texto en Menú principal",
	"text_in_game_desc":"Te gustaría eliminar el texto del Menú principal? ",
	
	"Favors_title":"Puntos de Planificación",
	"Favors_desc":"Quieres activar los puntos de Planificación ilimitada?",
	
	"Free_Assets_title":"Compras de Recursos gratis",
	"Free_Assets_desc":"Quieres tener compras de Recursos gratis?",
	
	"Free_Casino_title":"Compras gratis en el Casino",
	"Free_Casino_desc":"Quieres hacer compras gratis en el Casino? ",
	
	"Free_Contracts_title":"Compras gratis de Contratos",
	"Free_Contracts_desc":"Quieres hacer compras gratis de Contratos? ",
	
	"Free_Masks_title":"Máscaras gratis",
	"Free_Masks_desc":"Quieres tener Máscaras gratis? ",
	
	"Free_PrePlanning_title":"Puntos gratis de Planificación Previa",
	"Free_PrePlanning_desc":"Quieres tener puntos gratis de Planificación Previa? ",
	
	"Free_Skills_title":"Compras de Habilidades gratis",
	"Free_Skills_desc":"Quieres hacer compras de Habilidades gratis? ",
	
	"Free_Slots_title":"Espacios para Armas y Máscaras gratis ",
	"Free_Slots_desc":"Quieres tener Espacios para Armas y Máscaras gratis? ",
	
	"Free_Weapons_title":"Compra de Armas gratis",
	"Free_Weapons_desc":"Quieres hacer compra de Armas gratis? ",
	
	"Free_Weapon_Mods_title":"Compras de Mejoras de Armas gratis",
	"Free_Weapon_Mods_desc":"Quieres poder comprar mejoras de armas gratis? ",
	
	"Jumper_title":"Salto Elevado",
	"Jumper_desc":"Quieres poder saltar muy alto? ",
	
	"Jumper_set_title":"Altura del Salto",
	"Jumper_set_desc":"Que tan alto quieres saltar?",
	
	"No_FlashBang_title":"Sin Granadas Aturdidoras",
	"No_FlashBang_desc":"Quieres jugar sin Granadas Aturdidoras?",
	
	"No_Recoil_title":"Sin retroceso en el arma",
	"No_Recoil_desc":"Quieres jugar sin el retroceso?",
	
	"No_Spread_title":"Sin Diseminación",
	"No_Spread_desc":"Quieres jugar sin Diseminación?",
	
	"Infinite_Stamina_title":"Corre sin cansarte",
	"Infinite_Stamina_desc":"Quieres correr sin Cansarte?",
	
	"Dropin_Pause_Remove_title":"Remover la Pausa al Ingresar",
	"Dropin_Pause_Remove_desc":"Quieres remover la pausa al Ingresar",
	
	"Auto_Pick_Card_title":"Auto Elegir Carta",
	"Auto_Pick_Card_desc":"Quieres seleccionar la Carta automáticamente?",
	
	"X_Ray_title":"Rayos X",
	"X_Ray_desc":"Por defecto es X",
	
	"Full_Replenish_title":"Restauración Completa",
	"Full_Replenish_desc":"por defecto es Z",
	
	"Ammo_Replenish_title":"Restaurar Munición",
	"Ammo_Replenish_desc":"Por defecto es con C",
	
	"Vehicle_Spawn_title":"Aparecer un Vehículo",
	"Vehicle_Spawn_desc":"Por defecto es V",
	
	"Grenade_Spawn_title":"Hacer aparecer una granada",
	"Grenade_Spawn_desc":"Por defecto es B",
	
	"Grenade_Spawn_Type_title":"Tipo de granada",
	"Grenade_Spawn_Type_desc":"Selecciona el tipo de granada",
	
	"Hud_Toggle_title":"Deshabilitar el HUD",
	"Hud_Toggle_desc":"Por defecto es F10",
	
	"Gage_Package_title":"Hacer aparecer paquetes de Gage",
	"Gage_Package_desc":"Por defecto es \\",
	
	"Restart_Job_title":"Reiniciar un Trabajo",
	"Restart_Job":"Por defecto es la tecla /",
	
	"Ultimate_Kill_title":"Matar a todos",
	"Ultimate_Kill_desc":"Por defecto es la tecla *",
	
	"Player_Menu_Config_title":"Activador de funciones",
	"Player_Menu_Config_desc":"Debe estar habilitado",
	
	"God_Mode_title":"Modo Dios",
	"God_Mode_desc":"Activar el modo Dios?",
	
	"Friendly_Fire_title":"Fuego amigo",
	"Friendly_Fire_desc":"Activar el fuego amigo?",
	
	"Auto_Drill_Service_title":"Auto Servicio de Taladro",
	"Auto_Drill_Service_desc":"el taladro se auto repara en caso de atascarse",
	
	"Carry_Mod_title":"Mod de Cargar",
	"Carry_Mod_desc":"Remueve el Peso de Todas las Bolsas y la capacidad Explosiva de las Bolsas de Munición",
	
	"Cloakers_Cuff_Self_title":"Cloakers esposan a los jugadores",
	"Cloakers_Cuff_Self_desc":" Los Cloakers solo te esposaran en vez de Derribarte",
	
	"Infinite_Ammo_Bag_title":"Usos infinitos de bolsas de Munición",
	"Infinite_Ammo_Bag_desc":"Te permite usar infinitamente la bolsa de Munición",
	
	"Infinite_Specials_title":"Objetos Especiales infinitos",
	"Infinite_Specials_desc":"Objetos Especiales como bridas, tablones, etc",
	
	"Infinite_Converts_title":"Infinitas conversiones al Enemigo",
	"Infinite_Converts_desc":"Te permite convertir enemigos infinitamente",
	
	"Carry_Stacker_title":"Apilador",
	"Carry_Stacker_desc":"Marca que eres hacker si no es en servidor propio",
	
	"Infinite_Doc_Bag_Use_title":"Usos infinitos del Botiquín Medico",
	"Infinite_Doc_Bag_Use_desc":"Te permite usar la bolsa medica las veces que quieras",
	
	"Infinite_ECM_Battery_title":"Batería infinita del ECM",
	"Infinite_ECM_Battery_desc":"Te permite usar infinitamente el ecm",
	
	"Infinite_Messiah_Charge_title":"Cargas infinitas del Mesías",
	"Infinite_Messiah_Charge_desc":"Cargas infinitas del Mesías",
	
	"Infinite_Pager_Answers_title":"Respuestas infinitas al Localizador",
	"Infinite_Pager_Answers_desc":"Respuestas infinitas al Localizador",
	
	"Instant_Dominate_title":"Dominación Instantánea",
	"Instant_Dominate_desc":"Bueno, todo está claro, así que no sé qué escribir",
	
	"Instant_Drill_title":"Taladro/Computadora Instantáneo",
	"Instant_Drill_desc":"Se puede activar aunque el taladro este puesto o la computadora haya sido activada",
	
	"Interact_Distance_Increase_title":"Distancia de la Interacción aumentada",
	"Interact_Distance_Increase_desc":"Interactuar desde mayor distancia",
	
	"Interact_Distance_Amount_title":"Valor de la Interacción a distancia",
	"Interact_Distance_Amount_desc":"Puedes aumentar o disminuir",
	
	"Instant_Interact_title":"Interacción Instantánea",
	"Instant_Interact_desc":"Incluye repuesta Instantánea al localizador",
	
	"Instant_Interact_With_Anything_title":"Interactuar con todo",
	"Instant_Interact_With_Anything_desc":" Por Ejemplo para bloquear Ventanas,o añadir ingredientes para Cocinar",
	
	"Interact_Thru_Wall_title":"Interactuar a través de la pared",
	"Interact_Thru_Wall_desc":"Interactuar a través de la pared",
	
	"No_Hit_Disorientation_title":"Sin desorientación al ser golpeado",
	"No_Hit_Disorientation_desc":"Sin desorientación al ser golpeado",
	
	"Small_Loot_Multiplier_title":"Multiplicador de Botín pequeño",
	"Small_Loot_Multiplier_desc":"Multiplicado por 3x, Número de ganancia $2,800,000",
	
	"Small_Loot_Multiplier_Amount_title":"Multiplicador de Botín pequeño",
	"Small_Loot_Multiplier_Amount_desc":"Puedes aumentar o disminuir",
	
	"Zipline_Transport_title":"Transportador en Tirolina",
	"Zipline_Transport_desc":"Te permite transportar bolsas en todas las tirolinas",
	
	"Weapon_Menu_Config_title":"Activador de funciones",
	"Weapon_Menu_Config_desc":"Debe estar habilitado",
	
	"Sentry_Infinite_Ammo_title":"Munición infita en Torretas Portátiles",
	"Sentry_Infinite_Ammo_desc":"La torreta dispara con una sola carga y tiene Munición infinita",
	
	"Sentry_God_Mode_title":"Torreta Portátil en modo Dios",
	"Sentry_God_Mode_desc":"Torreta Portátil en modo Dios",
	
	"Bullet_Explode_title":"Balas explosivas",
	"Bullet_Explode_desc":"Balas explosivas, funciona mejor activando Penetración de bala",
	
	"Bullet_Fire_title":"Balas Incendiarias",
	"Bullet_Fire_desc":"Permite que todas las armas tengan Munición Incendiaria",
	
	"Weapon_Damage_Multiplier_title":"Impulso de daño",
	"Weapon_Damage_Multiplier_desc":"Impulso de daño",
	
	"Weapon_Damage_Multiplier_Amount_title":"Valor multiplicador del daño del Arma",
	"Weapon_Damage_Multiplier_Amount_desc":"Puedes aumentarlo o disminuirlo",
	
	"Weapon_Fire_Rate_Multiplier_title":"Impulso de la Cadencia de Disparo",
	"Weapon_Fire_Rate_Multiplier_desc":"Es realmente rápido",
	
	"Infinite_Ammo_title":"Munición infinita",
	"Infinite_Ammo_desc":"Dispara todo lo que necesites",
	
	"Stealth_Menu_Config_title":"Activador de funciones",
	"Stealth_Menu_Config_desc":"Debe estar activado",
	
	"Cops_Dont_Shoot_title":"Policías no disparan",
	"Cops_Dont_Shoot_desc":"Solo siendo Anfitrión",
	
	"Disable_Cameras_title":"Desactivar Cámaras",
	"Disable_Cameras_desc":"Solo siendo Anfitrión",
	
	"Free_Civ_Kills_title":"Matar civiles sin cargos",
	"Free_Civ_Kills_desc":"Diviértete, este es tu día",
	
	"No_Pager_Dominate_title":"No se activa el Localizador al dominar un Policía",
	"No_Pager_Dominate_desc":"Solo siendo Anfitrión",
	
	"No_Panic_title":"Sin botón de Alarma / Datos quemados",
	"No_Panic_desc":"Solo siendo Anfitrión",
	
	"Dont_Call_Police_title":"La gente no puede llamar a la Policía",
	"Dont_Call_Police_desc":"Solo siendo Anfitrión",
	
	"Lobotimize_AI_title":"Lobotomizar BOTS",
	"Lobotimize_AI_desc":"Solo siendo Anfitrión",
	
	"Random_Pagers_title":"Localizadores al azar",
	"Random_Pagers_desc":"Solo siendo Anfitrión",
	
	"Steal_Pagers_title":"Robar Localizadores",
	"Steal_Pagers_desc":"Solo siendo Anfitrión",
	
	"waypoints_showDistance" : "Mostrar distancia",
	"waypoints_showDistance_desc" : "Muestra la distancia de Cada Ubicación.",
	"waypoints_showGagePickups" : "Mostrar los paquetes de Gage",
	"waypoints_showGagePickups_desc" : "Mostrar los paquetes de Gage en el mapa.",
	"waypoints_showPlanks" : "Mostrar Tablones",
	"waypoints_showPlanks_desc" : "Muestra los Tablones en el mapa.",
	"waypoints_showSmallLoot" : "Muestra Botín pequeño",
	"waypoints_showSmallLoot_desc" : "Mostrar elementos que pueden Agarrarse, como dinero o joyas.",
	"waypoints_showCrates" : "Mostrar Cajas",
	"waypoints_showCrates_desc" : "Muestra las Cajas Abribles, como las de El Día de las Elecciones.",
	"waypoints_showDoors" : "Mostrar Puertas",
	"waypoints_showDoors_desc" : "Muestra un símbolo de Bloqueado en las Puertas que se abren con Tarjeta o ECM.",
	"waypoints_showCameraComputers" : "Mostrar Computadora de las Cámaras",
	"waypoints_showCameraComputers_desc" : "Muestra la Ubicación de las computadoras que controlan las Cámaras",
	"waypoints_showDrills" : "Mostrar donde colocar Taladros",
	"waypoints_showDrills_desc" : "Muestra donde colocar un Taladro Pequeño",
	"waypoints_showThermite" : "Mostrar la Termita",
	"waypoints_showThermite_desc" : "Muestra la Ubicación de la Termita y donde Usarla.",
	"waypoints_showSewerManhole" : "Mostrar Bocas de Visita",
	"waypoints_showSewerManhole_desc" : "Muestra la Ubicación de las Bocas de Visita",
	"waypoints_showHUDMessages" : "Mostrar mensajes en el HUD",
	"waypoints_showHUDMessages_desc" : "Muestra información en el HUD sobre las Ubicaciones.",
	"waypoints_makeNoise" : "Sonar",
	"waypoints_makeNoise_desc" : "Hace un sonido cuando se ejecuta el script.",
	"waypoints_iterativeToggle" : "Estados Interactivos",
	"waypoints_iterativeToggle_desc" : "Al estar Activo hará que cada vez que se ejecute el script, va a encontrar y mostrar la siguiente Ubicación disponible. / Al estar Desactivado mostrara todas las Ubicaciones a la vez.",
	"waypoints_sheaterNewb" : "Sheater Newb",
	"waypoints_sheaterNewb_desc" : "Al Activar esto le mostrara varias cosas a la gente como Ubicación de las Cabras y Máquinas de Votación."
	
	"main_menu_p3dhack" : "Menú Principal",
	"main_menu_help_p3dhack" : "Abre el Menú Principal",
	"previous_menu_p3dhack" : "Menú Anterior",
	"previous_menu_help_p3dhack" : "Abre el Menú Anterior",
	"next_menu_p3dhack" : "Siguiente Ventana",
	"next_menu_help_p3dhack" : "Abre la Siguiente Ventana del Menú Actual",
	"prew_menu_p3dhack" : "Ventana anterior",
	"prew_menu_help_p3dhack" : "Abre la Ventana anterior del Menú Actual",
	"close_menu_p3dhack" : "Cerrar Menú",
	"close_menu_help_p3dhack" : "Cierra el Menú",
	
	"global_host" : "SOLO ANFITRIÓN",
	"global_host_" : "No Disponible (Solo Anfitrión)",
	"global_on" : "Activado",
	"global_off" : "Desactivado",
	"global_on" : "Activado",
	"global_p3dhack" : "P3DHack",
	"global_premium" : "SOLO Premium",
	
	"keyboard_health_and_ammo" : "ENERGIA Y MUNICIÓN RESTAURADAS",
	"keyboard_locator_1" : "[1/8] PAQUETE : ",
	"keyboard_locator_2" : "[2/8] TARJETA/PUERTA DE SEGURIDAD",
	"keyboard_locator_3" : "[3/8] ARMA/COCAINA",
	"keyboard_locator_4" : "[4/8] TABLON/TALADRO",
	"keyboard_locator_5" : "[5/8] CAJA/PALANCA",
	"keyboard_locator_6" : "[6/8] PINTURA",
	"keyboard_locator_6_1" : "[6/8] DATOS",
	"keyboard_locator_6_2" : "[6/8] QUÍMICO",
	"keyboard_locator_6_3" : "[6/8] CAJA FUERTE",
	"keyboard_locator_6_4" : "[6/8] COMPUTADORA/CAMION",
	"keyboard_locator_6_5" : "[6/8] TECLADO/SERVIDOR",
	"keyboard_locator_6_6" : "[6/8] CAJA DE SEGURIDAD",
	"keyboard_locator_6_7" : "[6/8] DATOS",
	"keyboard_locator_6_8" : "[6/8] BOCA DE VISITA/ARTICULO",
	"keyboard_locator_6_9" : "[6/8] REACTOR/CUARTO DE SERVIDOR",
	"keyboard_locator_6_10" : "[6/8] TORRETA",
	"keyboard_locator_6_11" : "[6/8] TECLADO",
	"keyboard_locator_6_12" : "[6/8] CIRCUITO/TIARA",
	"keyboard_locator_6_13" : "[6/8] CAJA/CAMINO/SEGURIDAD",
	"keyboard_locator_6_14" : "[6/8] UBICACIONES",
	"keyboard_locator_7" : "[7/8] DINERO",
	"keyboard_locator_8" : "[8/8] TODO",
	"keyboard_ammo" : "MUNICIÓN REESTABLECIDA",
	"keyboard_reviveteam" : "TEAM-MATE(S) REVIVED",
	"keyboard_slowmo_on" : "Cámara Lenta Activada",
	"keyboard_slowmo_off" : "Cámara Lenta Desactivada",
	
	"mouse_teleport" : "Teletransportado",
	
	"num_jump" : "Salto Elevado",
	"num_kill" : "Todos Muertos",
	"num_pg_answer" : "LOCALIZADORES RESPONDIDOS",
	"num_x_on" : "RAYOS X al PUBLICO Activado",
	"num_x_off" : "RAYOS X al PUBLICO Desactivado",
	
	"main_menu_f1" : "Menú del Jugador - Selecciona Estado",
	"fast_f1" : "ESTADOS RÁPIDOS DEL JUGADOR",
	"godmode" : "Modo Dios",
	"godmode_help" : "Hazte Invisible",
	"friendfire" : "Fuego Amigo",
	"friendfire_help" : "Activar Fuego Amigo",
	"modif_f1" : "ESTADOS DEL JUGADOR",
	"drillservice" : "Servicio Automático a Taladros",
	"drillservice_help" : "Reinicia Taladros automáticamente luego de atascarse",
	"carrymod" : "Mod de Cargamento",
	"carrymod_help" : "Elimina el peso de todas las Bolsas y la capacidad explosiva de las Bolsas de Munición",
	"carrycross" : "Mod de Cargamento en la Mira",
	"carrycross_help" : "Crear Bolsa de Carga a donde apunte el arma, Activa esto antes si quieres usarlo con el Apilador",
	"spooccuffselfon" : "Cloakers esposan a los Jugadores",
	"spooccuffselfon_help" : "Los Cloakers solo te esposaran en vez de Derribarte",
	"infammobag" : "Bolsa de Munición Infinita",
	"infammobag_full_" : "Bolsa de Munición Infinita",
	"InfiniteSpecial_" : "Especiales Infinitos",
	"InfiniteSpecial_help" : "Elementos Especiales Ilimitados tales como Bridas, Tablones etc.",
	"inf_converts" : "Conversiones Ilimitadas",
	"carrystack" : "Apilador",
	"carrystack_help" : "Te va a Etiquetar como Trampos@ si no eres el Anfitrión",
	"carrylimit" : "Limite de Peso del Apilador",
	"carrylimit_help" : "Modificador de Peso para Apilador, mientras más bolsas lleves más pesado eres",
	"infdocbag" : "Botiquín Medico Infinito",
	"infdocbag_full" : "Botiquín Medico Infinito",
	"inf_ecm" : "Batería del ECM Infinita",
	"infmessiah" : "Cargas de Mesías Infinitas",
	"inf_pager_answers" : "Sin límites de Localizadores a Responder",
	"instantdom" : "Control Instantáneo",
	"instantdrill" : "Taladro / Computadora Instantánea",
	"instantdrill_help" : "Puede ser Activado luego que el Taladro sea colocado o la Computadora sea Activada",
	"intdist" : "Incrementar Distancia de la Interacción",
	"intdist_full" : "Incrementar Distancia de la Interacción",
	"instantinteract" : "Interacción Instantánea",
	"instantinteract_help" : "Incluye respuesta Instantánea al Localizador",
	"interactanyhting" : "Interactuar con Todo",
	"interactwall" : "Interactuar a través de la Pared",
	"nohitdis" : "Sin Desorientación al ser Golpeado",
	"smlootmulti" : "Multiplicador de Botín pequeño",
	"smlootmulti_help" : "Multiplicador por 3x, Limitado a un Botín de valor $2,800,000",
	"ZiplineBag" : "Transporte por Tirolina",
	"ZiplineBag_help" : "Te permite transportar las Bolsas en Todas las Tirolinas",
	
	"main_menu_f2" : "MENÚ DE ARMAS",
	"br_f2" : "PROTECCIÓN",
	"fsentry" : "TORRETA PORTÁTIL",
	"mask_f2" : "MÁSCARA",
	"sl_f2" : "Espacio ",
	"ec_f2" : " Equipado",
	"laser_menu_text_f2" : "Elige Color del Laser",
	"flash_menu_text_f2" : "Elige Color de la Linterna",
	"armor_menu_text_f2" : "Elige tu Protección",
	"equipment_menu_text_f2" : "Elige tu Equipamiento",
	"grenade_menu_text_f2" : "Elige tu Arrojadiza",
	"mask_menu_text_f2" : "Elige tu Máscara",
	"melee_menu_text_f2" : "Elige tu Arma Cuerpo a Cuerpo",
	"primary_wep_menu_text_f2" : "Elige tu Arma Primaria",
	"secondary_wep_menu_text_f2" : "Elige tu Arma Secundaria",
	"infsentry" : "Munición Infinita en Torreta Portátil",
	"godsentry" : "Modo Dios en Torreta Portátil",
	"weapon_settings_f2" : "OPCIONES DE ARMAS",
	"BulletExplode" : "Balas Explotan",
	"BulletExplode_help" : "Balas Explosivas, Funciona mejor con Balas Penetrantes",
	"BulletFire" : "Bala Incendiaria",
	"BulletFire_help" : "Permite que todas las Armas tengan Munición Incendiaria",
	"damagebuff" : "Impulso de Daño",
	"fireratebuff" : "Cadencia Desatada",
	"infammo" : "Munición Infinita",
	"freload" : "Velocidad de Impulso al Recargar",
	"swapspeed" : "Cambiar Velocidad de Impulsos",
	"ch_f2" : "Menú DE CAMBIOS",
	"armor_menu" : "Menú de Chaleco",
	"mask_menu" : "Menú de Máscara",
	"primary_wep_menu" : "Menú de Arma Primaria",
	"secondary_wep_menu" : "Menú de Arma Secundaria",
	"flash_menu" : "Menú del Color de la Linterna",
	"laser_menu" : "Menú del Color del Laser",
	"equipment_menu" : "EQUIPAMIENTO",
	"equipment_menu_text" : "OPCIONES",
	"giveitem" : "Limpiar Equipamiento",
	"grenade_menu" : "Menú de Granadas",
	"melee_menu" : "Menú de Armas Cuerpo a Cuerpo",
	
	"main_menu_f3" : "Menú de Sigilo- Selecciona Menú o Estado",
	"mind_enemies_menu" : "Control Mental a Enemigos",
	"mind_civs_menu" : "Control Mental a Civiles",
	"mind_civs_f3" : "MENÚ DE CONTROL MENTAL",
	"mind_ci_f3" : "Menú de Control Mental a Enemigos",
	"mind_cis_f3" : "Menú de Control Mental a Civiles",
	"pigsfly" : "Cerdos Voladores",
	"copsquit" : "Policías que se Rinden",
	"drunkpigs" : "Cerdos Ebrios",
	"civdance" : "Marionetas Bailantes",
	"civsmoke" : "Muertes Humeantes",
	"civcower" : "Cubriendo Ovejas",
	"phonycivs" : "Phony Yuppies",
	"main_menu_f3_1" : "OPCIONES Y ESTADOS",
	"cops_dont_shoot" : "Policías no disparan",
	"cops_dont_shoot_help" : "Los Policías no te Dispararan",
	"disable_cams" : "Desactivar Cámaras",
	"disable_pagers" : "Desactivar Localizadores",
	"free_kill" : "Liberar Muertes de Civiles",
	"pagedom" : "Desactivar Localizador al Controlar",
	"pagedom_full" : "Desactivar Localizador al Controlar",
	"pagedom_help" : "Si se está usando Controlar Instantáneamente esto debe ser activado antes para que ambos funcionen",
	"prevent_panic_buttons" : "Sin Botón de Emergencias / Datos quemados",
	"people_dont_call_police" : "Civiles no llamaran a la Policía",
	"lobai" : "Lobotomizar Bots",
	"lobai_full" : "LOBOTOMIZAR BOTS",
	"randompage" : "Localizadores Aleatorios",
	"randompage_help" : "Activar Localizadores Aleatorios",
	"steal_pagers_on_melee" : "Robar los Localizadores",
	"steal_pagers_on_melee_help" : "Desactivar Localizador cuando Golpeas a un Guardia",
	"unlmessiah" : "Desbloquear Cargas De Mesías",
	"convertall" : "Convertir a Todos los Enemigos",
	"convertall_full" : "Todos los Enemigos Convertidos",
	"remote_camera" : "Acceso a Cámara Remota",
	
	"main_menu_f4" : "Menú para Manipular Misión - Selecciona Opción",
	"main_menu_f4_full" : "Menú de Mod - Selecciona Opción",
	"main_menu_f4_edit" : "MENÚS",
	"mod_menu" : "Menú de Mod",
	"mod_menu_full" : "ESTADO DE LOS MODS",
	"bettyboom" : "Mod de Betty Boom",
	"bettyboom_full" : "ESTRUENDOSA BETTY BOOM",
	"bettyboom_help" : "Eliminar BOTS después de Morir",
	"dirtymoney" : "Soltar Dinero Manchado",
	"dirtymoney_help" : "Soltar dos Bolsas con Oro luego de que un BOT muera",
	"autocook" : "Auto Cocina en Ratas",
	"autocook_full" : "AUTO-COCINAR",
	"autocook_help" : "Cocina automáticamente en el Día 1 de Ratas y Cocineros, Debes tener Químicos para proceder a Cocinar",
	"autocook_info" : "Solo en el Día 1 de Ratas / Cocineros",
	"m_info" : "OPCIONES",
	"civil" : "Alertar Civiles",
	"civil_help" : "Intimidar a Todos los Civiles, Presiona Varias Veces para llevarlos al Suelo",
	"instaboardst" : "Bloquear todas las Ventanas",
	"instaboardst_help" : "Sellar con Tablas Todas las Ventanas Disponibles",
	"cutglass" : "Cortar Todos los Vidrios",
	"cutglass_help" : "Solo en El Diamante",
	"heistintel" : "Liberar Datos del Tren Militar",
	"heistintel_help" : "Solo puede obtenerse en Misiones de Transporte",
	"heistintel_only" : "Solo en Misiones de Transporte",
	"getpatht" : "Obtener Artículo / Continuar Misión",
	"getpatht_help" : "Apilador debe estar Activo, Toma Todos los artículos necesarios para continuar la Misión",
	"grabcourier" : "Tomar Todos los Paquetes de Gage",
	"grabcourier_help" : "Tomar Todos los Paquetes de Gage Disponibles",
	"grabgear" : "Tomar Equipamiento",
	"grabgear_help" : "Presione dos veces para tomar el Equipamiento",
	"grabgear_only" : "Solo en Casino Golden Grin",
	"anticheat_info" : "ESTADO DEL ANTI-TRAMPAS",
	"anticheat" : "Desactivar Anti-Trampas",
	"anticheat_help" : "Activar o Desactivar Anti-Trampas para el Anfitrión y Cliente",
	"InstantHackAll" : "Hackear todos los Elementos Eléctricos",
	"InstantHackAll_help" : "Hackear Computadoras, Teclados, Teléfonos o Cuadros Eléctricos Disponibles",
	"GrabDiamond" : "Tomar el Diamante Instantáneamente",
	"GrabDiamond_help" : "Presiona dos veces para tomar el Diamante",
	"GrabDiamond_only" : "Solo en El Diamante",
	"instanthackmachines" : "Abrir y Hackear Máquinas de Votación Instantáneamente",
	"instanthackmachines_only" : "Solo en el Almacén de El Día de las Elecciones",
	"opencrate" : "Abrir Todas las Cajas",
	"opencrate_help" : "También puedes Cerrar las Cajas Disponibles",
	"bankbuster" : "Abrir Todas las Cajas de Depósitos",
	"picklockst" : "Abrir Todas las Puertas y Ventanas",
	"picklockst_help" : "Esto no abrirá las Puertas de Seguridad",
	"picklockst1" : "Forzar Todas las Cerraduras",
	"picklockst1_help" : "Forzar Todas las Cerraduras y Cajas de Depósitos, Esto no abrirá las Puertas de Seguridad",
	"c4open" : "Abrir Todas las Puertas y Cajas Fuertes con C4",
	"jobwin_jobloss" : "OPCIONES DE VICTORIA / DERROTA",
	"jobloss" : "Derrota Instantánea",
	"jobwin" : "Victoria Instantánea",
	"ecmopen" : "Abrir Todas la Puertas que se abren con ECM",
	"usekeycardt" : "Abrir Todas la Puertas que se abren con Tarjeta",
	"usekeycardt_help" : "Abrir cualquier Puerta que use Tarjeta Incluyendo las Habitaciones de Seguridad",
	"xmaspresent" : "Abrir Todos los Regalos",
	"xmaspresent_only" : "Solo en Una Blanca Navidad",
	"xmasflare" : "Colocar / Encender Bengala",
	"DrillAll" : "Iniciar / Reiniciar Taladro(s)",
	"DrillAll_help" : "Iniciar o Reiniciar Cualquier Taladro Disponible",
	"takeintel" : "Tomar Todos los Datos",
	"takeintel_help" : "Presiona dos veces por la Información en las cajas fuertes",
	"instanttie" : "Amarrar a Todos los Civiles",
	"instanttie_help" : "Debes Alertar a todos los Civiles antes de Activar",
	"heistintel_info" : "Datos del Tren Militar han sido liberados",
	"civilsdown_info" : "Todos los Civiles Intimidados",
	"c4open_info" : "Todas las Puertas Abiertas con C4",
	"grabgear_info" : "Equipamiento Obtenido",
	"xmasflare_info" : "Bengala Colocada / Encendida",
	"xmaspresent_info" : "Todos los Regalos Abiertos",
	"ecmopen_info" : "Todas la Puertas de Seguridad Abiertas con ECM",
	"getpatht_info" : "Artículos de la Misión Adquiridos",
	"grabcourier_info" : "Todos los Paquetes de Gage se han tomado",
	"takeintel_info" : "Todala Información ha sido Asegurada",
	"takeintel1_info" : "DATOS",
	"InstantHackAll_info" : "Todos Cuadros Eléctricos y Cableados Abiertos y Hackeados",
	"cutglass_info" : "Todos los Vidrios Cortados",
	"instanthackmachines_info" : "Todas las Máquinas de Votación Abiertas y Hackeadas",
	"instanttie_info" : "Todos los Civiles Amarrados",
	"usekeycardt_info" : "Puertas Abiertas con Tarjetas",
	"opencrate_info" : "Todas las Cajas Abiertas",
	"GrabDiamond_info" : "Diamante Adquirido",
	"picklockst_info" : "Todas las Ventanas y Puertas Abiertas",
	"picklockst1_info" : "Todas las Cerraduras Forzadas",
	"bankbuster_info" : "Todas la Cajas de Depósitos Abiertas",
	"DrillAll_info" : "Taladro(s) Colocado / Reiniciado",
	"instaboardst_info" : "Bloquear Todas las Ventanas con Tablas",
	
	"main_menu_f5" : "Menú de Inventario - Seleccione Opción",
	"main_menu_f5_text1" : "Menú para agregar Artículos - Selecciona Artículo",
	"main_menu_f5_text2" : "Menú de Bolsas de Botín - Seleccione Bolsa",
	"main_menu_f5_text3" : "Menú de Bolsas de Equipo - Seleccione Bolsa",
	"main_menu_f5_text4" : "Menú del Reactor de El Poder del Petróleo - Seleccione Reactor",
	"add_items_menu" : "Menú para agregar Artículos al Inventario",
	"fugas_f5" : "CARTUCHOS EXPLOSIVOS",
	"spawn_f5" : "MENÚS DE CREACION DE BOLSAS",
	"engine_menu" : "Menú del Reactor de El Poder del Petróleo",
	"equipment_menu_f5" : "Menú de Bolsas de Equipo",
	"loot_menu_f5" : "Menú de Bolsa de Botín",
	"main_menu_f5_text5" : "OPCIONES DE CREACION",
	"main_menu_f5_text6" : "Obtén una Bolsa",
	"main_menu_f5_text7" : "Lluvia de Bolsas",
	"main_menu_f5_text7_help" : "No Hacer Spam, Causara una falla",
	"main_menu_f5_text8" : "Crear a donde apunte el Arma",
	"main_menu_f5_text12" : "OPCIONES PARA COMPACTAR",
	"main_menu_f5_text9" : "Compactar todos los cuerpos",
	"main_menu_f5_text9_help" : "​Compactar Cadáveres Solamente",
	"main_menu_f5_text10" : "Cartuchos Explosivos",
	"main_menu_f5_text10_help" : "Hacer las Bolsas de Cartuchos nuevamente Explosivas",
	"main_menu_f5_text11" : "Cargar Todas las Bolsas",
	"main_menu_f5_text11_help" : "Apilador debe estar Activado o las Bolsas serán Eliminadas",
	"main_f5_text" : "ARTÍCULOS EN GENERAL",
	"cable_tie" : "Bridas",
	"organs" : "Organos",
	"add_items_menu_f5" : "QUÍMICOS EN RATAS / HOTLINE MIAMI",
	"add_items_menu_f5_" : "CÓDIGO DE BARRA DE HOTLINE MIAMI",
	"add_items_menu_f5__" : "ARTÍCULOS DE LA FUGA DE HOXTON",
	"add_items_menu_f5___" : "ARTÍCULOS DEL CASINO GOLDEN GRIN",

	"main_menu_f6" : "Menú de Dinero - Seleccione Opción",
	"main_menu_f6_text1" : "Súper Donación de 69000$ en Botín",
	"main_menu_f6_text2" : "OPCIONES / MENÚ DE ASEGURAR",
	"takeloot" : "Embolsar todo el Botín",
	"takeloot_help" : "Activar Apilador, Sí Una Blanca Navidad se Activa dos veces",
	"InteractType" : "Tomar todo el Botín Pequeño",
	"OpenAtm" : "Abrir Todos los Cajeros Automáticos y tomar el contenido",
	"OpenAtm_help" : "Presione dos veces para tomar el contenido de los Cajeros Automáticos",
	"OpenAllLoot" : "Abrir todos los Cajeros Automáticos, cajas fuertes, entre otros.",
	"main_menu_f6_text2" : "OPCIONES / MENÚ DE ASEGURAR",
	"main_menu_f6_text3" : "Menú de Asegurar Botín",
	"securesmloot" : "Asegurar todo el Botín Pequeño",
	"main_menu_f6_text4" : "Botín Embolsado",
	"main_menu_f6_text5" : "Botín pequeño Asegurado",
	
	"main_menu_f7" : "Menú de Temporizador de las Interacciones - Selecciona Opción",
	"main_menu_f7_text1" : "OPCIONES DE TEMPORIZADOR DE INTERACCIONES (REDUCE EL TIEMPO A 3 SEG.)",
	"InteractDrillJam" : "Temporizador del Taladro Atascado / Mejora",
	"InteractECMJam" : "Temporizador para Abrir con ECM",
	"InteractPager" : "Temporizador para Contestar Localizador",
	"InteractPickLock" : "Temporizador para Forzar Cerraduras",
	"InteractRevive" : "Temporizador para Revivir Jugador",
	"main_menu_f7_text2" : "TEMPORIZADOR PARA FORZAR CERRADURAS",
	"main_menu_f7_text3" : "TEMPORIZADOR PARA ABRIR CON ECM",
	"main_menu_f7_text4" : "TEMPORIZADOR DEL TALADRO ATASCADO / MEJORA",
	"main_menu_f7_text5" : "TEMPORIZADOR PARA REVIVIR JUGADOR",
	"main_menu_f7_text6" : "TEMPORIZADOR DEL LOCALIZADOR",
	
	"main_menu_f8" : "Menú Trol - Selecciona Menú u Opción",
	"main_menu_f8_text1" : "Trolea a Otros Jugadores - Selecciona Opción",
	"main_menu_f8_text2" : "Troleate - Selecciona Opción",
	"main_menu_f8_player" : "Trolear a ",
	"main_menu_f8_text3" : "MENÚ PARA TROLEAR JUGADORES",
	"main_menu_f8_text4" : "Trolea a otros Jugadores",
	"main_menu_f8_text5" : "OPCIONES DE TROLEO AL EQUIPO",
	"syncbleedall" : "Desangrar a los Jugadores",
	"synccuffall" : "Esposar a los Jugadores",
	"syncincaall" : "Incapacitar a los Jugadores",
	"synctaseall" : "Electrocutar a los Jugadores",
	"main_menu_f8_text6" : "TROLEAR A JUGADORES ESPECIFICOS",
	"main_menu_f8_text7" : "Otros",
	"releaseteam" : "Saca a tu Equipo de la Cárcel",
	"sendalltojail_team" : "Envía a tu Equipo a la Cárcel",
	"main_menu_f8_text8" : "Trolea a tu Personaje",
	"main_menu_f8_text9" : "OPCIONES DE ESTADO PROPIAS",
	"stateblood" : "Desangrarse",
	"statecuffs" : "Esposar",
	"stateinca_me" : "Incapacitar",
	"stateinca" : "Incapacitar",
	"statetased" : "Electrocutar",
	"releaseme" : "Sácame de la Cárcel",
	"lockmeup" : "Llévame a la Cárcel",
	"main_menu_f8_text10" : "Dar Municiones",
	"giveammoto" : "Dar Municiones",
	"givemedikito" : "Dar Botiquín Medico",
	"main_menu_f8_text11" : "OPCIONES DEL ESTADO DEL JUGADOR",
	"main_menu_f8_text12" : "OPCIONES DE CÁRCEL / TELETRANSPORTACION",
	"syncreleaseply2" : "Sacar de la Cárcel",
	"sendalltojail" : "Enviar a la Cárcel",
	"teleporttoply" : "Teletransportarce hacia un Jugador",
	"syncforceengine" : "Forzar Motor de Carga",
	"main_menu_f8_text13" : "OPCIONES",
	"depositfill" : "Llenar Cajas de Depósitos",
	"depositfill_help" : "LLENAR CAJAS DE DEPÓSITOS CON ORO Y EFECTIVO, NO FUNCIONA EN TODOS LAS MISIONES",
	"openvault" : "Abrir Bóveda",
	"openvault_help" : "ABRIR BÓVEDA, NO FUNCIONA EN TODAS LAS BÓVEDAS Y PUEDE TENER EFECTOS SECUNDARIOS",
	"overdrill" : "Activar Overdrill en la Bóveda",
	"overdrill_help" : "ACTIVAR OVERDRILL EN LA BÓVEDA",
	"overdrill_only" : "Solo en First World Bank",
	"main_menu_f8_text14" : "Bóveda Abierta",
	"main_menu_f8_text15" : "Cajas de Depósitos llenas",
	"main_menu_f8_text16" : "Otros",
	"I_am_best" : "Cambiar Estadísticas",
	"cops_to_bulld" : "Los Policías muertos se convierte en Bulldozers",
	"replace_cops" : "Reemplazar todos los Policías por Bulldozers",
	"tm_gm" : "Activar el MODO DIOS en tu Equipo",
	"invisible_player" : "Invisibilidad",
	
	"main_menu_f10" : "Menú previo a la Misión - Menú de Selección",
	"infamy_level_menu" : "Menú de Infamia",
	"infamy_points_menu" : "Menú de Infamia",
	"inventory_menu" : "Menú de Inventario",
	"clear_inventory_menu" : "Limpiar Menú de Inventario",
	"add_inventory_menu" : "Agregar al Menú de Inventario",
	"level_menu" : "Menú de Nivel",
	"money_menu" : "Menú de Dinero",
	"skill_menu" : "Menú de Habilidades y Talentos",
	"add_achieve_menu" : "Menú para Agregar Logros",
	"rem_achieve_menu" : "Menú de Eliminación de Logros",
	"continental_coins_menu" : "Monedas Continentales",
	"main_menu_f10_text1" : "MENÚS",
	"main_menu_f10_text2" : "OPCIONES DE INFAMIA",
	"main_menu_f10_text3" : "Reiniciar Infamia",
	"main_menu_f10_text4" : "OPCIONES DE NIVEL DE INFAMIA",
	"set_infamy_level1" : "Establecer en 1",
	"set_infamy_level2" : "Establecer en 2",
	"set_infamy_level3" : "Establecer en 3",
	"set_infamy_level4" : "Establecer en 4",
	"set_infamy_level5" : "Establecer en 5",
	"set_infamy_level6" : "Establecer en 6",
	"set_infamy_level7" : "Establecer en 7",
	"set_infamy_level8" : "Establecer en 8",
	"set_infamy_level9" : "Establecer en 9",
	"set_infamy_level10" : "Establecer en 10",
	"set_infamy_level11" : "Establecer en 11",
	"set_infamy_level12" : "Establecer en 12",
	"set_infamy_level13" : "Establecer en 13",
	"set_infamy_level14" : "Establecer en 14",
	"set_infamy_level15" : "Establecer en 15",
	"set_infamy_level16" : "Establecer en 16",
	"set_infamy_level17" : "Establecer en 17",
	"set_infamy_level18" : "Establecer en 18",
	"set_infamy_level19" : "Establecer en 19",
	"set_infamy_level20" : "Establecer en 20",
	"set_infamy_level21" : "Establecer en 21",
	"set_infamy_level22" : "Establecer en 22",
	"set_infamy_level23" : "Establecer en 23",
	"set_infamy_level24" : "Establecer en 24",
	"set_infamy_level25" : "Establecer en 25",
	"main_menu_f10_text5" : "Menú de Puntos de Infamia",
	"main_menu_f10_text6" : "OPCIONES DE INFAMIA",
	"main_menu_f10_text7" : "Reiniciar Infamia",
	"main_menu_f10_text8" : "OPCIONES DE PUNTOS DE INFAMIA",
	"main_menu_f10_text9" : "Menú de Inventario",
	"un1" : "OPCIONES DE DESBLOQUEOS",
	"un2" : "Desbloquear todos los Artículos",
	"un3" : "Desbloquear todos los Espacios",
	"un4" : "Desbloquear todos los Colores",
	"un5" : "Desbloquear todas las Máscaras",
	"un6" : "Desbloquear todos los Materiales",
	"un7" : "Desbloquear todas las Apariencias",
	"un8" : "Desbloquear todas las Armas",
	"un9" : "Desbloquear todos los Trofeos",
	"un10" : "Otros",
	"un11" : "Remover el Aviso de nuevo Artículo",
	"un12" : "OPCIONES DE DESBLOQUEOS (DLC)",
	"un13" : "Desbloquear Accesorios",
	"del1" : "ELIMINAR ESPACIOS ESPECIFICOS",
	"del2" : "Eliminar Todos los Espacios para Máscaras",
	"del3" : "Eliminar los Espacios para Armas Primarias",
	"del4" : "Eliminar los Espacios para Armas Secundarias",
	"del5" : "ELIMINAR O BLOQUEAR TODOS LOS ESPACIOS Y ARTÍCULOS",
	"del6" : "Eliminar Todos los Artículos",
	"del7" : "Eliminar todos los Espacios",
	"del8" : "Bloquear Todos los Artículos",
	"del9" : "ELIMINAR ARTÍCULOS ESPECIFICOS",
	"del10" : "Eliminar todos los Colores",
	"del11" : "Eliminar todas las Máscaras",
	"del12" : "Eliminar todos los Materiales",
	"del13" : "Eliminar todas las Apariencias",
	"del14" : "Eliminar todos los Accesorios",
	"add_item1" : "AÑADE 1 DE CADA ARTÍCULO",
	"add_item2" : "AÑADE 1 DE TODOS LOS COLORES",
	"add_item3" : "AÑADE 1 DE TODO",
	"add_item4" : "AÑADE 1 DE TODAS LAS MÁSCARAS",
	"add_item5" : "AÑADE 1 DE TODOS LOS MATERIALES",
	"add_item6" : "AÑADE 1 DE TODAS LAS APARIENCIAS",
	"add_item7" : "AÑADE 1 DE TODOS LOS ACCESORIOS",
	"add_item8" : "AÑADE 5 DE CADA ARTÍCULO",
	"add_item9" : "Añade 5 de todos los colores",
	"add_item10" : "Añade 5 de Cualquier Cosa",
	"add_item11" : "Añade 5 de todas las Máscaras",
	"add_item12" : "Añade 5 de todos los Materiales",
	"add_item13" : "Añade 5 de todas las Apariencias",
	"add_item14" : "Añade 5 de todos los Accesorios",
	"add_exp" : "Menú de Nivel",
	"add_exp1" : "OPCIONES DE EXP",
	"add_exp2" : "Agrega 100 puntos de EXP",
	"add_exp3" : "Agrega 1,000 puntos de EXP",
	"add_exp4" : "Agrega 10,000 puntos de EXP",
	"add_exp5" : "Agrega 50,000 puntos de EXP",
	"add_exp6" : "Agrega 100,000 puntos de EXP",
	"add_exp7" : "Agrega 200,000 puntos de EXP",
	"add_exp8" : "Establecer al nivel 10",
	"add_exp9" : "Establecer al nivel 20",
	"add_exp10" : "Establecer al nivel 30",
	"add_exp11" : "Establecer al nivel 40",
	"add_exp12" : "Establecer al nivel 50",
	"add_exp13" : "Establecer al nivel 60",
	"add_exp14" : "Establecer al nivel 70",
	"add_exp15" : "Establecer al nivel 80",
	"add_exp16" : "Establecer al nivel 90",
	"add_exp17" : "Establecer al nivel 100",
	"add_money" : "Dinero",
	"add_money1" : "OPCIONES DE ELIMINACIÓN DEL DINERO",
	"add_money2" : "Eliminar el Dinero",
	"add_money3" : "AGREGAR DINERO",
	"add_money4" : "Agrega 1 Millón en efectivo + 4 Millones a la cuenta en el extranjero",
	"add_money5" : "Agrega 10 Millones en efectivo + 40 Millones a la cuenta en el extranjero",
	"add_money6" : "Agrega 100 Millones en efectivo + 400 Millones a la cuenta en el extranjero",
	"add_money7" : "Agrega 1 Billón en efectivo + 4 Billones a la cuenta en el extranjero",
	"add_skill" : "Menú de Habilidades y Talentos",
	"add_skill1" : "HABILIDADES",
	"add_skill2" : "Reiniciar los puntos de Habilidades",
	"add_skill3" : "Desbloquear Todas la Habilidades",
	"add_skill4" : "OPCIONES DE PUNTAJE DE HABILIDADES",
	"add_skill5" : "Establecer a 120 puntos",
	"add_skill6" : "Establecer a 290 puntos",
	"add_skill7" : "Establecer a 435 puntos",
	"add_skill8" : "Establecer a 580 puntos",
	"add_skill9" : "Establecer a 725 puntos",
	"add_skill10" : "Desbloquear UNA Rama Entera",
	"add_skill11" : "Desbloquear DOS Ramas Enteras",
	"add_skill12" : "Desbloquear TRES Ramas Enteras",
	"add_skill13" : "Desbloquear CUATRO Ramas Enteras",
	"add_skill14" : "Desbloquear TODAS las Ramas",
	"add_perk" : "OPCIONES DE TALENTOS",
	"add_perk1" : "Reiniciar puntos de Talentos",
	"add_perk2" : "Desbloquear todos los Talentos",
	"add_perk3" : "OPCIONES DE PUNTAJE DE TALENTOS",
	"add_perk4" : "Desactivar efectos visuales en los Talentos, Verifica dentro de la partida los Talentos activos",
	"add_perk5" : "Añade 500 Puntos en Talentos",
	"add_perk6" : "Añade 1,000 Puntos en Talentos",
	"add_perk7" : "Añade 2,500 Puntos en Talentos",
	"add_perk8" : "Añade 5,000 Puntos en Talentos",
	"add_perk9" : "Añade 10,000 Puntos en Talentos",
	"add_continental" : "Añade 1 moneda",
	"add_continenta2" : "Añade 5 monedas",
	"add_continenta3" : "Añade 10 monedas",
	"add_continenta4" : "Añade 15 monedas",
	"add_continenta5" : "Añade 20 monedas",
	"add_continenta6" : "Añade 25 monedas",
	"add_continenta7" : "Añade 30 monedas",
	"add_continenta8" : "Añade 35 monedas",
	"add_continenta9" : "Añade 40 monedas",
	"add_continenta11" : "Añade 50 monedas",
	"add_continenta12" : "Añade 60 monedas",
	"add_continenta13" : "Añade 70 monedas",
	"add_continenta14" : "Añade 80 monedas",
	"add_continenta15" : "Añade 90 monedas",
	"add_continenta16" : "Añade 100 monedas",
	"add_continenta17" : "Añade 150 monedas",
	"add_continenta18" : "Añade 200 monedas",
	"add_continenta19" : "Añade 250 monedas",
	"add_continenta20" : "Añade 300 monedas",
	"add_continenta21" : "Añade 400 monedas",
	"add_continenta22" : "Añade 500 monedas",
	"add_continenta23" : "Añade 600 monedas",
	"add_continenta24" : "Añade 700 monedas",
	"add_continenta25" : "Añade 800 monedas",
	"add_continenta26" : "Añade 900 monedas",
	"add_continenta27" : "Añade 1000 monedas",
	"add_continenta28" : "Añade 1500 monedas",
	"add_continenta29" : "Añade 2000 monedas",
	"add_continenta30" : "Añade 50000 monedas",
	"add_achievement" : "OPCIONES DE LOGROS",
	"add_achievement2" : "Agrega un logro especifico",
	"add_achievement3" : "Eliminar un logro especifico",
	"add_achievement4" : "Bloquear todos los Logros",
	"add_achievement5" : "Desbloquear todos los Logros",
	"ai_menu3" : "El Cloaker únicamente esposa a los BOTS",
	"text_f10_1" : "Menú de Trabajos - Seleccione Menú u Opción",
	"text_f10_4" : "Opciones previas a la Misión",
	"dontwait" : "Forzar inicio de la Misión",
	"dontwait_help" : "Forzar inicio de la Misión y evitar esperas",
	"getemall" : "Desbloquear todos los Recursos",
	"text_f10_5" : "OPCIONES EN LA PARTIDA",
	"text_f10_6" : "Tomar Botín automáticamente (ACTIVADO)",
	"text_f10_7" : "Equipo Especial Automático (Activado)",
	"text_f10_8" : "Asegurar bolsas de cadáveres a cambio de dinero (Activado)",
	"text_f10_9" : "Cambiar de Interacción (ACTIVADO)",
	"text_f10_10" : "Tomar Botín automáticamente",
	"text_f10_10_help" : "Crear Botín Aleatorio",
	"text_f10_11" : "Equipo Especial Automático",
	"dontwait_help" : "Crear Tarjeta Aleatoria",
	"text_f10_12" : "Asegurar bolsas de cadáveres a cambio de dinero",
	"dontwait_help" : "Te permite asegurar bolsas con cadáveres",
	"text_f10_13" : "Cambiar de Interacción",
	"dontwait_help" : "Cambiar de Interacción",
	"text_f10_3с" : "Restricción para granadas (Activado)",
	"text_f10_3с_1" : "Restricción para granadas",
	"text_f10_3с_1_help" : "Evitar que en sigilo se arrojen granadas",
	"text_f10_3с_2" : "Desactivar cuenta regresiva para escapar",
	"text_f10_3с_3" : "Localizador Modificado (ACTIVADO)",
	"text_f10_3с_4" : "Valor modificador de Botín",
	"text_f10_3с_4_help" : "Valor definido por el usuario",
	"text_f10_3с_5" : "Localizador Modificado (ACTIVADO)",
	"text_f10_3с_6" : "Localizador Modificado",
	"text_f10_3с_6_help" : "Incrementar cantidad de Localizadores a responder",
	"text_f10_3с_7" : "Ajustes de actualización (Activado)",
	"text_f10_3с_8" : "Ajustes de actualización",
	"text_f10_3с_8_help" : "Ajustes de actualización definidos por el usuario",
	"text_f10_3с_9" : "Multiplicador de EXP (Activado)",
	"text_f10_3с_10" : "Multiplicador de EXP",
	"text_f10_3с_10_help" : "Multiplicar EXP ganada x2, Activado para cada mapa donde quieras multiplicarla",
	"text_f10_3с_11" : "HUD ACTIVADO",
	
	"menu_f11_main_menu" : "Menú de Ayuda",
	"menu_f11_teg_menu" : "Por qué fui etiquetado?",
	"menu_f11_teg2_menu" : "Por qué fui etiquetado?",
	"menu_f11_teg_reset" : "Como remover la etiqueta de TRAMPOS@",
	"menu_f11_premium_menu" : "Que incluye la versión Premium?",
	"menu_f11_ingame_menu" : "Botones en la Partida",
	"menu_f11_inmain_menu" : "Botones del Menú Principal",
	"menu_f11_text1" : "Por qué tengo una etiqueta de TRAMPOS@?",
	"menu_f11_text2" : "Espero que alguien lo lea",
	"menu_f11_text3" : "La etiqueta aparece cuando usas lo siguiente:",
	"menu_f11_text4" : "      Desbloqueo de DLC y uso de Artículos que se obtienen en logros",
	"menu_f11_text5" : "      Cambiar equipo de apoyo",
	"menu_f11_text6" : "      Llevar bolsas de más cuando no eres el Anfitrión",
	"menu_f11_text7" : "      Regenerar Granadas",
	"menu_f11_text8" : "      Usar Habilidades extra",
	"menu_f11_text9" : "      Desbloqueo de Apariencias, cuando usas camuflaje que no adquiriste legalmente",
	"menu_f11_text10" : "      Generar punto de experiencia de más usando F10 / Fija /",
	"menu_f11_text11" : "Por qué tengo una etiqueta de TRAMPOS@? / Parte 2 /",
	"menu_f11_text12" : "Espero que alguien lo lea",
	"menu_f11_text13" : "La etiqueta aparece cuando usas lo siguiente:",
	"menu_f11_text14" : "      Usar habilidades extra",
	"menu_f11_text15" : "      Avanzar nivel de Infamia sin tener suficientes puntos de experiencia / Fija /",
	"menu_f11_text16" : "      Avanzar nivel de Infamia sin haber completado alguna Misión / Fija /",
	"menu_f11_text_del1" : "Como remover la etiqueta de TRAMPOS@",
	"menu_f11_text_del2" : "Espero que alguien lo lea",
	"menu_f11_text_del3" : "La etiqueta puede ser Temporal o Fija",
	"menu_f11_text_del4" : "Visita PD2Stats, ingresa el link de tu cuenta, la etiqueta se mostrará en rojo",
	"menu_f11_text_del5" : "Sí la etiqueta es temporal, puede ser fácilmente removida",
	"menu_f11_text_del6" : "Rectifica la piratería y la etiqueta será eliminada",
	"menu_f11_text_del7" : "Fija",
	"menu_f11_text_del8" : "Intenta rectificar la piratería usando F10 y espera un momento",
	"menu_f11_text_del9" : "Sí nada sucede, ve a opciones / Borrar progreso",
	"menu_f11_text_prem1" : "Que incluye el Menú Premium?",
	"menu_f11_text_prem2" : "Premium",
	"menu_f11_text_prem3" : "Opciones en la partida",
	"menu_f11_text_prem4" : "Opciones activadas automáticamente",
	"menu_f11_text_prem5" : "F8 - Menú Trol",
	"menu_f11_text_prem6" : "Soporte Premium profesional al instante",
	"menu_f11_text_prem7" : "Funciones NoClip, Aim",
	"menu_f11_text_prem8" : "Y mucho más",
	"menu_f11_text_prem9" : "Presiona acá para ver más",
	"menu_f11_text_bu1" : "Botones en la Partida",
	"menu_f11_text_bu2" : "F1 - Modificaciones del Jugador",
	"menu_f11_text_bu3" : "F2 - Modificaciones de las Armas",
	"menu_f11_text_bu4" : "F3 - Menú modo Sigilo",
	"menu_f11_text_bu5" : "F4 - Editar Misión",
	"menu_f11_text_bu6" : "F5 - Añade Elementos a tu inventario",
	"menu_f11_text_bu7" : "F6 - Dinero",
	"menu_f11_text_bu8" : "F7 - Temporizador de la Interacción",
	"menu_f11_text_bu9" : "F8 - Menú Trol / Premium /",
	"menu_f11_text_bu10" : "F10 - Desactivar HUD",
	"menu_f11_text_bu11" : "Botones del Menú Principal",
	"menu_f11_text_bu12" : "Botones del Menú Principal",
	"menu_f11_text_bu13" : "F11 - Menú de Ayuda / Auto Ayuda /",
	"menu_f11_text_bu14" : "F9 - Elegir Contrato",
	"menu_f11_text_bu15" : "F10 - Editar Personaje",
	"menu_f11_text_dop1" : "Adicional",
	
	"main_menu_num" : "Menú Crear en la Misión",
	"spawn_menu" : "Crear Enemigos / Aliados",
	"spawn_on_self_unt" : "Crear Unidad",
	"spawn_on_self_spec_unt" : "Crear Unidad Especial",
	"spawn_on_self_gensec_unt" : "Crear GENSEC Elite",
	"spawn_on_self_unt_frnd" : "Crear Aliado",
	"spawn_on_self_spec_unt_frnd" : "Crear Aliado Especial",
	"spawn_on_self_gensec_unt_frnd" : "Crear GENSEC Elite Aliado",
	"spawn_frnd" : "Crear Civiles",
	"spawn_band" : "Crear Maleantes",
	"spawn_equipment" : "Crear equipo de apoyo a donde apunte el arma",
	"spawn_lootmode" : "Crear botín / objetos / vehículos a donde apunte el arma",
	"spawn_menu_1_1" : "Enemigos y Aliados",
	"spawn_menu_1_2" : "Solo cuando sea posible",
	"spawn_menu_bandit" : "Maleante",
	"FR_1" : "Maleante",
	"FRFR1" : "GENSEC Elite",
	"FRFR4" : "LMG Bulldozer",
	"FRP1" : "Shield",
	"FRP3" : "Cloaker",
	"FRP4" : "Francotirador",
	"FRP6" : "Taser",
	"FRP7" : "Bulldozer",
	"FR0" : "Policía",
	"FR4" : "Fuerzas Especiales",
	"FR6" : "Fuerzas Especiales Blindadas",
	"FR7" : "FBI",
	"FR9" : "FBI Blindado",
	"FR10" : "Guardia de Seguridad"
}