{
	"troll_alarm":"呼叫警察",
	
	"alarm_crim":"举报有犯罪行为",
	"alarm_gun":"举报有枪声",
	"alarm_exp":"举报有爆炸声",
	"alarm_mon":"举报有怪物!",
	
	"delete_units":"删除地图中所有的同步单位",
	"mute_ply":"屏蔽他",
	"kick_all":"踢掉所有人",
	"crash_game":"让他的游戏闪退",
	
	"Bullet_Penetration_func":"让所有子弹拥有穿透能力",
	
	"Bullet_Penetration_title":"让所有子弹拥有穿透能力",
	"Bullet_Penetration_desc":"要让所有子弹能拥有穿透能力吗？",
	
	"Bullet_Penetration_Shield_title":"子弹穿透盾牌",
	"Bullet_Penetration_Shield_desc":"要让所有子弹能穿透盾牌吗?",
	
	"Bullet_Penetration_Enemy_title":"子弹穿透敌人",
	"Bullet_Penetration_Enemy_desc":"要让所有子弹能穿透敌人吗?",
	
	"Bullet_Penetration_Wall_title":"子弹穿透墙壁",
	"Bullet_Penetration_Wall_desc":"要让所有子弹能穿透墙壁吗?",
	
	"Skip_End_Screen_title":"跳过结算页面",
	"Skip_End_Screen_desc":"要开启可以跳过结算页面吗?",
	
	"other_menus":"其他内容",
	
	"Bag_mod_toggle":"包裹菜单",
	
	"Disable_Pagers_title":"关闭对讲机",
	"Disable_Pagers_desc":"要关闭对讲机吗?",
	
	"change_statistic":"更改统计信息",
	
	"p3dtext_language_title" : "语言",
	"p3dtext_language_desc" : "选择你想使用的语言\n需要重新启动游戏!",
	
	"p3d_menu_title":"P3DHack 设置",
	"p3d_menu_desc":"你可以在这里自定义配置",
	
	"dlc_title":"解锁全部DLC",
	"dlc_desc":"解锁后推荐重启!",
	
	"skin_title":"解锁全部皮肤",
	"skin_desc":"解锁后推荐重启!",
	
	"skin_armor_title":"解锁全部护甲皮肤",
	"skin_armor_desc":"解锁后推荐重启!",
	
	"noclip_title":"穿墙模式",
	"noclip_desc":"如果你想飞,那就开启吧!",
	
	"rave_title":"快速恐吓人质",
	"rave_desc":"要开启快速恐吓人质吗?开启后推荐重启!",
	
	"antistop_title":"抗慢动作",
	"antistop_desc":"如果你不想被标记为红名作弊者,请启用",
	
	"antistop_info_title":"谁这么干的?",
	"antistop_info_desc":"如果你想知道是谁尝试减慢你的速度,请开启(可以骚扰)",
	
	"slow_attention":"请注意!",
	"slow_you":"正在尝试让你的速度变慢!",
	
	"change_statistic_total_kills_title":"杀敌总数",
	"change_statistic_total_kills_desc":"选择你想要的数量",
	
	"change_statistic_specials_kills_title":"特殊敌人杀敌总数",
	"change_statistic_specials_kills_desc":"选择你想要的数量",
	
	"change_statistic_head_shots_Amount_title":"爆头总数",
	"change_statistic_head_shots_Amount_desc":"选择你想要的数量",
	
	"change_statistic_accuracy_Amount_title":"精准度百分比",
	"change_statistic_accuracy_Amount_desc":"选择你想要的百分比",
	
	"change_statistic_downs_Amount_title":"掉落次数",
	"change_statistic_downs_Amount_desc":"选择你想要的次数",
	
	"Language_text":"选择你想要的语言",
	"fast_function":"解锁相关菜单",
	"antistopthecheater_function":"无红名作弊者",
	"Main_function":"主要功能菜单",
	"Free_function":"免费购买相关菜单",
	"locator_function":"目标指示器菜单",
	"Keyboard_Auto_Config":"自动绑定键位",
	"Auto_func":"自动启用的功能",
	"Player_Menu_Config_func":"F1",
	"Weapon_Menu_Config_func":"F2",
	"Stealth_Menu_Config_func":"F3",
	"change_statistic_function":"更改统计",
	
	"text_in_game_title":"主菜单上的文字",
	"text_in_game_desc":"要删除主菜单中上的文字吗?",
	
	"Favors_title":"规划点数",
	"Favors_desc":"要开启无限规划点数吗?",
	
	"Free_Assets_title":"免费购买资产",
	"Free_Assets_desc":"要开启免费购买资产吗?",
	
	"Free_Casino_title":"免费离岸商店下注",
	"Free_Casino_desc":"要开启免费离岸商店下注吗?",
	
	"Free_Contracts_title":"免费购买合约",
	"Free_Contracts_desc":"要开启免费购买合约吗?",
	
	"Free_Masks_title":"免费购买面具",
	"Free_Masks_desc":"要开启免费购买面具吗?",
	
	"Free_PrePlanning_title":"免费购买事前准备道具",
	"Free_PrePlanning_desc":"要开启免费购买事前准备道具吗?",
	
	"Free_Skills_title":"免费购买技能",
	"Free_Skills_desc":"要开启免费购买技能吗?",
	
	"Free_Slots_title":"免费购买武器/面具栏位",
	"Free_Slots_desc":"要开启免费购买武器/面具栏位吗?",
	
	"Free_Weapons_title":"免费购买武器",
	"Free_Weapons_desc":"要开启免费购买武器吗?",
	
	"Free_Weapon_Mods_title":"免费购买武器配件",
	"Free_Weapon_Mods_desc":"要开启免费购买武器配件吗?",
	
	"Jumper_title":"超级跳跃",
	"Jumper_desc":"开启后可以跳的很高很高",
	
	"Jumper_set_title":"跳跃高度",
	"Jumper_set_desc":"想跳几倍高?",
	
	"No_FlashBang_title":"无视闪光弹",
	"No_FlashBang_desc":"要开启无视闪光弹吗?",
	
	"No_Recoil_title":"无后坐力",
	"No_Recoil_desc":"要开启无后坐力吗?",
	
	"No_Spread_title":"无扩散",
	"No_Spread_desc":"要开启无扩散吗?",
	
	"Infinite_Stamina_title":"无限体力",
	"Infinite_Stamina_desc":"要开启无限体力吗?",
	
	"Dropin_Pause_Remove_title":"玩家中途加入时不暂停",
	"Dropin_Pause_Remove_desc":"要开启玩家中途加入时不暂停吗?",
	
	"Auto_Pick_Card_title":"自动选择通关时的抽奖卡牌",
	"Auto_Pick_Card_desc":"要自动选择通关时的抽奖卡牌吗?",
	
	"X_Ray_title":"X光透视",
	"X_Ray_desc":"默认按键是X",
	
	"Full_Replenish_title":"血量与弹药恢复",
	"Full_Replenish_desc":"默认按键是Z",
	
	"Ammo_Replenish_title":"弹药恢复",
	"Ammo_Replenish_desc":"默认按键是C",
	
	"Vehicle_Spawn_title":"刷出可开动的车辆",
	"Vehicle_Spawn_desc":"默认按键是V",
	
	"Grenade_Spawn_title":"刷出手雷(会导致作弊者!)",
	"Grenade_Spawn_desc":"默认按键是B",
	
	"Grenade_Spawn_Type_title":"刷出的手雷类型",
	"Grenade_Spawn_Type_desc":"设置刷出的手雷类型",
	
	"Random_Projectile":"随机",
	"frag":"手榴弹",
	"launcher_frag":"榴弹",
	"rocket_frag":"火箭弹",
	"molotov":"燃烧瓶",
	"launcher_incendiary":"燃烧弹",
	"launcher_frag_m32":"M32榴弹",
	"wpn_prj_four":"手里剑",
	"wpn_prj_ace":"黑桃A",
	"wpn_prj_jav":"长矛",
	
	"Hud_Toggle_title":"关闭HUD界面",
	"Hud_Toggle_desc":"默认按键是F10",
	
	"Gage_Package_title":"刷出盖奇包裹",
	"Gage_Package_desc":"默认按键是\\(|)",
	
	"Restart_Job_title":"重新开始任务",
	"Restart_Job":"默认按键是小键盘/",
	
	"Ultimate_Kill_title":"杀死所有非友军AI",
	"Ultimate_Kill_desc":"默认按键是小键盘*",
	
	"Player_Menu_Config_title":"手动开启的功能",
	"Player_Menu_Config_desc":"必须开启才会生效",
	
	"God_Mode_title":"无敌模式",
	"God_Mode_desc":"开启无敌模式?",
	
	"Friendly_Fire_title":"友军伤害",
	"Friendly_Fire_desc":"开启友军伤害?",
	
	"Auto_Drill_Service_title":"自动修复钻机",
	"Auto_Drill_Service_desc":"当钻机出现故障时自动修复",
	
	"Carry_Mod_title":"轻装上阵",
	"Carry_Mod_desc":"删除所有包裹和拥有爆炸属性的弹药的重量",
	
	"Cloakers_Cuff_Self_title":"去除剑圣踢倒",
	"Cloakers_Cuff_Self_desc":"开启后剑圣将只会铐住你而不是踢倒你",
	
	"Infinite_Ammo_Bag_title":"无限使用弹药包",
	"Infinite_Ammo_Bag_desc":"开启后将允许你无限使用弹药包",
	
	"Infinite_Specials_title":"无限使用小道具",
	"Infinite_Specials_desc":"比如绑人绳子/木板/钥匙卡等...",
	
	"Infinite_Converts_title":"无限转换敌人",
	"Infinite_Converts_desc":"开启后将允许无限转换敌人",
	
	"Carry_Stacker_title":"允许携带多包裹",
	"Carry_Stacker_desc":"警告!!!如果你不是主机你将会得到红名作弊者!",
	
	"Infinite_Doc_Bag_Use_title":"无限使用医疗包",
	"Infinite_Doc_Bag_Use_desc":"开启后将允许你无限使用医疗包",
	
	"Infinite_ECM_Battery_title":"ECM干扰器无限干扰",
	"Infinite_ECM_Battery_desc":"开启后ECM干扰器将永不停止的干扰",
	
	"Infinite_Messiah_Charge_title":"无限使用弥赛亚技能",
	"Infinite_Messiah_Charge_desc":"无限使用弥赛亚技能",
	
	"Infinite_Pager_Answers_title":"无限应答对讲机",
	"Infinite_Pager_Answers_desc":"无限应答对讲机",
	
	"Instant_Dominate_title":"秒速转换敌人",
	"Instant_Dominate_desc":"那么,全部清空了,我也不知道要写什么说明",
	
	"Instant_Drill_title":"秒速完成入侵/钻机",
	"Instant_Drill_desc":"如果你已经在入侵/钻机,那么也可以开启",
	
	"Interact_Distance_Increase_title":"增加互动距离",
	"Interact_Distance_Increase_desc":"增加互动距离",
	
	"Interact_Distance_Amount_title":"互动距离",
	"Interact_Distance_Amount_desc":"你可以调整翻多少倍",
	
	"Instant_Interact_title":"秒速完成互动",
	"Instant_Interact_desc":"例如撬锁/应答等一切需要互动的",
	
	"Instant_Interact_With_Anything_title":"互动不再需要物品",
	"Instant_Interact_With_Anything_desc":"开启后互动不再需要某项物品做优先条件",
	
	"Interact_Thru_Wall_title":"允许穿墙互动",
	"Interact_Thru_Wall_desc":"允许穿墙互动",
	
	"No_Hit_Disorientation_title":"删除被击中时的眩晕",
	"No_Hit_Disorientation_desc":"删除被击中时的眩晕",
	
	"Small_Loot_Multiplier_title":"零碎物品钱数翻倍",
	"Small_Loot_Multiplier_desc":"适用于任何可直接获取并得到金钱的物品",
	
	"Small_Loot_Multiplier_Amount_title":"零碎物品钱数倍数",
	"Small_Loot_Multiplier_Amount_desc":"你可以调整翻多少倍",
	
	"Zipline_Transport_title":"绳索运输解锁",
	"Zipline_Transport_desc":"开启后将允许你在所有绳索上运输包裹",
	
	"Weapon_Menu_Config_title":"激活功能",
	"Weapon_Menu_Config_desc":"必须被激活才会生效",
	
	"Sentry_Infinite_Ammo_title":"岗哨机枪无限弹药",
	"Sentry_Infinite_Ammo_desc":"放置炮塔后,炮塔将会无限进行攻击",
	
	"Sentry_God_Mode_title":"岗哨机枪无敌",
	"Sentry_God_Mode_desc":"岗哨机枪无敌",
	
	"Bullet_Explode_title":"爆炸子弹",
	"Bullet_Explode_desc":"每发子弹都将会爆炸,最好跟子弹穿透一起使用",
	
	"Bullet_Fire_title":"火焰子弹",
	"Bullet_Fire_desc":"每发子弹都将会打出火焰",
	
	"Weapon_Damage_Multiplier_title":"武器伤害翻倍",
	"Weapon_Damage_Multiplier_desc":"武器伤害翻倍",
	
	"Weapon_Damage_Multiplier_Amount_title":"武器伤害倍数",
	"Weapon_Damage_Multiplier_Amount_desc":"你可以调整翻多少倍",
	
	"Weapon_Fire_Rate_Multiplier_title":"疯狂射速",
	"Weapon_Fire_Rate_Multiplier_desc":"哇哦,真的很快",
	
	"Infinite_Ammo_title":"无限弹药",
	"Infinite_Ammo_desc":"射击不扣弹药",
	
	"Stealth_Menu_Config_title":"激活功能",
	"Stealth_Menu_Config_desc":"必须被激活才会生效",
	
	"Cops_Dont_Shoot_title":"警察不再会射击",
	"Cops_Dont_Shoot_desc":"仅限主机使用!",
	
	"Disable_Cameras_title":"关闭所有摄像头",
	"Disable_Cameras_desc":"仅限主机使用!",
	
	"Free_Civ_Kills_title":"免费杀戮平民",
	"Free_Civ_Kills_desc":"玩得开心:D",
	
	"No_Pager_Dominate_title":"无对讲机控制",
	"No_Pager_Dominate_desc":"仅限主机使用!",
	
	"No_Panic_title":"平民不会按紧急按钮",
	"No_Panic_desc":"仅限主机使用!",
	
	"Dont_Call_Police_title":"永远不会有警报",
	"Dont_Call_Police_desc":"仅限主机使用!",
	
	"Lobotimize_AI_title":"AI变傻子",
	"Lobotimize_AI_desc":"仅限主机使用!",
	
	"Random_Pagers_title":"最多应答4个对讲机",
	"Random_Pagers_desc":"(仅限主机)当应答的对讲机达到4个以后,以后再杀死的警卫不再会要求应答对讲机",
	
	"Steal_Pagers_title":"偷取对讲机",
	"Steal_Pagers_desc":"(仅限主机)当你近战杀死一个警卫之后会直接偷走对讲机(无需应答)",
	
	"waypoints_showDistance" : "显示距离",
	"waypoints_showDistance_desc" : "显示玩家跟目标的距离",
	"waypoints_showGagePickups" : "显示盖奇包裹",
	"waypoints_showGagePickups_desc" : "显示盖奇包裹",
	"waypoints_showPlanks" : "显示木板",
	"waypoints_showPlanks_desc" : "显示木板",
	"waypoints_showSmallLoot" : "显示零碎物品",
	"waypoints_showSmallLoot_desc" : "钱/首饰等...",
	"waypoints_showCrates" : "显示板条箱",
	"waypoints_showCrates_desc" : "像选举日/暗影突袭里的板条箱",
	"waypoints_showDoors" : "显示安全门",
	"waypoints_showDoors_desc" : "在门上显示需要使用钥匙卡/ECM打开的符号。",
	"waypoints_showCameraComputers" : "显示监控地点",
	"waypoints_showCameraComputers_desc" : "显示出在哪里可以连接摄像头",
	"waypoints_showDrills" : "显示可放置的钻机",
	"waypoints_showDrills_desc" : "显示可放置的钻机",
	"waypoints_showThermite" : "显示铝热剂",
	"waypoints_showThermite_desc" : "显示铝热剂并且告诉你在哪里使用",
	"waypoints_showSewerManhole" : "显示下水道井盖",
	"waypoints_showSewerManhole_desc" : "显示下水道井盖",
	"waypoints_showHUDMessages" : "显示HUD信息",
	"waypoints_showHUDMessages_desc" : "在HUD上显示关于目标指示器的信息",
	"waypoints_makeNoise" : "制造声响",
	"waypoints_makeNoise_desc" : "制造声响",
	"waypoints_iterativeToggle" : "目标指示器切换",
	"waypoints_iterativeToggle_desc" : "开启时,它会自动找到下一个可用的目标指示器显示.\n关闭表示它将一次显示所有航点.",
	"waypoints_sheaterNewb" : "向其他玩家公开信息",
	"waypoints_sheaterNewb_desc" : "开启后能够向其他人显示很多东西(如山羊和投票机)",
	
	"main_menu_p3dhack" : "主菜单",
	"main_menu_help_p3dhack" : "打开主菜单",
	"previous_menu_p3dhack" : "上一页",
	"previous_menu_help_p3dhack" : "退到上一页",
	"next_menu_p3dhack" : "下一页",
	"next_menu_help_p3dhack" : "进入下一页",
	"prew_menu_p3dhack" : "上一页",
	"prew_menu_help_p3dhack" : "退到上一页",
	"close_menu_p3dhack" : "关闭",
	"close_menu_help_p3dhack" : "关闭菜单",
	
	"global_host" : "仅限主机使用!",
	"global_host_" : "不可用(仅限主机使用)",
	"global_on" : "已开启",
	"global_off" : "已关闭",
	"global_p3dhack" : "P3DHack",
	"global_premium" : "仅限高级版使用!",
	
	"Rats0" : "添加: ",
	"Rats1" : "钼",
	"Rats2" : "一硫化碳",
	"Rats3" : "氯化氢",
	
	"keyboard_aim_on" : "自瞄已开启",
	"keyboard_aim_off" : "自瞄已关闭",
	"keyboard_health_and_ammo" : "血量和弹药已恢复",
	"keyboard_locator_1" : "[1/8] 盖奇包裹 数量:",
	"keyboard_locator_2" : "[2/8] 键盘/安全门",
	"keyboard_locator_3" : "[3/8] 武器/可卡因",
	"keyboard_locator_4" : "[4/8] 木板/钻机",
	"keyboard_locator_5" : "[5/8] 板条箱/撬棍",
	"keyboard_locator_6" : "[6/8] 画",
	"keyboard_locator_6_1" : "[6/8] 电脑",
	"keyboard_locator_6_2" : "[6/8] 化学药品",
	"keyboard_locator_6_3" : "[6/8] 保险箱",
	"keyboard_locator_6_4" : "[6/8] 电脑/卡车",
	"keyboard_locator_6_5" : "[6/8] 键盘/服务器",
	"keyboard_locator_6_6" : "[6/8] 保险箱",
	"keyboard_locator_6_7" : "[6/8] 电脑",
	"keyboard_locator_6_8" : "[6/8] 井盖/道具",
	"keyboard_locator_6_9" : "[6/8] 引擎/服务器房间",
	"keyboard_locator_6_10" : "[6/8] 炮塔",
	"keyboard_locator_6_11" : "[6/8] 键盘",
	"keyboard_locator_6_12" : "[6/8] 能量/头饰",
	"keyboard_locator_6_13" : "[6/8] 板条箱/道路/安全的",
	"keyboard_locator_6_14" : "[6/8] 目标指示器",
	"keyboard_locator_7" : "[7/8] 金钱",
	"keyboard_locator_8" : "[8/8] 全部",
	"keyboard_ammo" : "弹药已恢复",
	"keyboard_reviveteam" : "队友已被救起",
	"keyboard_slowmo_on" : "慢动作已开启",
	"keyboard_slowmo_off" : "慢动作已关闭",
	
	"mouse_teleport" : "传送完毕!",
	
	"num_jump" : "超级跳跃",
	"num_kill" : "所有非友军AI已死亡(包括友军警察)",
	"num_pg_answer" : "已回答对讲机并包裹尸体",
	"num_x_on" : "所有玩家X光透视已开启",
	"num_x_off" : "所有玩家X光透视已关闭",
	
	"main_menu_f1" : "玩家菜单",
	"fast_f1" : "主要选项",
	"godmode" : "无敌模式",
	"godmode_help" : "不受任何伤害与控制(包括杨教授的电击)",
	"friendfire" : "友军伤害",
	"friendfire_help" : "可以伤害友军",
	"modif_f1" : "次要选项",
	"drillservice" : "自动修复钻机",
	"drillservice_help" : "当钻机出现故障时自动修复",
	"carrymod" : "轻装上阵",
	"carrymod_help" : "允许你携带所有包裹时奔跑并删除所有包裹和RPG子弹的重量",
	"carrycross" : "扔出的包裹刷在准星上",
	"carrycross_help" : "如果你想同时使用允许携带多包裹和这个,那么请先启用这个功能,否则不会生效!",
	"spooccuffselfon" : "去除剑圣踢倒",
	"spooccuffselfon_help" : "剑圣踢倒你后,你将会被铐住而不是倒地!",
	"infammobag" : "无限使用弹药包",
	"infammobag_full_" : "无限使用弹药包",
	"InfiniteSpecial_" : "无限使用小道具",
	"InfiniteSpecial_help" : "比如绑人用的绳子/木板/钥匙卡等...",
	"inf_converts" : "无限转换敌人",
	"carrystack" : "允许携带多包裹",
	"carrystack_help" : "警告!!!如果你不是主机你将会得到红名作弊者!",
	"carrylimit" : "多包裹重量叠加",
	"carrylimit_help" : "携带多个包裹时将会叠加每个包裹的重量",
	"infdocbag" : "无限使用医疗包",
	"infdocbag_full" : "使用医疗包不消耗医疗包的使用次数",
	"inf_ecm" : "ECM干扰器无限干扰(非反馈)",
	"infmessiah" : "无限使用技能:弥赛亚",
	"inf_pager_answers" : "无限应答对讲机",
	"instantdom" : "秒速转换敌人",
	"instantdrill" : "秒速完成入侵/钻机",
	"instantdrill_help" : "如果已经在入侵/钻机,那么也可以开启来立刻完成",
	"intdist" : "增加互动距离",
	"intdist_full" : "增加互动距离",
	"instantinteract" : "秒速完成互动",
	"instantinteract_help" : "(除了带面具!)例如撬锁/应答/放置物等一切需要互动的地方",
	"interactanyhting" : "不需要物品也能成功互动",
	"interactwall" : "允许穿墙互动",
	"nohitdis" : "删除被击中/高处掉落的眩晕",
	"smlootmulti" : "零碎现金获取钱数翻倍",
	"smlootmulti_help" : "适用于任何可直接获取并得到金钱的物品",
	"ZiplineBag" : "运人绳索解锁",
	"ZiplineBag_help" : "允许你在运输人用的绳索运输包裹",
	
	"main_menu_f2" : "武器属性选项",
	"br_f2" : "护甲",
	"fsentry" : "岗哨机枪选项",
	"mask_f2" : "面具",
	"sl_f2" : "装备",
	"ec_f2" : "已给予",
	"laser_menu_text_f2" : "选择你的激光颜色",
	"flash_menu_text_f2" : "选择你的手电筒颜色",
	"armor_menu_text_f2" : "选择你的护甲",
	"equipment_menu_text_f2" : "选择你的放置物",
	"grenade_menu_text_f2" : "选择你的手雷",
	"mask_menu_text_f2" : "选择你的面具",
	"melee_menu_text_f2" : "注意:必须选择自己有的近战!否则会变成枪托!",
	"primary_wep_menu_text_f2" : "选择你的主要武器",
	"secondary_wep_menu_text_f2" : "选择你的次要武器",
	"infsentry" : "岗哨机枪无限子弹",
	"godsentry" : "岗哨机枪无敌",
	"weapon_settings_f2" : "武器属性选项",
	"BulletExplode" : "爆炸子弹",
	"BulletExplode_help" : "建议使用半自动手枪,否则有很大几率造成游戏卡顿!(神机可无视)",
	"BulletFire" : "火焰子弹",
	"BulletFire_help" : "打出的子弹都将会变成火焰焚烧敌人",
	"damagebuff" : "一击必杀",
	"fireratebuff" : "射速翻倍",
	"infammo" : "无限弹药",
	"freload" : "秒速完成装填",
	"swapspeed" : "加速切枪",
	"ch_f2" : "更换装备选项",
	"armor_menu" : "护甲菜单",
	"mask_menu" : "面具菜单",
	"primary_wep_menu" : "主要武器菜单",
	"secondary_wep_menu" : "次要武器菜单",
	"flash_menu" : "手电筒颜色(英文)",
	"laser_menu" : "激光颜色(英文)",
	"equipment_menu" : "放置物菜单",
	"equipment_menu_text" : "杂项",
	"giveitem" : "删除当前放置物",
	"grenade_menu" : "手雷菜单",
	"melee_menu" : "近战菜单",
	
	"main_menu_f3" : "潜行菜单",
	"mind_enemies_menu" : "敌人相关",
	"mind_civs_menu" : "平民相关",
	"mind_civs_f3" : "操纵选项",
	"mind_ci_f3" : "操纵敌人",
	"mind_cis_f3" : "操纵平民",
	"pigsfly" : "让他们飞起来",
	"copsquit" : "恐吓他们",
	"drunkpigs" : "让他们眩晕",
	"civdance" : "让他们跳舞",
	"civsmoke" : "让他们吸烟",
	"civcower" : "让他们躺下",
	"phonycivs" : "让他们玩手机(潜入有几率报警)",
	"main_menu_f3_1" : "主要选项",
	"cops_dont_shoot" : "所有AI不开枪",
	"cops_dont_shoot_help" : "警察/友军AI将无法开枪,S.W.A.T装甲车的炮台仍然会攻击!!!!!!",
	"disable_cams" : "关闭所有摄像头",
	"disable_pagers" : "无需应答对讲机",
	"free_kill" : "免费杀戮平民",
	"pagedom" : "警卫投降不需要应答",
	"pagedom_full" : "警卫投降不需要应答",
	"pagedom_help" : "如果正在使用秒速控制这个必须先启用才会生效!",
	"prevent_panic_buttons" : "平民不会按紧急按钮",
	"people_dont_call_police" : "永远不会有警报",
	"lobai" : "AI变傻子",
	"lobai_full" : "AI变傻子",
	"randompage" : "最多应答4个对讲机",
	"randompage_help" : "当应答的对讲机达到4个以后,以后再杀死的警卫不再会要求应答对讲机",
	"steal_pagers_on_melee" : "偷取对讲机",
	"steal_pagers_on_melee_help" : "当你用近战杀死一个警卫之后会直接偷走对讲机(无需应答)",
	"unlmessiah" : "解锁技能:弥赛亚",
	"convertall" : "转换全部敌人为友军",
	"convertall_full" : "全部敌人已转换为友军!\n注:需要至少有1级'小丑'技能,否则无法转换!",
	"remote_camera" : "远程连接摄像头",
	
	"main_menu_f4" : "任务相关菜单",
	"main_menu_f4_full" : "杂项菜单",
	"main_menu_f4_edit" : "杂项",
	"mod_menu" : "杂项菜单",
	"mod_menu_full" : "杂项",
	"bettyboom" : "AI死亡后掉出炮弹",
	"bettyboom_full" : "AI死亡后掉出炮弹",
	"bettyboom_help" : "当AI死亡后会从尸体飞出2包炮弹(爆头翻倍掉落)",
	"dirtymoney" : "AI死亡后掉出黄金",
	"dirtymoney_help" : "当AI死亡后会从尸体飞出2包黄金(爆头翻倍掉落)",
	"autocook" : "自动制作冰毒",
	"autocook_full" : "自动制作冰毒(请记得获取化学药品)",
	"autocook_help" : "自动帮忙制作冰毒,需要有化学药品才能继续!",
	"autocook_info" : "仅限绝命毒师关卡!",
	"m_info" : "主要选项",
	"civil" : "恐吓所有平民",
	"civil_help" : "通过多按几次来让他们都趴下,配合绑住更佳",
	"instaboardst" : "堵上所有可堵上的窗户",
	"instaboardst_help" : "将会用木板把所有可以堵上的窗户堵上",
	"cutglass" : "割开所有玻璃",
	"cutglass_help" : "仅限钻石大劫案关卡!",
	"heistintel" : "跳下火车",
	"heistintel_help" : "只能在运输任务使用",
	"heistintel_only" : "仅限含有运输的关卡!",
	"getpatht" : "解决卡关",
	"getpatht_help" : "仅能解决部分原因导致的卡关,并不是全部都能解决!",
	"grabcourier" : "获取所有盖奇包裹",
	"grabcourier_help" : "获取所有盖奇包裹",
	"grabgear" : "抓住齿轮",
	"grabgear_help" : "按两次抓住齿轮",
	"grabgear_only" : "仅限金牙大赌场关卡!",
	"anticheat_info" : "反作弊状态",
	"anticheat" : "关闭反作弊",
	"anticheat_help" : "开启或关闭反作弊",
	"InstantHackAll" : "骇入所有电器",
	"InstantHackAll_help" : "骇入所有可骇入的电脑/键盘/电话或电箱(电箱需要按2次)",
	"GrabDiamond" : "直接拿到希望蓝钻",
	"GrabDiamond_help" : "需要按2次才能拿到希望蓝钻!",
	"GrabDiamond_only" : "仅限钻石大劫案关卡!",
	"instanthackmachines" : "骇入所有已被发现的投票机",
	"instanthackmachines_only" : "仅限选举日第2天关卡!",
	"opencrate" : "打开所有板条箱",
	"opencrate_help" : "例如选举日第2天/暗影突袭的板条箱等...",
	"bankbuster" : "撬开所有储蓄箱",
	"picklockst" : "撬开所有门与窗户",
	"picklockst_help" : "撬开所有可以撬开的门与窗户",
	"picklockst1" : "撬开所有保险箱",
	"picklockst1_help" : "打开所有保险箱包括储蓄箱",
	"c4open" : "用C4摧毁所有可摧毁的东西",
	"jobwin_jobloss" : "胜利/失败 选项",
	"jobloss" : "直接失败",
	"jobwin" : "直接胜利",
	"ecmopen" : "开启所有安全门",
	"usekeycardt" : "开启所有要钥匙卡的门",
	"usekeycardt_help" : "打开任何使用钥匙卡的门,包括安全门",
	"xmaspresent" : "打开所有礼物",
	"xmaspresent_only" : "仅限白色圣诞劫关卡!",
	"xmasflare" : "点燃信号弹",
	"DrillAll" : "放置/修复所有钻机",
	"DrillAll_help" : "放置或修复所有可以进行的钻机",
	"takeintel" : "拿走所有设备",
	"takeintel_help" : "如果设备在保险箱里,按2次",
	"instanttie" : "绑住所有平民",
	"instanttie_help" : "必须先恐吓他们并让他们都趴下",
	"heistintel_info" : "设备已经放下",
	"civilsdown_info" : "所有平民已经被恐吓",
	"c4open_info" : "已在所有可放置C4的地方安放C4",
	"grabgear_info" : "已抓住齿轮",
	"xmasflare_info" : "已点燃信号弹呼叫直升机",
	"xmaspresent_info" : "所有未打开的礼物均已打开",
	"ecmopen_info" : "所有安全门已开启",
	"getpatht_info" : "已解决卡关问题!",
	"grabcourier_info" : "已获取所有盖奇包裹",
	"takeintel_info" : "全部设备已被获取",
	"takeintel1_info" : "设备",
	"InstantHackAll_info" : "所有电脑/键盘/电箱已被骇入",
	"cutglass_info" : "已割开所有玻璃",
	"instanthackmachines_info" : "已开始骇入所有已发现的投票机",
	"instanttie_info" : "已绑住所有平民",
	"usekeycardt_info" : "已打开所有需要钥匙卡开启的门",
	"opencrate_info" : "已打开所有的板条箱",
	"GrabDiamond_info" : "已获得希望蓝钻!",
	"picklockst_info" : "已撬开所有门与窗户",
	"picklockst1_info" : "已撬开所有保管箱",
	"bankbuster_info" : "已撬开所有储蓄箱",
	"DrillAll_info" : "所有钻机已被安装/修复",
	"instaboardst_info" : "所有可被堵上的窗户已被木板堵上",
	
	"main_menu_f5" : "物品菜单",
	"main_menu_f5_text1" : "道具菜单",
	"main_menu_f5_text2" : "抢劫物菜单",
	"main_menu_f5_text3" : "任务需求包裹菜单",
	"main_menu_f5_text4" : "引擎包裹菜单",
	"add_items_menu" : "增加指定任务道具",
	"fugas_f5" : "炮弹",
	"spawn_f5" : "包裹菜单",
	"engine_menu" : "引擎包裹菜单",
	"equipment_menu_f5" : "任务需求包裹菜单",
	"loot_menu_f5" : "抢劫包裹菜单",
	"main_menu_f5_text5" : "刷出时的设置",
	"main_menu_f5_text6" : "刷出时带在自己身上",
	"main_menu_f5_text7" : "刷出时天上下包雨(共100个)",
	"main_menu_f5_text7_help" : "请不要点击过多次,不然游戏会变的非常卡!",
	"main_menu_f5_text8" : "刷出在准星上",
	"main_menu_f5_text12" : "包裹设置",
	"main_menu_f5_text9" : "包裹所有未包裹的尸体",
	"main_menu_f5_text9_help" : "仅限潜入状态使用!强攻状态无效!",
	"main_menu_f5_text10" : "炮弹不爆炸",
	"main_menu_f5_text10_help" : "会爆炸的包裹将不会再爆炸",
	"main_menu_f5_text11" : "拿上全部包裹",
	"main_menu_f5_text11_help" : "必须启用允许携带多包裹,不然多余的包裹将会被删除",
	"main_f5_text" : "一般道具",
	"cable_tie" : "电缆束",
	"organs" : "器官",
	"add_items_menu_f5" : "化学药品",
	"add_items_menu_f5_" : "各种条形码",
	"add_items_menu_f5__" : "霍斯顿越狱道具",
	"add_items_menu_f5___" : "金牙大赌场道具",

	"main_menu_f6" : "金钱菜单",
	"main_menu_f6_text1" : "超级抢劫帮助者 69000",
	"main_menu_f6_text2" : "附加菜单(直接添加进战利品)",
	"takeloot" : "包裹全部抢劫物",
	"takeloot_help" : "一定要启用允许携带多包裹,如果是圣诞关卡那么按2次",
	"InteractType" : "拿走全部零碎物品",
	"OpenAtm" : "打开所有ATM机/拿走所有物品",
	"OpenAtm_help" : "按2次来拿走所有ATM机的钱",
	"OpenAllLoot" : "打开所有ATM机/保险箱/验钞机",
	"main_menu_f6_text3" : "增加抢劫物",
	"securesmloot" : "增加一些零碎现金",
	"main_menu_f6_text4" : "全部抢劫物已打包",
	"main_menu_f6_text5" : "已增加一些零碎现金",
	
	"main_menu_f7" : "互动修改菜单",
	"main_menu_f7_text1" : "勾选后互动所需时间均变为3秒",
	"InteractDrillJam" : "修复/升级钻机",
	"InteractECMJam" : "放置ECM开启安全门/ATM机等...",
	"InteractPager" : "应答对讲机",
	"InteractPickLock" : "撬锁",
	"InteractRevive" : "救起玩家",
	"main_menu_f7_text2" : "加速撬锁",
	"main_menu_f7_text3" : "加速ECM干扰器放置",
	"main_menu_f7_text4" : "加速修复/升级钻机",
	"main_menu_f7_text5" : "加速救起玩家",
	"main_menu_f7_text6" : "加速应答对讲机",
	
	"main_menu_f8" : "杂项菜单",
	"main_menu_f8_text1" : "其他玩家",
	"main_menu_f8_text2" : "你自己",
	"main_menu_f8_player" : "选择 ",
	"main_menu_f8_text3" : "选择玩家",
	"main_menu_f8_text4" : "选择个别玩家",
	"main_menu_f8_text5" : "团队选择设置",
	"syncbleedall" : "使所有玩家出血",
	"synccuffall" : "扇所有玩家巴掌",
	"syncincaall" : "弄坏所有玩家",
	"synctaseall" : "电击所有玩家",
	"main_menu_f8_text6" : "个别玩家",
	"main_menu_f8_text7" : "其他",
	"releaseteam" : "释放所有玩家",
	"sendalltojail_team" : "抓捕所有玩家",
	"main_menu_f8_text8" : "你自己",
	"main_menu_f8_text9" : "对自己的选项",
	"stateblood" : "出血",
	"statecuffs" : "扇自己巴掌",
	"stateinca_me" : "弄坏自己",
	"stateinca" : "弄坏",
	"statetased" : "电击",
	"releaseme" : "释放自己",
	"lockmeup" : "抓自己进监狱",
	"main_menu_f8_text10" : "给予弹药",
	"giveammoto" : "给予弹药",
	"givemedikito" : "给予医疗包",
	"main_menu_f8_text11" : "玩家状态选项",
	"main_menu_f8_text12" : "监狱/传送设置",
	"syncreleaseply2" : "从监狱释放",
	"sendalltojail" : "抓进监狱",
	"teleporttoply" : "传送至...",
	"syncforceengine" : "强制携带引擎",
	"main_menu_f8_text13" : "设置",
	"depositfill" : "填充储蓄箱",
	"depositfill_help" : "在一些关卡里可能不会工作!",
	"openvault" : "开启地图里所有的门",
	"openvault_help" : "注：也会开启金库门!!!!",
	"overdrill" : "开启金库门",
	"overdrill_help" : "开启金库门",
	"overdrill_only" : "该关卡无法使用!",
	"main_menu_f8_text14" : "所有的门均已开启",
	"main_menu_f8_text15" : "储蓄箱已填充",
	"main_menu_f8_text16" : "残留",
	"I_am_best" : "更改统计信息",
	"cops_to_bulld" : "死亡的警察会转换成重甲",
	"replace_cops" : "转换所有警察为重甲",
	"tm_gm" : "为所有队友启用无敌模式",
	"invisible_player" : "让自己隐形",
	
	"main_menu_f10" : "快速游玩菜单",
	"infamy_level_menu" : "恶名菜单",
	"infamy_points_menu" : "恶名菜单",
	"inventory_menu" : "库存菜单",
	"clear_inventory_menu" : "清空库存菜单",
	"add_inventory_menu" : "增加至库存菜单",
	"level_menu" : "等级菜单",
	"money_menu" : "金钱菜单",
	"skill_menu" : "技能与天赋菜单",
	"add_achieve_menu" : "添加成就菜单",
	"rem_achieve_menu" : "删除成就菜单",
	"continental_coins_menu" : "欧洲币菜单",
	"main_menu_f10_text1" : "菜单",
	"main_menu_f10_text2" : "恶名菜单",
	"main_menu_f10_text3" : "重置恶名",
	"main_menu_f10_text4" : "恶名等级设置",
	"set_infamy_level1" : "设置为1级",
	"set_infamy_level2" : "设置为2级",
	"set_infamy_level3" : "设置为3级",
	"set_infamy_level4" : "设置为4级",
	"set_infamy_level5" : "设置为5级",
	"set_infamy_level6" : "设置为6级",
	"set_infamy_level7" : "设置为7级",
	"set_infamy_level8" : "设置为8级",
	"set_infamy_level9" : "设置为9级",
	"set_infamy_level10" : "设置为10级",
	"set_infamy_level11" : "设置为11级",
	"set_infamy_level12" : "设置为12级",
	"set_infamy_level13" : "设置为13级",
	"set_infamy_level14" : "设置为14级",
	"set_infamy_level15" : "设置为15级",
	"set_infamy_level16" : "设置为16级",
	"set_infamy_level17" : "设置为17级",
	"set_infamy_level18" : "设置为18级",
	"set_infamy_level19" : "设置为19级",
	"set_infamy_level20" : "设置为20级",
	"set_infamy_level21" : "设置为21级",
	"set_infamy_level22" : "设置为22级",
	"set_infamy_level23" : "设置为23级",
	"set_infamy_level24" : "设置为24级",
	"set_infamy_level25" : "设置为25级",
	"main_menu_f10_text5" : "恶名点数菜单",
	"main_menu_f10_text6" : "恶名设置",
	"main_menu_f10_text7" : "重置恶名",
	"main_menu_f10_text8" : "恶名点数菜单",
	"main_menu_f10_text9" : "库存菜单",
	"un1" : "解锁设置",
	"un2" : "解锁所有道具",
	"un3" : "解锁所有栏位",
	"un4" : "解锁所有颜色",
	"un5" : "解锁所有面具",
	"un6" : "解锁所有图案",
	"un7" : "解锁所有材质",
	"un8" : "解锁所有武器",
	"un9" : "解锁所有奖杯",
	"un10" : "其他",
	"un11" : "删除新道具会有感叹号标记",
	"un12" : "解锁设置(DLC)",
	"un13" : "解锁所有武器配件",
	"del1" : "删除个别栏位",
	"del2" : "删除所有面具栏位",
	"del3" : "删除所有主要武器栏位",
	"del4" : "删除所有次要武器栏位",
	"del5" : "删除/锁定全部栏位和道具",
	"del6" : "删除所有道具",
	"del7" : "删除所有栏位",
	"del8" : "锁定所有道具",
	"del9" : "删除个别道具",
	"del10" : "删除所有颜色",
	"del11" : "删除所有面具",
	"del12" : "删除所有材料",
	"del13" : "删除所有图案",
	"del14" : "删除所有武器配件",
	"add_item1" : "给所有道具增加1",
	"add_item2" : "给所有颜色增加1",
	"add_item3" : "给所有道具增加1",
	"add_item4" : "给所有面具增加1",
	"add_item5" : "给所有材料增加1",
	"add_item6" : "给所有图案增加1",
	"add_item7" : "给所有武器配件增加1",
	"add_item8" : "给所有道具增加5",
	"add_item9" : "给所有颜色增加5",
	"add_item10" : "给所有东西增加5",
	"add_item11" : "给所有面具增加5",
	"add_item12" : "给所有材料增加5",
	"add_item13" : "给所有图案增加5",
	"add_item14" : "给所有武器配件增加5",
	"add_exp" : "等级菜单",
	"add_exp1" : "经验设置",
	"add_exp2" : "增加100经验",
	"add_exp3" : "增加1000经验",
	"add_exp4" : "增加10000经验",
	"add_exp5" : "增加50000经验",
	"add_exp6" : "增加100000经验",
	"add_exp7" : "增加200000经验",
	"add_exp8" : "设置等级至10",
	"add_exp9" : "设置等级至20",
	"add_exp10" : "设置等级至30",
	"add_exp11" : "设置等级至40",
	"add_exp12" : "设置等级至50",
	"add_exp13" : "设置等级至60",
	"add_exp14" : "设置等级至70",
	"add_exp15" : "设置等级至80",
	"add_exp16" : "设置等级至90",
	"add_exp17" : "设置等级至100",
	"add_money" : "金钱",
	"add_money1" : "清空金钱设置",
	"add_money2" : "清空所有金钱",
	"add_money3" : "增加金钱",
	"add_money4" : "增加100万+400万离岸账户",
	"add_money5" : "增加1千万+4千万离岸账户",
	"add_money6" : "增加1亿+4亿离岸账户",
	"add_money7" : "增加10亿+40亿离岸账户",
	"add_skill" : "技能/天赋菜单",
	"add_skill1" : "技能",
	"add_skill2" : "清空所有技能点",
	"add_skill3" : "解锁所有技能",
	"add_skill4" : "技能点设置",
	"add_skill5" : "设置技能点至120",
	"add_skill6" : "设置技能点至290",
	"add_skill7" : "设置技能点至435",
	"add_skill8" : "设置技能点至580",
	"add_skill9" : "设置技能点至725",
	"add_skill10" : "解锁一个技能树",
	"add_skill11" : "解锁两个技能树",
	"add_skill12" : "解锁三个技能树",
	"add_skill13" : "解锁四个技能树",
	"add_skill14" : "解锁全部技能树",
	"add_perk" : "天赋设置",
	"add_perk1" : "清空所有天赋点",
	"add_perk2" : "解锁全部天赋",
	"add_perk3" : "天赋点设置",
	"add_perk4" : "你将无法在天赋页面看见已激活的天赋,只能在游戏内看见",
	"add_perk5" : "增加500天赋点",
	"add_perk6" : "增加1000天赋点",
	"add_perk7" : "增加2500天赋点",
	"add_perk8" : "增加5000天赋点",
	"add_perk9" : "增加10000天赋点",
	"add_continental" : "增加1个欧洲币",
	"add_continenta2" : "增加5个欧洲币",
	"add_continenta3" : "增加10个欧洲币",
	"add_continenta4" : "增加15个欧洲币",
	"add_continenta5" : "增加20个欧洲币",
	"add_continenta6" : "增加25个欧洲币",
	"add_continenta7" : "增加30个欧洲币",
	"add_continenta8" : "增加35个欧洲币",
	"add_continenta9" : "增加40个欧洲币",
	"add_continenta11" : "增加50个欧洲币",
	"add_continenta12" : "增加60个欧洲币",
	"add_continenta13" : "增加70个欧洲币",
	"add_continenta14" : "增加80个欧洲币",
	"add_continenta15" : "增加90个欧洲币",
	"add_continenta16" : "增加100个欧洲币",
	"add_continenta17" : "增加150个欧洲币",
	"add_continenta18" : "增加200个欧洲币",
	"add_continenta19" : "增加250个欧洲币",
	"add_continenta20" : "增加300个欧洲币",
	"add_continenta21" : "增加400个欧洲币",
	"add_continenta22" : "增加500个欧洲币",
	"add_continenta23" : "增加600个欧洲币",
	"add_continenta24" : "增加700个欧洲币",
	"add_continenta25" : "增加800个欧洲币",
	"add_continenta26" : "增加900个欧洲币",
	"add_continenta27" : "增加1000个欧洲币",
	"add_continenta28" : "增加1500个欧洲币",
	"add_continenta29" : "增加2000个欧洲币",
	"add_continenta30" : "增加50000个欧洲币",
	"add_achievement" : "成就设置",
	"add_achievement2" : "增加个别成就",
	"add_achievement3" : "删除个别成就",
	"add_achievement4" : "锁定所有成就",
	"add_achievement5" : "解锁所有成就",
	"ai_menu" : "AI队友设置",
	"ai_menu1" : "AI设置",
	"ai_menu2" : "开启全部AI伤害翻倍",
	"ai_menu3" : "剑圣只会铐住AI",
	"text_f10_1" : "任务菜单",
	"text_f10_2" : "AI队伍菜单",
	"text_f10_3" : "AI队伍设置菜单",
	"text_f10_4" : "快速游玩设置",
	"dontwait" : "强制开始游戏",
	"dontwait_help" : "强制开始游戏,无需等待",
	"getemall" : "解锁所有资产",
	"text_f10_5" : "游戏内设置",
	"text_f10_6" : "自动抢劫(已开启)",
	"text_f10_7" : "自动特殊装备(已开启)",
	"text_f10_8" : "安全的小背包现金(已开启)",
	"text_f10_9" : "切换互动(已开启)",
	"text_f10_10" : "自动抢劫",
	"text_f10_10_help" : "随机刷新抢劫",
	"text_f10_11" : "自动特殊装备",
	"text_f10_12" : "安全的小背包现金",
	"text_f10_13" : "限制切换",
	"text_f10_3с" : "限制手雷(已开启)",
	"text_f10_3с_1" : "限制手雷",
	"text_f10_3с_1_help" : "限制手雷在潜行模式下的扔出",
	"text_f10_3с_2" : "无有去无回计时器",
	"text_f10_3с_3" : "对讲机mod(已开启)",
	"text_f10_3с_4" : "变换抢劫参数",
	"text_f10_3с_4_help" : "玩家自定义参数",
	"text_f10_3с_5" : "增加对讲机应答次数(已开启)",
	"text_f10_3с_6" : "增加对讲机应答次数",
	"text_f10_3с_6_help" : "增加对讲机应答次数",
	"text_f10_3с_7" : "升级调整(已开启)",
	"text_f10_3с_8" : "升级调整",
	"text_f10_3с_8_help" : "玩家自定义升级调整",
	"text_f10_3с_9" : "经验获取翻倍(已开启)",
	"text_f10_3с_10" : "经验翻倍",
	"text_f10_3с_10_help" : "默认为2倍,你也可以自定义数值",
	"text_f10_3с_11" : "HUD已开启",
	
	"menu_f11_main_menu" : "帮助菜单",
	"menu_f11_teg_menu" : "为什么我被标记了?",
	"menu_f11_teg2_menu" : "为什么我被标记了?",
	"menu_f11_teg_reset" : "怎样可以删除红名作弊者标识?",
	"menu_f11_premium_menu" : "终极版包括什么?",
	"menu_f11_ingame_menu" : "游戏内按钮",
	"menu_f11_inmain_menu" : "主菜单内按钮",
	"menu_f11_text1" : "为什么我会有红名作弊者标识?",
	"menu_f11_text2" : "希望一些人会阅读这个",
	"menu_f11_text3" : "使用这些时会出现红名作弊者标识:",
	"menu_f11_text4" : "      解锁全部DLC以及使用成就专属道具",
	"menu_f11_text5" : "      更改装备",
	"menu_f11_text6" : "      当不是主机时携带1个以上的包裹",
	"menu_f11_text7" : "      扔出太多手雷",
	"menu_f11_text8" : "      增加技能点",
	"menu_f11_text9" : "      解锁全部皮肤,如果你没有伪装包",
	"menu_f11_text10" : "      使用F10里的快速游玩选项",
	"menu_f11_text11" : "为什么我会有红名作弊者标识? (第2页)",
	"menu_f11_text12" : "希望一些人会阅读这个",
	"menu_f11_text13" : "使用这些时会出现红名作弊者标识:",
	"menu_f11_text14" : "      增加技能点",
	"menu_f11_text15" : "      增加恶名等级但等级没有到达100级时",
	"menu_f11_text16" : "      增加恶名等级但没有完成任何抢劫任务",
	"menu_f11_text_del1" : "怎样可以删除红名作弊者标识?",
	"menu_f11_text_del2" : "希望一些人会阅读这个",
	"menu_f11_text_del3" : "红名作弊者标识有可能是暂时或永久的",
	"menu_f11_text_del4" : "访问pd2stats.com 输入您的个人主页链接,如果是永久的,那么将会有红名作弊者标识",
	"menu_f11_text_del5" : "如果红名作弊者标识是暂时的,那么你将不会看到",
	"menu_f11_text_del6" : "纠正盗版，标识将被删除",
	"menu_f11_text_del7" : "不变",
	"menu_f11_text_del8" : "使用F10的菜单清空你违规的记录",
	"menu_f11_text_del9" : "如果什么也没发生,去选项-清空个人档案",
	"menu_f11_text_prem1" : "高级菜单包括什么?",
	"menu_f11_text_prem2" : "高级版的内容",
	"menu_f11_text_bu1" : "游戏内按键",
	"menu_f11_text_bu2" : "玩家功能",
	"menu_f11_text_bu3" : "武器功能",
	"menu_f11_text_bu4" : "潜行菜单",
	"menu_f11_text_bu5" : "编辑任务",
	"menu_f11_text_bu6" : "添加道具",
	"menu_f11_text_bu7" : "金钱",
	"menu_f11_text_bu8" : "互动计时器",
	"menu_f11_text_bu9" : "控制菜单(高级菜单)",
	"menu_f11_text_bu10" : "关闭HUD界面",
	"menu_f11_text_bu11" : "主菜单内按键",
	"menu_f11_text_bu12" : "主菜单内按键",
	"menu_f11_text_bu13" : "帮助菜单(帮助你自己)",
	"menu_f11_text_bu14" : "选择合约",
	"menu_f11_text_bu15" : "快速游玩",
	"menu_f11_text_dop1" : "附加内容",
	"menu_f11_text_dop2" : "打开社区",
	"menu_f11_text_dop3" : "打开PD2Stats",
	"menu_f11_text_dop4" : "打开官方网站",
	"menu_f11_text_dop5" : "打开steam社区",
	
	"main_menu_num" : "刷出菜单",
	"spawn_menu" : "刷出敌人/友军",
	"spawn_on_self_unt" : "刷出普通敌人",
	"spawn_on_self_spec_unt" : "刷出特殊敌人",
	"spawn_on_self_gensec_unt" : "刷出精英敌人",
	"spawn_on_self_unt_frnd" : "刷出普通队友",
	"spawn_on_self_spec_unt_frnd" : "刷出特殊队友",
	"spawn_on_self_gensec_unt_frnd" : "刷出精英队友",
	"spawn_frnd" : "刷出平民",
	"spawn_band" : "刷出恐怖分子",
	"spawn_equipment" : "在准星上刷出放置物",
	"spawn_lootmode" : "在准星上刷出/抢劫物/物品/车辆",
	"spawn_menu_1_1" : "敌人和友军",
	"spawn_menu_1_2" : "请在只有该人物的关卡里点击!不然游戏会闪退!",
	"spawn_menu_bandit" : "恐怖分子",
	"FR_1" : "平民",
	"FRFR1" : "精英部队",
	"FRFR4" : "高级重装",
	"FRP1" : "护盾",
	"FRP3" : "剑圣",
	"FRP4" : "狙击手",
	"FRP6" : "杨教授",
	"FRP7" : "重装",
	"FR0" : "普通警察",
	"FR4" : "特种部队",
	"FR6" : "强化特种部队",
	"FR7" : "FBI",
	"FR9" : "强化FBI",
	"FR10" : "带有对讲机的警卫"
}