{
	"menu_id": "p3dtext_options_molotov_functions",
	"parent_menu_id": "p3dtext_options_NewMenu_function",
	"title": "Molotov_Buff_title",
	"back_callback": "settings_save",
	"items": [
		{
			"type": "multiple_choice",
			"id": "premium_buy_text",
			"title": "",
			"items": [
				"premium_buy_title"
			],
			"value": "premium_buy_text",
			"default_value": false
		},
		{
			"type": "divider",
			"size": 5
		},
		{
			"type": "button",
			"id": "premium_buy",
			"title": "premium_buy_title",
			"callback": "premium_buy"
		}
	]
}