{
	"menu_id": "p3dtext_options_change_statistic",
	"parent_menu_id": "p3dtext_options_main_function",
	"title": "change_statistic_function",
	"back_callback": "settings_save",
	"items": [
		{
			"type": "multiple_choice",
			"id": "change_statistic",
			"title": "",
			"description": "change_statistic_function",
			"items": [
				"change_statistic_function"
			],
			"value": "change_statistic_function",
			"default_value": false
		},
		{
			"type": "divider",
			"size": 5
		},
		{
			"type": "slider",
			"id": "change_statistic_total_kills_Amount",
			"title": "change_statistic_total_kills_title",
			"description": "change_statistic_total_kills_desc",
			"callback": "settings_callback",
			"value": "change_statistic_total_kills_Amount",
			"default_value": 7000000,
			"max": 10000000,
			"min": 0,
			"step": 100000
		},
		{
			"type": "slider",
			"id": "change_statistic_specials_kills_Amount",
			"title": "change_statistic_specials_kills_title",
			"description": "change_statistic_specials_kills_desc",
			"callback": "settings_callback",
			"value": "change_statistic_specials_kills_Amount",
			"default_value": 5000000,
			"max": 10000000,
			"min": 0,
			"step": 100000
		},
		{
			"type": "slider",
			"id": "change_statistic_head_shots_Amount",
			"title": "change_statistic_head_shots_Amount_title",
			"description": "change_statistic_head_shots_Amount_desc",
			"callback": "settings_callback",
			"value": "change_statistic_head_shots_Amount",
			"default_value": 666,
			"max": 100000,
			"min": 0,
			"step": 100
		},
		{
			"type": "slider",
			"id": "change_statistic_accuracy_Amount",
			"title": "change_statistic_accuracy_Amount_title",
			"description": "change_statistic_accuracy_Amount_desc",
			"callback": "settings_callback",
			"value": "change_statistic_accuracy_Amount",
			"default_value": 5000,
			"max": 10000,
			"min": 0,
			"step": 100
		},
		{
			"type": "slider",
			"id": "change_statistic_downs_Amount",
			"title": "change_statistic_downs_Amount_title",
			"description": "change_statistic_downs_Amount_desc",
			"callback": "settings_callback",
			"value": "change_statistic_downs_Amount",
			"default_value": 0,
			"max": 100,
			"min": 0,
			"step": 1
		}
	]
}