{
	"menu_id" : "p3dtext_options_menu",
	"parent_menu_id" : "blt_options",
	"title" : "p3dtext_options",
	"back_callback" : "p3dtext_menu",
	"items" : 
	[
		{
			"type" : "multiple_choice"
			"id" : "Language_text"
			"title" : ""
			"description" : ""
			"callback" : "main_gap_menu_callback"
			"items" : [
				"Language_text"
			],
			"value" : "Language_text"
			"default_value" : false
		},
		{
			"type" : "divider"
			"size" : 5
		},
		{
			"type" : "multiple_choice"
			"id" : "p3dtext_language"
			"title" : "p3dtext_language_title"
			"description" : "p3dtext_language_desc"
			"callback" : "p3dtext_language_callback"
			"items" : 
			[
				"p3dtext_language_english", "p3dtext_language_french", "p3dtext_language_russian", "p3dtext_language_german", "p3dtext_language_сhinese"
			],
			"value" : "P3D_language"
			"default_value" : 1
		},
		{
			"type" : "divider"
			"size" : 25
		},
		{
			"type" : "multiple_choice"
			"id" : "Fast"
			"title" : ""
			"description" : "fast_function"
			"callback" : "main_gap_menu_callback"
			"items" : [
				"fast_function"
			],
			"value" : "fast_function"
			"default_value" : false
		},
		{
			"type" : "divider"
			"size" : 5
		},
		{
			"type" : "toggle"
			"id" : "dlc"
			"title" : "dlc_title"
			"description" : "dlc_desc"
			"callback" : "callback_dlc"
			"value" : "dlc"
			"default_value" : false
		},
		{
			"type" : "toggle"
			"id" : "skin"
			"title" : "skin_title"
			"description" : "skin_desc"
			"callback" : "callback_skin"
			"value" : "skin"
			"default_value" : false
		},
		{
			"type" : "toggle"
			"id" : "skin_armor"
			"title" : "skin_armor_title"
			"description" : "skin_armor_desc"
			"callback" : "callback_skin_armor"
			"value" : "skin_armor"
			"default_value" : false
		},
		{
			"type" : "toggle"
			"id" : "aldstone_weapons"
			"title" : "aldstone_weapons_title"
			"description" : "aldstone_weapons_desc"
			"callback" : "callback_aldstone_weapons"
			"value" : "aldstone_weapons"
			"default_value" : false
		},
		{
			"type" : "toggle"
			"id" : "arbiter_weapons"
			"title" : "arbiter_weapons_title"
			"description" : "arbiter_weapons_desc"
			"callback" : "callback_arbiter_weapons"
			"value" : "arbiter_weapons"
			"default_value" : false
		},
		{
			"type" : "divider"
			"size" : 25
		},
		{
			"type" : "multiple_choice"
			"id" : "global_premium"
			"title" : ""
			"description" : "global_premium"
			"callback" : "main_gap_menu_callback"
			"items" : [
				"global_premium"
			],
			"value" : "global_premium"
			"default_value" : false
		},
		{
			"type" : "divider"
			"size" : 5
		}
	]
}
