{"menu_id":"p3dtext_options_main_function","parent_menu_id":"p3dtext_options_menu","title":"Main_function","back_callback":"settings_save","items":[{"type":"multiple_choice","id":"Main","title":"","description":"Main_function","items":["Main_function"],"value":"Main_function","default_value":false},{"type":"divider","size":5},{"type":"button","id":"premium_buy","title":"premium_buy_title","description":"premium_buy_desc","callback":"premium_buy"},{"type":"divider","size":25},{"type":"multiple_choice","id":"other_menus","title":"","description":"other_menus","items":["other_menus"],"value":"other_menus","default_value":false},{"type":"divider","size":10}]}