{"menu_id":"p3dtext_options_NewMenu_function","parent_menu_id":"p3dtext_options_menu","title":"NewMenu_function","back_callback":"settings_save","items":[{"type":"multiple_choice","id":"global_premium","title":"","description":"global_premium","items":["global_premium"],"value":"global_premium","default_value":false},{"type":"divider","size":10},{"type":"button","id":"premium_buy","title":"premium_buy_title","description":"premium_buy_desc","callback":"premium_buy"},{"type":"divider","size":10}]}