{

	"keyboard_health_and_ammo" : "SAÚDE E MUNIÇÃO RESTAURADOS",
	"keyboard_locator_1" : "[1/8] PACKAGE : ",
	"keyboard_locator_2" : "[2/8] KEYCARD/PORTA DE SEGURANÇA",
	"keyboard_locator_3" : "[3/8] ARMAS/COKE",
	"keyboard_locator_4" : "[4/8] TÁBUAS/FURADEIRA ",
	"keyboard_locator_5" : "[5/8] CAIXAS/PÉ DE CABRA",
	"keyboard_locator_6" : "[6/8] MISSION",
	"keyboard_locator_7" : "[7/8] DINHEIRO",
	"keyboard_locator_8" : "[8/8] TUDO",
	"keyboard_ammo" : "MUNIÇÃO REABASTECIDA",
	"keyboard_reviveteam" : "COMPANHEIROS DE EQUIPE REVIVIDO(S)",

	"Unlockers":"Unlockers",
	"you_can_desc":"Você pode aumentar ou diminuir",
	"Inf_Cam_Loops_and_Duration":"Loops e Duração da Câmera Infinitos",

	"First_column":"Primeira coluna",
	"Second_column":"Segunda coluna",
	"Third_column":"Terceira coluna",

	"inf_cable":"Abraçadeiras Infinitas",

	"main_menu_f7_premium_text1":"OPÇÕES DE TEMPORIZADOR INTERATIVO (DIMINUI O TEMPORIZADOR PARA ",
	"main_menu_f7_premium_text2":" SEGUNDOS)",

	"InteractTimer_Value_title":"Valor do Temporizador",

	"NameSpoofer_title":"Nome Spoofer",
	"NameSpoofer_desc":"Defina seu novo nome no jogo, defina como falso para usar seu nome do Steam",

	"How_to_NameSpoofer_title":"Como alterar o nome de OVERKILL_Almir?",
	"How_to_NameSpoofer_desc":"Clique aqui para saber como alterar o nome de OVERKILL_Almir",

	"secret_skills_and_perks_title":"Habilidades Secretas e Vantagens",
	"secret_skills_title":"Habilidades Secretas",
	"secret_skills_desc":"Todas as habilidades, mas a habilidade Frenzy não dá efeitos negativos e redução da saúde",
	"secret_perks_title":"Vantagens Secretas",

	"Activator_Functions_title":"Funções do ativador",
	"Activator_Functions_desc":"Ele deve ser habilitado",

	"fast_scroll_title":"Rolagem rápida",
	"fast_scroll_desc":"Agora você pode rolar rapidamente pelo menu de configurações",

	"spoofs_title":"Cartão de Saque Spoofer",
	"spoofs_desc":"Spoofs seu drop de loot no multiplayer ser sempre um cofre ou broca aleatória",

	"unbannable_skin_title":"Desbanir Falsas Skins",
	"unbannable_skin_desc":"Ele não vai marcar você como um trapaceiro, mesmo ao equipar Skins Lendárias",

	"skip_videos_title":"Pular vídeos",
	"press_any_key_title":"Para Pular pressione qualquer tecla",

	"rss_options":"Configurações de RSS",

	"gap_offsets_text":"POSIÇÃO",
	"gap_menus_text":"VISIBILIDADE",
	"gap_time_text":"ROTAÇÃO",
	"gap_news_text":"DADOS",

	"removeNewHeistsGui_title":"Remover banner do menu principal",
	"removeNewHeistsGui_desc":"Remover comerciais do menu principal",
	"removeWallet_title":"Remover carteira",
	"removeWallet_desc":"Remove offshore e a quantidade de moedas do lobby do Crime Spree",
	"show_main_title":"Menu Principal",
	"show_main_desc":"Mostrar RSS no menu principal",
	"show_pause_title":"Menu de pausa",
	"show_pause_desc":"Mostrar RSS no menu de pausa",
	"show_lobby_title":"Lobby",
	"show_lobby_desc":"Mostrar RSS no lobby",
	"show_spree_title":"Crime spree lobby",
	"show_spree_desc":"Mostrar RSS no lobby do Crime Spree",

	"OFFSET_X_title":"Deslocamento por X",
	"OFFSET_X_desc":"Especifique o deslocamento horizontal do feed de notícias",

	"OFFSET_Y_title":"Deslocamento por Y",
	"OFFSET_Y_desc":"Especifique o deslocamento vertical do feed de notícias",

	"PRESENT_TIME_title":"Tempo presente",
	"PRESENT_TIME_desc":"Quanto tempo leva para cada título aparecer",

	"SUSTAIN_TIME_title":"Tempo de sustentação",
	"SUSTAIN_TIME_desc":"Quanto tempo cada título permanece na tela",

	"REMOVE_TIME_title":"Remover tempo",
	"REMOVE_TIME_desc":"Quanto tempo demora cada título desaparecer?",

	"MAX_NEWS_title":"Notícias máximas para carregar",
	"MAX_NEWS_desc":"Notícias máximas para carregar de todas as fontes",

	"MAX_NEWS_SHOW_title":"Notícias máximas para mostrar",
	"MAX_NEWS_SHOW_desc":"Quantidade total de notícias para girar. Cada fonte recebe uma quantidade igual",

	"MIX_title":"Misturar títulos",
	"MIX_desc":"Títulos misturando. Se OFF, então os títulos serão mostrados na ordem das fontes na configuração",

	"the_end_burn": "Imagem brilhante",
	"the_end_door": "Abra a porta secreta",

	"hints_1": "Nós trabalhamos duro para fazer o P3DHack melhor!",
	"buy_premium": "Ver o Premium",
	"premium_buy_title": "Compre Premium",

	"Free_Crime_Spree_title":"Crime Spree Grátis",

	"unlock_all_tiers":"Desbloquear todos os níveis",
	"set_killzone":"Tapa no Player",

	"reduce_damage_all":"Receber 50% de dano",

	"killall_func":"Desabilitar todas as configurações",
	"IgnoreCivilians_title":"Ignorar civis",
	"IgnoreCameras_title":"Ignorar Câmeras",
	"IgnoreEnemies_title":"Ignorar Inimigos",
	"NoBagBodies_title":"Nenhum Saco de Corpo",

	"hide_text_title":"Desligar Todos Textos",
	"hide_text_desc":"Você quer desativar todas as menções ao P3DHack?",

	"reboard":"Tábuas Infinitas",
	"reboard_help":"Você pode usar infinitamente tábuas na janela",

	"mod_list_lite_title":"Lista light de Mod",
	"mod_list_lite_desc":"Corrige um problema com congelamento jogo quando você visualizando lista de BLT mods",

	"save_and_reload_title":"Salvar e Recarregar",
	"save_and_reload_desc":"Esta função irá ajudá-lo a aplicar instantaneamente alterações feitas no P3DHack",

	"P3DHack_Menu_title":"P3DHack Menu",
	"P3DHack_Menu_desc":"Funcionalidade rápida e conveniente em um só lugar",

	"hud_function":"HUD Funções",
	"hide_p3dhack_menu_desc":"Oculta P3DHack no menu principal",
	"Hide_Functions":"Ocultar Funções",
	"hide_smoke_title":"Ocultar smoke",
	"hide_logo_title":"Esconder Payday logo",
	"hide_pattern_title":"Ocultar Padrões",
	"hide_particles_title":"Ocultar Partículas",

	"Skip_Functions":"Funções de Skip",
	"Skip_Press_title":"Skip pressione Enter",

	"global_unavailable":"Indisponível",

	"helicopter":"Helicopter Mod",
	"autoshoot":"Autoshoot",
	"troll_activate_elements":"Ativar Elementos",
	"troll_open_doors":"Abrir Todas As Portas",
	"troll_close_doors":"Abrir Todas As Portas",
	"troll_open_vault":"Abrir Cofre",
	"troll_close_vault":"Fechar Cofre",
	"troll_remove_head":"Remover a Cabeça de Inimigos",
	"troll_invisible_spooks":"Tornar os Fantasmas Invisíveis",
	"troll_launch_cars":"Lançar Carros dos Jogadores Para o Ar",
	"troll_close_van_doors":"Fechar as Portas da Van",
	"troll_open_van_doors":"Abrir as Portas da Van",
	"rofl_drills":"Furadeira HueBr",

	"Speed_hack":"Hack de Velocidade",

	"melee_range":"Melee com Alcançe Longo",
	"melee_charge":"Carregar Melee Muito Rápido",
	"melee_no_delay":"Melee Muito Rápido",

	"thank_for_support":"Obrigado pelo suporte",
	"open_pm":"Enviar uma Mensagem Privada",
	"open_PD2Stats":"Abrir PD2Stats",
	"open_site":"Abrir Site",
	"open_crashlog":"Abrir Crashlog",

	"hider_title":"Ocultar mods",
	"hider_desc":"Você quer ocultar seus mods?",

	"hider_type_title":"O que ocultar?",
	"hider_type_desc":"Escolha o que você deseja ocultar",

	"Only_P3D":"Somente P3DHack",
	"All":"Todos mods",

	"Crosshair_title":"Mira",

	"specific_weapons_unlocker_title":"Desbloquear arma específica",
	"specific_weapons_unlocker_desc":"Dá acesso a armas especiais",

	"NewMenu_function":"Cheats Automático",

	"Dodge_Chance_Buff_title":"Dodge Chance",

	"Dodge_Chance_Buff_Amount_title":"Dodge Chance",
	"Dodge_Chance_Buff_Amount_desc":"0.1 = 10%, 1 = 100%",

	"Melee_Buff_title":"Buffar Dano Melee",
	"Melee_Buff_Amount_title":"Quantidade Multiplicador",

	"Unlimited_BodyBags_title":"BodyBags Ilimitados",
	"Jump_Mask_Off_title":"Pular sem a máscara",
	"Fast_Mask_title":"Máscara Rápida",
	"Infinite_Hostage_Follow_title":"Infinitos Reféns Para Lhe Seguir",
	"Interaction_CoolDown_title":"Interações sem Cooldown",

	"Sixth_Sense_Reset_title":"6th Sense",
	"Sixth_Sense_Reset_desc":"Apenas reinicia quando se move",

	"Bag_CoolDown_title":"Bag sem CoolDown",

	"Camera_Bag_Explosion_Multiplier_title":"Efeito da câmera durante a explosão",
	"Camera_Bag_Explosion_Multiplier_desc":"Você quer ativar Efeito da câmera durante a explosão?",

	"Camera_Bag_Explosion_Multiplier_Amount_title":"Quantidade Multiplicador",
	"Camera_Bag_Explosion_Multiplier_Amount_desc":"Padrão 4",

	"Explosion_Buff_title":"Buffar Dano de Todas Explosões",
	"Explosion_Buff_Amount_title":"Buffar Dano de Todas Explosões",

	"Lowered_Headbob_title":"Reduzir Head-bob",

	"Toggle_Interact_title":"Interagir",
	"Toggle_Interact_desc":"Você quer ativar Interagir? Não Precisa Mais Segurar F",

	"Grenade_Restrict_title":"Restringir Granadas em Stealth",
	"Grenade_Restrict_desc":"Você quer ativar Restringir Granadas em Stealth?",

	"Pager_Mod_title":"Aumentar o Número de Pager",
	"Pager_Mod_desc":"Aumenta o Número de Pagers em Mapas Disponíveis (Somente Host)",

	"Zipline_Drop_title":"Bags na Tirolesa",

	"Classic_Open_Door_title":"Opção Clássica de Abrir Todas as Portas",
	"Classic_Open_Door_desc":"Opção Clássica de Abrir Todas as Portas Pode Não \nFuncionar em Todos Lugares, Mas é Limitado a Portas Específicas",

	"New_Open_Door_title":"Nova Opção de Abrir Todas as Portas",
	"New_Open_Door_desc":"Nova Opção de Abrir Todas as Portas,\nAbre Todas as Portas Slecionáveis que Estão Bloqueadas, Cofres, Caixas de Depósito ETC.\nNo Qual a Opção Clássica Não Faz",

	"Anti_Cheat_Disable_title":"Desabilitar Anti-Cheat",
	"Anti_Cheat_Disable_desc":"Permite Gerar Bags e Muito Mais",

	"Secure_BodyBags_title":"Body Bags Valem Dinheiro",
	"Secure_BodyBags_desc":"Você quer ativar Body Bags Valem Dinheiro?",

	"Secure_BodyBags_Loot_Value_title":"Quantidade em Dinheiro",
	"Secure_BodyBags_Loot_Value_desc":"Quantidade em Dinheiro que Vai Valer Cada Body Bag",

	"No_Job_Heat_title":"Desabilitar Penalidades de Contratos Repetidos",
	"Job_Heat_Amount_title":"Define o Valor do Bônus do Contrato",
	"Job_Heat_Amount_desc":"Padrão 1.15 = 15%",

	"XP_Multiplier_title":"Multiplicador de XP",
	"XP_Multiplier_desc":"Você quer ativar Multiplicador de XP?",

	"XP_Multiplier_Amount_title":"Quantidade do Multiplicador de XP",
	"XP_Multiplier_Amount_desc":"Selecione o Valor Desejado",

	"othermenu_function":"Outros",

	"Rats_Message_title":"Meth Helper",
	"Rats_Message_desc":"Exibir Produto Químico Correto no Chat",

	"Delay_title":"Atraso Entre Os Ingredientes",
	"CookMeth_function":"Funções Cozinhar Metanfetamina",

	"troll_alarm":"Police Hotline",

	"alarm_crim":"Denunciar um Criminoso",
	"alarm_gun":"Denunciar Tiros Disparados",
	"alarm_exp":"Denunciar uma Explosão",
	"alarm_mon":"Denunciar um MONSTRO!",

	"delete_units":"Exclua todas as unidades sincronizadas do mapa",
	"mute_ply":"Mutar",
	"kick_all":"Kickar Todos",
	"crash_game":"Crashar Jogo",

	"Bullet_Penetration_func":"Balas Penetram com todas as Armas",
	"Bullet_Penetration_Shield_title":"Atirar através de escudos",
	"Bullet_Penetration_Enemy_title":"Atirar através de inimigos",
	"Bullet_Penetration_Wall_title":"Atirar através das paredes",
	"Skip_End_Screen_title":"Pular tela final",

	"other_menus":"Outros Menus",

	"Bag_mod_toggle":"Bag Mod",
	"change_statistic":"Alterar Estatísticas",

	"p3dtext_language_title" : "Linguagem",
	"dlc_title":"Desbloqueador de DLC[Cheater tag]",
	"skin_title":"Desbloqueador de Skin",
	"skin_armor_title":"Desbloqueador de Skin para Armadura",

	"noclip_title":"NoClip MOD",

	"rave_title":"Reféns Rápidos",
	"rave_desc":"Quer que os reféns corram mais rápido?",

	"antistop_title":"Anti-SlowMo",
	"antistop_desc":"Habilite se você não quer sofrer com uma TAG",

	"antistop_info_title":"Quem fez isto?",
	"antistop_info_desc":"Ative se quiser saber quem tentou atrasá-lo. Spam é possível",

	"slow_attention":"Atenção!",
	"slow_you":"Tentou atrasá-lo com velocidade",

	"change_statistic_total_kills_title":"Número total de Kills",
	"change_statistic_specials_kills_title":"Número de especial Kills",
	"change_statistic_head_shots_Amount_title":"Número de Head-Shots",
	"change_statistic_accuracy_Amount_title":"Porcentagem de precisão",
	"change_statistic_downs_Amount_title":"Número de Downs",

	"Language_text":"Todas Funções",
	"antistopthecheater_function":"Anti Stop The Cheater",
	"Main_function":"Funções principais",
	"Free_function":"Compra gratuita",
	"locator_function":"Localizador",
	"Keyboard_Auto_Config":"Execução automática dos Key Binds",
	"Auto_func":"Ativado automaticamente",
	"change_statistic_function":"Alterar Estatísticas",

	"text_in_game_title":"Texto no menu principal",
	"text_in_game_desc":"Gostaria de remover o texto do menu principal?",

	"Favors_title":"Pontos de planejamento",
	"Free_Assets_title":"Assets de Graça",
	"Free_Casino_title":"Compra de Cassino de Graça",
	"Free_Contracts_title":"Contratos de Graça",
	"Free_Masks_title":"Máscaras de Graça",
	"Free_PrePlanning_title":"Pré-Planejamento de Graça",
	"Free_Slots_title":"Slots para Armas e Máscaras de Graça",
	"Free_Weapons_title":"Armas de Graça",
	"Free_Weapon_Mods_title":"Weapons Mods de Graça",

	"Jumper_set_title":"Altura do Pulo",
	"No_FlashBang_title":"Sem FlashBangs",
	"No_Recoil_title":"Sem Recoil",
	"No_Spread_title":"Sem Spread",
	"Infinite_Stamina_title":"Estâmina Infinita",
	"Dropin_Pause_Remove_title":"Remover pausa",
	"Auto_Pick_Card_title":"Automaticamente pegar Carta",

	"X_Ray_title":"X-Ray",
	"X_Ray_desc":"Padrão é X",

	"Full_Replenish_title":"Reposição completa, Vida e Munição",
	"Full_Replenish_desc":"Padrão é Z",

	"Ammo_Replenish_title":"Reposição de Munição, Enche a Munição",
	"Ammo_Replenish_desc":"Padrão é C",

	"Vehicle_Spawn_title":"Spawn de Veículo",
	"Vehicle_Spawn_desc":"Padrão é V",

	"Grenade_Spawn_title":"Spawn de Granada",
	"Grenade_Spawn_desc":"Padrão é B",

	"Grenade_Spawn_Type_title":"Spawn de Granada Tipo",
	"Grenade_Spawn_Type_desc":"Seleciona o tipo de granada",

	"Hud_Toggle_title":"Desabilitar HUD",
	"Hud_Toggle_desc":"Padrão é F10",

	"Gage_Package_title":"Spawn Gage Packages",
	"Gage_Package_desc":"Padrão é \\",

	"Restart_Job_title":"Reiniciar Contrato",
	"Restart_Job":"Padrão é Num /",

	"Ultimate_Kill_title":"Matar Todos",
	"Ultimate_Kill_desc":"Padrão é Num *",

	"Auto_Drill_Service_desc":"Conserta automaticamente a Furadeira caso ela quebre",
	"Carry_Mod_desc":"Remove o peso de todas os Bags e munições explosivas",

	"Interact_Distance_Amount_title":"Distância da Interação",
	"Instant_Interact_With_Anything_desc":"Colocar tábuas nas janelas, ingredientes, Cartão de Acesso, sem possuir o Item.",

	"Weapon_Damage_Multiplier_Amount_title":"Multiplicador de Dano de Arma",
	"Weapon_Fire_Rate_Multiplier_title":"Buffar Fire Rate",

	"waypoints_showDistance" : "Mostrar Distância",
	"waypoints_showDistance_desc" : "Mostrar a distância até o Waypoint.",
	"waypoints_showGagePickups" : "Mostrar Gage Pickups",
	"waypoints_showGagePickups_desc" : "Mostrar Gage pickups no mapa.",
	"waypoints_showPlanks" : "Mostrar Tábuas",
	"waypoints_showPlanks_desc" : "Mostrar tábuas no mapa",
	"waypoints_showSmallLoot" : "Mostrar Loot pequeno",
	"waypoints_showSmallLoot_desc" : "Mostra o que é possivél pegar, como dinheiro solto ou jóias.",
	"waypoints_showCrates" : "Mostrar Caixas",
	"waypoints_showCrates_desc" : "Mostra caixa abrível, como as do Election Day.",
	"waypoints_showDoors" : "Mostrar Portas",
	"waypoints_showDoors_desc" : "Mostra um símbolo de cadeado em portas que requerem um Cartão de Acesso ou ECM para abrir.",
	"waypoints_showCameraComputers" : "Mostrar Sala de Câmeras",
	"waypoints_showCameraComputers_desc" : "Mostrar Onde Está a Sala de Câmeras",
	"waypoints_showDrills" : "Mostra locais da furadeira",
	"waypoints_showDrills_desc" : "Mosta onde você pode colocar uma furadeira .",
	"waypoints_showThermite" : "Mostrar Thermite",
	"waypoints_showThermite_desc" : "Mostra os locais de Thermite e onde pode usá-las.",
	"waypoints_showSewerManhole" : "Mostras tampas de bueiro de esgoto",
	"waypoints_showSewerManhole_desc" : "Mostra onde as tampas de bueiro de esgoto estão.",
	"waypoints_showHUDMessages" : "Mostrar mensagens na HUD",
	"waypoints_showHUDMessages_desc" : "Exibe várias informações em seu HUD sobre os waypoints.",
	"waypoints_makeNoise" : "Tocar Som",
	"waypoints_makeNoise_desc" : "Toca um som quando o Localizador é executado.",
	"waypoints_iterativeToggle" : "Escolha Interativa",
	"waypoints_iterativeToggle_desc" : "On significa que toda vez que você executar o Localizador.\nele encontrará o próximo waypoint disponível para mostrar.\nOff significa que ele mostrará todos os waypoints de uma só vez.",
	"waypoints_sheaterNewb" : "O que Restou",
	"waypoints_sheaterNewb_desc" : "Ativar isso vai mostrar um monte de coisas, como os Pé de cabra e máquinas de votação.",

	"main_menu_p3dhack" : "Menu principal",
	"main_menu_help_p3dhack" : "Abre o Menu Principal",
	"previous_menu_p3dhack" : "Menu anterior",
	"previous_menu_help_p3dhack" : "Abre o menu aberto anteriormente",
	"next_menu_p3dhack" : "Próxima Página",
	"next_menu_help_p3dhack" : "Abre a próxima página do menu aberto atualmente",
	"prew_menu_p3dhack" : "Página Anterior",
	"prew_menu_help_p3dhack" : "Abre a página anterior do menu aberto atualmente",
	"close_menu_p3dhack" : "Fechar Menu",
	"close_menu_help_p3dhack" : "Fechar o Menu",

	"global_host" : "Somente Host",
	"global_host_" : "Não Disponível (Somente Host)",
	"global_on" : "Ativado",
	"global_off" : "Desativado",
	"global_p3dhack" : "P3DHack",
	"global_premium" : "Somente Premium",

	"mouse_teleport" : "Teleportado",

	"num_jump" : "Pulo Alto",
	"num_kill" : "Todos Mortos",
	"num_pg_answer" : "PAGERS RESPONDIDOS",

	"main_menu_f1" : "MENU DO PLAYER",
	"fast_f1" : "SELEÇÃO RÁPIDA",
	"godmode" : "Modo DEUS",
	"godmode_help" : "Torne-se invencível",
	"friendfire" : "Fogo-Amigo",
	"friendfire_help" : "Ativar Fogo-Amigo",
	"modif_f1" : "MODIFICAÇÕES DO PLAYER",
	"drillservice" : "Furadeira Automática",
	"drillservice_help" : "Conserta a Furadeira Quando Ela Quebra",
	"carrymod" : "Carry Mod",
	"carrymod_help" : "Remove o peso de todas os Bags e munições explosivas",
	"carrycross" : "Carry Mod Mira",
	"carrycross_help" : "Joga a Bag onde você está com a mira. Ative isso primeiro para usar o CarryStacker",
	"spooccuffselfon" : "Cloakers Algemam Player",
	"spooccuffselfon_help" : "Cloakers só vão algemá-lo em vez de derrubar você",
	"infammobag" : "Ammo Bag Infinita",
	"infammobag_full_" : "Ammo Bag Infinita",
	"InfiniteSpecial_" : "Especial Infinito",
	"InfiniteSpecial_help" : "Especiais infinitos como Abraçadeiras, Tábuas, Etc.",
	"inf_converts" : "Converter Infinito",
	"carrystack" : "Carry Stacker",
	"carrystack_help" : "Permite carregar mais de uma Bag. Você sera marcados como CHEATER caso não seja o Host.",
	"carrylimit" : "Carry Stacker Limite de Peso",
	"carrylimit_help" : "Bags ficam mais leves, e você pode jogalas mais longe",
	"infdocbag" : "Doctor Bag Infinito",
	"infdocbag_full" : "Doctor Bag Infinito",
	"inf_ecm" : "Tempo do ECM infinito",
	"infmessiah" : "Messiah Charges Infinito",
	"inf_pager_answers" : "Respostas dos Pagers infinito",
	"instantdom" : "Dominação Instantânea",
	"instantdrill" : "Furadeira/Computador Instantâneos",
	"instantdrill_help" : "Pode ser ativado depois que a Furadeira(s) ou o Computador forem ativados",
	"intdist" : "Aumentar distância da Interação",
	"instantinteract" : "Interagir Instantaneamente",
	"instantinteract_help" : "Interage Instantaneamente com Lockpick, Resposta de Pagers, equipamentos ETC",
	"interactanyhting" : "Interagir com qualquer coisa",
	"interactwall" : "Interagir Através da Parede",
	"nohitdis" : "Hit não desorienta você",
	"smlootmulti" : "Multiplicador de Loot pequeno",
	"smlootmulti_help" : "Multiplicado por 3x, loot limitado á $ 2.800.000",
	"ZiplineBag" : "Transportar na Tirolesa",
	"ZiplineBag_help" : "Permite que você transporte Bags na Tirolesa",

	"infsentry" : "Sentry Gun Munição Infinita",
	"godsentry" : "Sentry Gun Modo DEUS",
	"BulletExplode" : "Bala Explode",
	"BulletFire" : "Bala Incendiária",
	"damagebuff" : "Buffar Dano",
	"fireratebuff" : "Firerate Louco",
	"infammo" : "Munição Infinita",

	"main_menu_f3" : "Menu Stealth",
	"mind_enemies_menu" : "Controle da Mente do Inimigo",
	"mind_civs_menu" : "Controle da Mento dos Civis",
	"pigsfly" : "Porquinhos Voadores",
	"copsquit" : "Políciais Lerdos",
	"drunkpigs" : "Porcos Bêbedos",
	"civdance" : "Fantoches de Dança",
	"civsmoke" : "Fumar Pode Matar",
	"civcower" : "Tirando um Soninho",
	"phonycivs" : "Com Medo",
	"main_menu_f3_1" : "MENU STEALTH",
	"cops_dont_shoot" : "Políciais Não Atiram",
	"cops_dont_shoot_help" : "Políciais Não Atiram em Você",
	"disable_cams" : "Desabilitar Câmeras",
	"disable_pagers" : "Desabilitar Resposta de Pagers",
	"free_kill" : "Matar Civis Livre",
	"pagedom" : "Sem Resposta de Pagers Dominados",
	"pagedom_help" : "Se Quiser usar Junto a Dominação Instantânea, Essa Opção DEVE ser Ativada Primeira, Para que Ambos Funcionem",
	"prevent_panic_buttons" : "Nenhum Botão de Pânico/Alarme",
	"people_dont_call_police" : "Pessoas Não Chamam a Policia",
	"lobai" : "Desabilitar IA",
	"randompage" : "Pagers Aleatórios",
	"randompage_help" : "Ativa Pagers Aleatórios",
	"steal_pagers_on_melee" : "Steal Pagers",
	"steal_pagers_on_melee_help" : "Desabilita Resposta de Pagers Quando Você o Mata Com Uma Arma Melee",
	"unlmessiah" : "DESBLOQUEAR MESSIAH CHARGES",
	"convertall" : "Converter Todos Inimigos",
	"convertall_full" : "Todos Inimigos Convertidos",
	"remote_camera" : "Acesso Remoto da Câmera",

	"main_menu_f4" : "Menu Manipulador de Missão",
	"bettyboom" : "Betty Boom",
	"bettyboom_full" : "BOTS EXPLOSIVOS",
	"bettyboom_help" : "IA Flutua Quando Morto",
	"dirtymoney" : "Drop de Dinheiro",
	"dirtymoney_help" : "Dropa 2 Bags de Ouro Quando um IA Morre",
	"autocook" : "Rats Cozinhar Automaticamente",
	"autocook_full" : "COZINHAR-AUTOMATICAMENTE",
	"autocook_help" : "Automaticamente Cozinha nos Mapas Rats Day 1 e Cook Off, Deve Ter os Produtos Químicos Para Continuar a Cozinhar",
	"m_info" : "OPÇÕES",
	"civil" : "Alertar Civis",
	"civil_help" : "Intimida Todos Civis, Presione Várias Vezes Para Eles Deitarem no Chão",
	"instaboardst" : "Colocar Tábuas nas Janelas",
	"instaboardst_help" : "Coloca Tábuas em Todas Janelas Disponíveis",
	"cutglass" : "Corte Todos os Vidros",
	"heistintel" : "Gerar Informações Sobre o Trem",
	"heistintel_help" : "Só Pode Ser Gerador em Heists de Transporte",
	"heistintel_only" : "Somente Missões de Transporte",
	"getpatht" : "Obter Item/Continuar Missão",
	"getpatht_help" : "Deve Habilitar o CarryStacker, Pega Todos os Itens necessários Para Continuar a Missão",
	"grabcourier" : "Pegar Todos Gage Packages",
	"grabcourier_help" : "Pega Todos Gage Packages Disponíveis no Mapa",
	"grabgear" : "Pegar Engrenagem",
	"grabgear_help" : "Pressione Duas Vezes Para Pegar a Engrenagem",
	"grabgear_only" : "Somente Golden Grin Casino",
	"anticheat_info" : "ANTI-CHEAT",
	"anticheat" : "Desabilita o Anti-Cheat",
	"anticheat_help" : "Ativa ou Desativa o Anti-Cheat Para o Host/Cliente",
	"InstantHackAll" : "Hackear Todos Sistemas Elétricos",
	"InstantHackAll_help" : "Hackear Todos Computadores, Teclados, Telefones e Disjuntores ",
	"GrabDiamond" : "Pegar Diamante Instantaneamente",
	"GrabDiamond_help" : "Pressione Duas Vezes Para Pegar o Diamante",
	"GrabDiamond_only" : "Somente The Diamond",
	"instanthackmachines" : "Hackear e Abrir Instantaneamente as Máquinas de Votação ",
	"instanthackmachines_only" : "Somente Election Day Warehouse",
	"opencrate" : "Abrir Todas as Caixas",
	"opencrate_help" : "Você Pode Fechar Caixas Disponíveis Também",
	"bankbuster" : "Abrir Todas as Caixas de Depósito",
	"picklockst" : "Abra Todas as Portas e Janelas",
	"picklockst_help" : "Isto Não Abre Portas De Segurança",
	"picklockst1" : "Abre Todos Os Bloqueios Pick",
	"picklockst1_help" : "Abre Todos As Fechaduras Incluindo Caixas De Depósito, Isso Não Abre Portas De Segurança",
	"c4open" : "Abra Todas As Portas E Cofres Com C4.",
	"jobwin_jobloss" : "GANHAR/PERDER OPÇÕES",
	"jobloss" : "Perder Instantaneamente",
	"jobwin" : "Ganhar Instantaneamente",
	"ecmopen" : "Abrir Todas Portas com ECM",
	"usekeycardt" : "Abrir Todas Portas Com Cartão De Acesso",
	"usekeycardt_help" : "Abrir Qualquer Porta Que Usa Cartão De Acesso, Incluindo Salas De Segurança",
	"xmaspresent" : "Abrir Todos Presentes",
	"xmasflare" : "Colocar/Incendiar Flare",
	"DrillAll" : "Iniciar/Consertar Furadeira(s)",
	"DrillAll_help" : "Inicia ou Conserta Qualquer Furadeira Disponível",
	"takeintel" : "Pegar Todas Informações",
	"takeintel_help" : "Tecle Duas Vezes Para Informações Em Cofres",
	"instanttie" : "Amarrar Todos Civis",
	"instanttie_help" : "Deve Alertar Todos Os Civis Antes De Ativar",
	"heistintel_info" : "A Inteligência De Poezede Está Em Seus Pés.",
	"civilsdown_info" : "Todos Civis Deitados",
	"c4open_info" : "Todas Portas Explodidas Com C4",
	"grabgear_info" : "Você Pegou a Engrenagem",
	"xmasflare_info" : "Flare Colocado/Incendiado",
	"xmaspresent_info" : "Todos Presentes Abertos",
	"ecmopen_info" : "Todas Portas De Segurança Abertar Com ECM",
	"getpatht_info" : "Item Da Missão Adquirido",
	"grabcourier_info" : "Todos Gage Packages Pegados",
	"takeintel_info" : "Todas As Informações Foram Pegadas",
	"takeintel1_info" : "INFORMAÇÕES",
	"InstantHackAll_info" : "Todos Disjuntores/Caixas Foram Hackeadas E Abertas",
	"cutglass_info" : "Todos Vidros Cortados",
	"instanthackmachines_info" : "Todas Máquinas De Votação Foram Abertar E Hackeadas",
	"instanttie_info" : "Todos Civis Amarrados",
	"usekeycardt_info" : "Portas Abertas Com Cartão De Acesso",
	"opencrate_info" : "Todas Caixas Abertas",
	"GrabDiamond_info" : "Diamante Adquirido",
	"picklockst_info" : "Todas Janelas E Portas Abertas",
	"picklockst1_info" : "Todas Fechaduras Abertas",
	"bankbuster_info" : "Todas Caixas De Depósitos Abertas",
	"DrillAll_info" : "Furadeira(s) Colocadas:/Consertadas",
	"instaboardst_info" : "Todas Janelas Tampadas com Tábuas",

	"main_menu_f5" : "Menu do Inventário",
	"main_menu_f5_text1" : "Adicionar Item - Selecione Um Item",
	"main_menu_f5_text2" : "Menu Loot Bag - Selecione Uma Bag",
	"main_menu_f5_text3" : "Menu Equipamento Bag - Selecione Uma Bag",
	"main_menu_f5_text4" : "Menu Big Oil Engrenagem - Selecione Uma Engrenagem",
	"add_items_menu" : "Menu Adicionar Itens Ao Inventário",
	"fugas_f5" : "BALAS EXPLOSIVAS",
	"spawn_f5" : "MENU BAG SPAWN",
	"engine_menu" : "Menu Big Oil Engrenagem",
	"equipment_menu_f5" : "Menu Equipamento Bag",
	"loot_menu_f5" : "Menu Loot Bag",
	"main_menu_f5_text5" : "OPÇÕES DE SPAWN",
	"main_menu_f5_text6" : "De Uma Bag Para Si",
	"main_menu_f5_text7" : "Chover Bags",
	"main_menu_f5_text7_help" : "Não Spawnar, Causara Crash",
	"main_menu_f5_text8" : "Spawnar Na Mira",
	"main_menu_f5_text12" : "OPÇÕES DE BAG",
	"main_menu_f5_text9" : "Pegar Todos Os Corpos",
	"main_menu_f5_text9_help" : "Apenas ​Bags Bodies",
	"main_menu_f5_text10" : "Saco De Munição Explosivo",
	"main_menu_f5_text10_help" : "Faça Com Que Os Sacos De Munição Sejam Explosivos",
	"main_menu_f5_text11" : "Pegar Todas Bags",
	"main_menu_f5_text11_help" : "Carrystacker Deve Ser Ativado Ou As Bags Serão Excluídas",
	"main_f5_text" : "ITENS GERAIS",
	"cable_tie" : "Abraçadeiras",
	"organs" : "Órgãos",
	"add_items_menu_f5" : "PRODUTOS QUÍMICOS RATS/HOTLINE MIAMI",
	"add_items_menu_f5_" : "CÓDIGOS DE BARRA HOTLINE MIAMI",
	"add_items_menu_f5__" : "ITENS HOXTON BREAKOUT",
	"add_items_menu_f5___" : "ITENS GOLDEN GRIN CASINO",

	"main_menu_f6" : "Menu Dinheiro",
	"main_menu_f6_text1" : "Super Loot Giver 69000",
	"main_menu_f6_text2" : "OPÇÕES SEGURAS/MENU",
	"takeloot" : "Pegar Todos Loot",
	"takeloot_help" : "Deve Ativar CarryStacker, Em White Xmas Pressione Duas Vezes",
	"InteractType" : "Pegar Todo Loot Pequeno",
	"OpenAtm" : "Abra Todos Os Caixas Eletrônicos E Pegue Todo O Conteúdo",
	"OpenAllLoot" : "Abra Todos os Caixas, Cofres e Gavetas de Dinheiro",
	"main_menu_f6_text3" : "Menu De Loot Seguro",
	"securesmloot" : "Loot Pequeno Seguro",
	"main_menu_f6_text4" : "Todos Pequenos Loots Pegos",
	"main_menu_f6_text5" : "Loot Pequeno Seguro",

	"main_menu_f7" : "Menu De Tempo De Interação",
	"main_menu_f7_text1" : "TEMPO DE INTERAÇÃO (DIMINUI EM 3 SEGUNDOS.)",
	"InteractDrillJam" : "Furadeira Upgrade/Consertar",
	"InteractECMJam" : "Tempo Para Colocar O ECM",
	"InteractPager" : "Tempo Para Responder Pagers",
	"InteractPickLock" : "Tempo Fechadura",
	"InteractRevive" : "Tempo para Reviver Player",

	"main_menu_f8" : "Menu Troll",
	"main_menu_f8_text1" : "Trollar Outros Players",
	"main_menu_f8_text2" : "Trollar Você Mesmo",
	"main_menu_f8_player" : "Troll",
	"main_menu_f8_text3" : "MENUS PLAYER TROLL",
	"main_menu_f8_text4" : "Trollar Com Outros Players",
	"main_menu_f8_text5" : "OPÇÕES DE TROLLAR EQUIPE",
	"syncbleedall" : "Sangrar Todos Os Jogadores",
	"synccuffall" : "Algeme Todos Os Players",
	"syncincaall" : "Incapacite Todos Os Players",
	"synctaseall" : "Taser Em Todos Os Players",
	"main_menu_f8_text6" : "TROLLAR PLAYER ESPECÍFICO",
	"main_menu_f8_text7" : "Outros",
	"releaseteam" : "Libere Todos Os Players Da Prisão",
	"sendalltojail_team" : "Jogue Todos Os Players Na Prisão",
	"main_menu_f8_text8" : "Trollar Você Mesmo",
	"main_menu_f8_text9" : "OPÇÕES PRÓPRIAS",
	"stateblood" : "Sangrando",
	"statecuffs" : "Algemado",
	"stateinca_me" : "Incapacitado",
	"stateinca" : "Incapacitar",
	"statetased" : "Taser",
	"releaseme" : "Solte-Me Da Prisão",
	"lockmeup" : "Me Jogue Na Prisão",
	"main_menu_f8_text10" : "Dar Ammo Bag",
	"giveammoto" : "Dar Ammo Bag",
	"givemedikito" : "Dar Medkit",
	"main_menu_f8_text11" : "OPÇÕES DE ESTADO DO JOGADOR",
	"main_menu_f8_text12" : "OPÇÕES DE PRISSÃO/TELEPORTE",
	"syncreleaseply2" : "Solte-Me Da Prisão",
	"sendalltojail" : "Me Jogue Na Prisão",
	"teleporttoply" : "Teleportar Para O Player",
	"syncforceengine" : "Forçar Carry Engine",
	"main_menu_f8_text13" : "OPÇÕES",
	"depositfill" : "Preencher Caixas De Depósitos",
	"depositfill_help" : "PREENCHE CAIXAS DE DEPÓSITOS COM OURO E DINHEIRO, NÃO FUNCIONA EM TODOS LEVEIS",
	"openvault" : "Abrir A Porta Do Cofre",
	"openvault_help" : "Abrir A Porta do Cofre, Não Funciona em Todos Cofres.",
	"overdrill" : "Ativar O Overdrill Da Porta Do Cofre",
	"overdrill_help" : "ATIVA O OVERDRILL DA PORTA DO COFRE",
	"main_menu_f8_text14" : "Porta do Cofre Aberta",
	"main_menu_f8_text15" : "Caixas De Depósito Preenchidas",
	"main_menu_f8_text16" : "Permanecer",
	"I_am_best" : "Alterar Estatísticas",
	"cops_to_bulld" : "Policiais Mortos Viram Bulldozers",
	"replace_cops" : "Substitua Todos Os Policiais Por Bulldozers",
	"tm_gm" : "Ativar Modo DEUS Para Sua Equipe",
	"invisible_player" : "Invisibilidade",

	"main_menu_f10" : "Menu Pré-jogo",
	"infamy_level_menu" : "Menu Infâmia",
	"infamy_points_menu" : "Menu Infâmia",
	"inventory_menu" : "Menu Invetário",
	"clear_inventory_menu" : "Menu Limpar Inventário",
	"add_inventory_menu" : "Menu Adicionar Ao Inventário",
	"level_menu" : "Menu Level",
	"money_menu" : "Menu Dinheiro",
	"skill_menu" : "Menu Skills",
	"perk_menu" : "Menu Perks",
	"add_achieve_menu" : "Menu Adicionar COnquista",
	"rem_achieve_menu" : "Menu Remover Conquista",
	"continental_coins_menu" : "Menu Continental Coins",
	"main_menu_f10_text1" : "MENUS",
	"main_menu_f10_text4" : "Opções DE LEVEL DE INFÂMIA",
	"main_menu_f10_text5" : "Menu De Pontos De Infâmia",
	"main_menu_f10_text8" : "Opções DE PONTOS DE INFÂMIA",
	"main_menu_f10_text9" : "Menu Inventário",
	"un1" : "Opções de Desbloqueio",
	"un2" : "Desbloquear Todos Os Itens",
	"un3" : "Desbloquear Todos Os Slots",
	"un4" : "Desbloquear Todas As Cores",
	"un5" : "Desbloquear Todas As Máscaras",
	"un6" : "Desbloquear Todos Materiais",
	"un7" : "Desbloquear Todas Texturas",
	"un8" : "Desbloquear Todas Armas",
	"un9" : "Desbloquear Todas Conquistas",
	"un10" : "Outros",
	"un11" : "Remover Marca De Exclamação De Item Novo",
	"un12" : "Opções de Desbloqueio (DLC)",
	"un13" : "Desbloquear Todos Mods De Armas",
	"del1" : "EXCLUIR SLOTS INDIVIDUAIS",
	"del2" : "Excluir Todos Slots De Máscaras",
	"del3" : "Excluir Todos Slots De Armas Primárias",
	"del4" : "Excluir Todos Slots De Armas Secundárias",
	"del5" : "EXCLUIR OU BLOQUEAR TODOS SLOTS E ITENS",
	"del6" : "Excluir Todos Itens",
	"del7" : "Excluir Todos Slots",
	"del8" : "Bloquear Todos Itens",
	"del9" : "EXCLUIR ITENS INDIVIDUAIS",
	"del10" : "Excluir Todas Cores",
	"del11" : "Excluir Todas Máscaras",
	"del12" : "Excluir Todos Materias",
	"del13" : "Excluir Todos Modelos",
	"del14" : "Excluir Todos Mods De Armas",
	"add_item1" : "ADICIONAR 1 DE CADA ITEM",
	"add_item2" : "ADICIONAR 1 DE TODAS CORES",
	"add_item3" : "ADICIONAR 1 DE TUDO",
	"add_item4" : "ADICIONAR 1 DE TODAS MÁSCARAS",
	"add_item5" : "ADICIONAR 1 DE TODOS MATERIAIS",
	"add_item6" : "ADICIONAR 1 DE TODOS MODELOS",
	"add_item7" : "ADICIONAR 1 DE TODOS MODS DE ARMAS",
	"add_item8" : "ADICIONAR 5 DE CADA ITEM",
	"add_item9" : "ADICIONAR 5 DE TODAS CORES",
	"add_item10" : "ADICIONAR 5 DE TUDO",
	"add_item11" : "ADICIONAR 5 DE TODAS MÁSCARAS",
	"add_item12" : "ADICIONAR 5 DE TODOS MATERIAIS",
	"add_item13" : "ADICIONAR 5 DE TODOS MODELOS",
	"add_item14" : "ADICIONAR 5 DE TODOS MODS DE ARMAS",
	"add_money" : "Menu Dinheiro",
	"add_money1" : "OPÇÕES DE RESETAR DINHEIRO",
	"add_money2" : "Resetar Dinheiro",
	"add_money3" : "ADICIONAR DINHEIRO",
	"add_money4" : "Adicionar 1 Milhão Em Dinheiro + 4 Milhões Offshore",
	"add_money5" : "Adicionar 10 Milhões Em Dinheiro + 40 Milhões Offshore",
	"add_money6" : "Adicionar 100 Milhões Em Dinheiro + 400 Milhões Offshore",
	"add_money7" : "Adicionar 1 Bilhão Em Dinheiro + 4 Bilhões Offshore",
	"add_money8" : "Adicionar 1 Milhão Em Dinheiro",
	"add_money9" : "Adicionar 10 Milhões Em Dinheiro",
	"add_money10" : "Adicionar 100 Milhões Em Dinheiro",
	"add_money11" : "Adicionar 1 Bilhão Em Dinheiro",
	"add_skill1" : "SKILLS",
	"add_skill3" : "Desbloquear Todos Skills",
	"add_skill4" : "OPÇÕES DE PONTOS DE SKILLS",
	"add_perk" : "OPÇÕES DE PERKS",
	"add_perk1" : "Resetar Pontos De Perks",
	"add_perk2" : "Desbloquear Todas As Perks",
	"add_perk3" : "OPÇÕES DE PONTOS DE PERKS",
	"add_continental" : "Adicionar 1 Continental Coins",
	"add_achievement" : "OPÇÕES DE CONQUISTAS",
	"add_achievement2" : "Adicionar Conquistas Individuais",
	"add_achievement3" : "Remover Conquistas Individuais",
	"add_achievement4" : "Bloquear Todas Conquistas",
	"add_achievement5" : "Desbloquear Todas Conquistas",
	"ai_menu3" : "Cloaker Sò Algemam IA",
	"text_f10_1" : "Menu Contratos",
	"text_f10_4" : "OPÇÕES DE PRÉ-JOGO",
	"dontwait" : "Forçar Inicio",
	"dontwait_help" : "Força O Iniciar O Jogo, Não É Precisso Esperar",
	"getemall" : "Desbloquear Assets",
	"text_f10_5" : "OPÇÕES EM JOGO",
	"text_f10_12" : "Body Bags Valem Dinheiro",
	"text_f10_13" : "Switch interaction",
	"text_f10_3с_1" : "Restringir Granada",
	"text_f10_3с_1_help" : "Restringe Granadas Enquanto Estiver Em Stealth",
	"text_f10_3с_2" : "Sem Tempo Para Escapar",
	"text_f10_3с_6" : "Pager Mod",
	"text_f10_3с_6_help" : "Aumenta A Quantidade De Pagers",
	"text_f10_3с_10" : "Multiplicador de XP",
	"text_f10_3с_10_help" : "Multiplicar Xp Ganho Por 2x, Deve Ser Ativado A Cada Mapa Que For Jogar",
	"text_f10_3с_11" : "HUD ATIVADA",

	"menu_f11_main_menu" : "Menu Ajuda",
	"menu_f11_teg_menu" : "Por Que Eu Sou Marcado Com A Tag Cheater",
	"menu_f11_teg2_menu" : "Por Que Eu Sou Marcado Com A Tag Cheater",
	"menu_f11_teg_reset" : "Como Remover a Tag CHEATER",
	"menu_f11_ingame_menu" : "Botões Em Jogo",
	"menu_f11_inmain_menu" : "Botões Do Menu Principal",
	"menu_f11_text1" : "Por que eu tenho tag CHEATER",
	"menu_f11_text2" : "Espero que alguém a leia",
	"menu_f11_text3" : "Tag aparece ao usar estas opções:",
	"menu_f11_text4" : "      Desbloqueador de DLC e usar Itens de Conquistas",
	"menu_f11_text5" : "      Alterar o equipamento",
	"menu_f11_text6" : "      Carregar mais bags, quando você não é o Host",
	"menu_f11_text7" : "      Recarregar Granadas",
	"menu_f11_text8" : "      Usar Skills Extras",
	"menu_f11_text9" : "      Desbloqueador de Skin, quando a Skin contém DLCs que você não possui",
	"menu_f11_text10" : "      Experiência extra usando F10/Constantemente/",
	"menu_f11_text11" : "Por que eu tenho tag CHEATER /Parte 2/",
	"menu_f11_text12" : "Espero que alguém a leia",
	"menu_f11_text13" : "Tag aparece ao usar estas opções:",
	"menu_f11_text14" : "      Usar Skills Extras",
	"menu_f11_text15" : "      Obtendo nível de infâmia sem ter pontos de experiência suficientes /Constantemente/",
	"menu_f11_text16" : "      Obtendo nível de infâmia sem um único Heist concluído /Constantemente/",
	"menu_f11_text_del1" : "Como Remover a Tag CHEATER",
	"menu_f11_text_del2" : "Espero que alguém a leia",
	"menu_f11_text_del3" : "A Tag pode ser temporária ou permanente",
	"menu_f11_text_del4" : "Acesse PD2Stats, Insira o link para sua conta, a TAG será marcada com vermelho",
	"menu_f11_text_del5" : "Se a Tag é temporária, pode ser facilmente removida",
	"menu_f11_text_del6" : "Remover a pirataria DLC/Skins, e a Tag será removida",
	"menu_f11_text_del7" : "Constantemente",
	"menu_f11_text_del8" : "Tente remover a pirataria usando F10 e aguarde um pouco",
	"menu_f11_text_del9" : "Se nada acontecer, va para Settings > Clear progress",
	"menu_f11_text_prem9" : "Pressione aqui para ver mais",
	"menu_f11_text_bu1" : "Botões Em Jogo",
	"menu_f11_text_bu2" : "Modificações Do Player",
	"menu_f11_text_bu3" : "Modificações Das Armas",
	"menu_f11_text_bu4" : "Menu Stealth",
	"menu_f11_text_bu5" : "Editar Missão",
	"menu_f11_text_bu6" : "Adicionar Itens Ao Inventário",
	"menu_f11_text_bu7" : "Dinheiro",
	"menu_f11_text_bu8" : "Tempo De Interação",
	"menu_f11_text_bu9" : "Menu Troll /Premium/",
	"menu_f11_text_bu10" : "Desabilitar HUD",
	"menu_f11_text_bu11" : "Botões Do Menu Principal",
	"menu_f11_text_bu13" : "Menu Ajuda /Sinta-Se à vontade!/",
	"menu_f11_text_bu14" : "Selecionar Contrato",
	"menu_f11_text_bu15" : "Editar Personagem",
	"menu_f11_text_dop1" : "Adicional",

	"main_menu_num" : "Menu Spawn",
	"spawn_menu" : "Spawn Inimigos/Aliados",
	"spawn_on_self_unt" : "Spawn Unidades",
	"spawn_on_self_spec_unt" : "Spawn Unidades Especiais",
	"spawn_on_self_gensec_unt" : "Spawn Elite Gensec",
	"spawn_on_self_unt_frnd" : "Spawn Aliados",
	"spawn_on_self_spec_unt_frnd" : "Spawn Aliados Especiais",
	"spawn_on_self_gensec_unt_frnd" : "Spawn Elite Gensec Aliado",
	"spawn_frnd" : "Spawn Civil",
	"spawn_band" : "Spawn Bandido",
	"spawn_equipment" : "Spawn Equipamento Na Mira",
	"spawn_lootmode" : "Spawn Loot / Objetos / Veículo na Mira",
	"spawn_menu_1_1" : "Inimigos E Aliados",
	"spawn_menu_1_2" : "Somente quando possível",
	"spawn_menu_bandit" : "Bandido",
	"FR_1" : "Bandido",
	"FRFR1" : "Elite GENSEC",
	"FRFR4" : "LMG Bulldozer",
	"FRP1" : "Shield",
	"FRP3" : "Cloaker",
	"FRP4" : "Sniper",
	"FRP6" : "Taser",
	"FRP7" : "Bulldozer",
	"FR0" : "Policial",
	"FR4" : "Forças Especiais",
	"FR6" : "Forças Especiais Blindado",
	"FR7" : "FBI",
	"FR9" : "FBI Blindado",
	"FR10" : "Guarda de Segurança"
}